source,component,duration_us
runtime,fast_path,5.709
runtime,fast_path,10.042
runtime,fast_path,9.209
runtime,fast_path,33.833
runtime,fast_path,35.333
runtime,fast_path,5.208
runtime,fast_path,31.375
runtime,fast_path,25.458
runtime,fast_path,5.458
runtime,fast_path,25.666
runtime,fast_path,20.833
runtime,fast_path,5.167
runtime,fast_path,24.459
runtime,fast_path,22.875
runtime,fast_path,4.375
runtime,fast_path,9.083
runtime,fast_path,23.542
runtime,fast_path,4.625
runtime,fast_path,23.000
runtime,fast_path,6.167
runtime,fast_path,26.125
runtime,fast_path,24.167
runtime,fast_path,6.500
runtime,fast_path,29.375
runtime,fast_path,4.292
runtime,fast_path,3.125
runtime,fast_path,24.708
runtime,fast_path,18.917
runtime,fast_path,20.542
runtime,fast_path,20.959
runtime,fast_path,15.375
runtime,fast_path,5.917
runtime,fast_path,23.917
runtime,fast_path,5.709
runtime,fast_path,19.208
runtime,fast_path,22.667
runtime,fast_path,5.167
runtime,fast_path,30.208
runtime,fast_path,3.583
runtime,fast_path,19.042
runtime,fast_path,22.583
runtime,fast_path,22.750
runtime,fast_path,3.709
runtime,fast_path,28.500
runtime,fast_path,24.834
runtime,fast_path,4.583
runtime,fast_path,29.875
runtime,fast_path,6.917
runtime,fast_path,5.166
runtime,fast_path,27.459
runtime,fast_path,5.417
runtime,fast_path,23.500
runtime,fast_path,3.334
runtime,fast_path,20.458
runtime,fast_path,3.875
runtime,fast_path,3.375
runtime,fast_path,20.833
runtime,fast_path,20.709
runtime,fast_path,4.750
runtime,fast_path,20.084
runtime,fast_path,4.416
runtime,fast_path,22.167
runtime,fast_path,5.250
runtime,fast_path,19.500
runtime,fast_path,3.875
runtime,fast_path,19.208
runtime,fast_path,8.167
runtime,fast_path,30.709
runtime,fast_path,19.917
runtime,fast_path,4.375
runtime,fast_path,17.500
runtime,fast_path,4.959
runtime,fast_path,18.625
runtime,fast_path,3.208
runtime,fast_path,17.000
runtime,fast_path,4.375
runtime,fast_path,7.792
runtime,fast_path,21.542
runtime,fast_path,3.583
runtime,fast_path,23.792
runtime,fast_path,3.833
runtime,fast_path,23.709
runtime,fast_path,21.042
runtime,fast_path,23.917
runtime,fast_path,18.667
runtime,fast_path,5.459
runtime,fast_path,16.750
runtime,fast_path,4.416
runtime,fast_path,2.875
runtime,fast_path,18.000
runtime,fast_path,24.000
runtime,fast_path,5.375
runtime,fast_path,15.708
runtime,fast_path,3.417
runtime,fast_path,17.292
runtime,fast_path,4.334
runtime,fast_path,2.125
runtime,fast_path,23.875
runtime,fast_path,12.542
runtime,fast_path,17.334
runtime,fast_path,2.667
runtime,fast_path,3.875
runtime,fast_path,17.625
runtime,fast_path,5.541
runtime,fast_path,19.209
runtime,fast_path,19.500
runtime,fast_path,3.959
runtime,fast_path,19.500
runtime,fast_path,16.375
runtime,fast_path,4.542
runtime,fast_path,15.958
runtime,fast_path,4.083
runtime,fast_path,13.291
runtime,fast_path,2.958
runtime,fast_path,15.208
runtime,fast_path,3.958
runtime,fast_path,23.500
runtime,fast_path,18.792
runtime,fast_path,5.334
runtime,fast_path,23.542
runtime,fast_path,4.209
runtime,fast_path,16.542
runtime,fast_path,20.708
runtime,fast_path,4.458
runtime,fast_path,16.375
runtime,fast_path,3.833
runtime,fast_path,2.416
runtime,fast_path,18.083
runtime,fast_path,5.083
runtime,fast_path,5.625
runtime,fast_path,15.958
runtime,fast_path,21.833
runtime,fast_path,4.083
runtime,fast_path,16.208
runtime,fast_path,4.000
runtime,fast_path,17.709
runtime,fast_path,3.750
runtime,fast_path,19.042
runtime,fast_path,3.708
runtime,fast_path,18.291
runtime,fast_path,17.208
runtime,fast_path,4.708
runtime,fast_path,22.166
runtime,fast_path,6.292
runtime,fast_path,19.416
runtime,fast_path,18.667
runtime,fast_path,19.250
runtime,fast_path,5.333
runtime,fast_path,13.666
runtime,fast_path,24.583
runtime,fast_path,4.500
runtime,fast_path,20.917
runtime,fast_path,21.167
runtime,fast_path,21.083
runtime,fast_path,5.250
runtime,fast_path,17.792
runtime,fast_path,21.625
runtime,fast_path,18.292
runtime,fast_path,16.708
runtime,fast_path,20.375
runtime,fast_path,20.875
runtime,fast_path,17.583
runtime,fast_path,3.875
runtime,fast_path,21.291
runtime,fast_path,18.542
runtime,fast_path,17.875
runtime,fast_path,6.292
runtime,fast_path,15.417
runtime,fast_path,5.208
runtime,fast_path,16.833
runtime,fast_path,18.875
runtime,fast_path,16.583
runtime,fast_path,5.375
runtime,fast_path,16.833
runtime,fast_path,4.291
runtime,fast_path,19.209
runtime,fast_path,6.167
runtime,fast_path,18.333
runtime,fast_path,3.833
runtime,fast_path,19.667
runtime,fast_path,22.042
runtime,fast_path,19.750
runtime,fast_path,16.708
runtime,fast_path,4.791
runtime,fast_path,21.709
runtime,fast_path,3.333
runtime,fast_path,14.708
runtime,fast_path,17.583
runtime,fast_path,4.500
runtime,fast_path,19.834
runtime,fast_path,4.583
runtime,fast_path,16.167
runtime,fast_path,22.667
runtime,fast_path,19.083
runtime,fast_path,18.917
runtime,fast_path,4.917
runtime,fast_path,17.084
runtime,fast_path,4.042
runtime,fast_path,2.917
runtime,fast_path,16.208
runtime,fast_path,3.458
runtime,fast_path,22.417
runtime,fast_path,18.167
runtime,fast_path,19.625
runtime,fast_path,5.042
runtime,fast_path,22.542
runtime,fast_path,4.334
runtime,fast_path,19.125
runtime,fast_path,4.959
runtime,fast_path,25.125
runtime,fast_path,5.042
runtime,fast_path,7.209
runtime,fast_path,4.667
runtime,fast_path,19.958
runtime,fast_path,21.834
runtime,fast_path,32.625
runtime,fast_path,6.375
runtime,fast_path,3995.042
runtime,fast_path,5.500
runtime,fast_path,4.375
runtime,fast_path,20.250
runtime,fast_path,2.834
runtime,fast_path,3.458
runtime,fast_path,20.500
runtime,fast_path,17.167
runtime,fast_path,4.250
runtime,fast_path,20.041
runtime,fast_path,8.667
runtime,fast_path,22.459
runtime,fast_path,4.833
runtime,fast_path,19.958
runtime,fast_path,4.500
runtime,fast_path,21.208
runtime,fast_path,22.792
runtime,fast_path,4.292
runtime,fast_path,2.875
runtime,fast_path,22.750
runtime,fast_path,3.875
runtime,fast_path,4.666
runtime,fast_path,19.250
runtime,fast_path,4.334
runtime,fast_path,4.417
runtime,fast_path,18.292
runtime,fast_path,4.709
runtime,fast_path,19.584
runtime,fast_path,18.291
runtime,fast_path,18.083
runtime,fast_path,17.291
runtime,fast_path,4.166
runtime,fast_path,18.709
runtime,fast_path,25.541
runtime,fast_path,17.416
runtime,fast_path,20.167
runtime,fast_path,4.333
runtime,fast_path,5.083
runtime,fast_path,17.916
runtime,fast_path,18.834
runtime,fast_path,4.416
runtime,fast_path,15.333
runtime,fast_path,17.958
runtime,fast_path,16.167
runtime,fast_path,19.750
runtime,fast_path,4.167
runtime,fast_path,18.417
runtime,fast_path,4.792
runtime,fast_path,16.583
runtime,fast_path,5.750
runtime,fast_path,16.125
runtime,fast_path,4.041
runtime,fast_path,15.375
runtime,fast_path,4.208
runtime,fast_path,17.875
runtime,fast_path,17.292
runtime,fast_path,4.334
runtime,fast_path,19.000
runtime,fast_path,16.958
runtime,fast_path,3.500
runtime,fast_path,2.917
runtime,fast_path,17.583
runtime,fast_path,5.042
runtime,fast_path,18.667
runtime,fast_path,4.584
runtime,fast_path,18.583
runtime,fast_path,5.959
runtime,fast_path,3.500
runtime,fast_path,20.709
runtime,fast_path,4.417
runtime,fast_path,18.333
runtime,fast_path,16.166
runtime,fast_path,4.625
runtime,fast_path,18.583
runtime,fast_path,16.084
runtime,fast_path,4.083
runtime,fast_path,17.459
runtime,fast_path,18.958
runtime,fast_path,19.041
runtime,fast_path,5.292
runtime,fast_path,4.334
runtime,fast_path,20.625
runtime,fast_path,21.833
runtime,fast_path,2.833
runtime,fast_path,4.458
runtime,fast_path,17.917
runtime,fast_path,4.875
runtime,fast_path,3.541
runtime,fast_path,17.625
runtime,fast_path,4.875
runtime,fast_path,3.208
runtime,fast_path,5.166
runtime,fast_path,18.666
runtime,fast_path,4.917
runtime,fast_path,17.625
runtime,fast_path,4.416
runtime,fast_path,18.417
runtime,fast_path,24.041
runtime,fast_path,5.250
runtime,fast_path,14.125
runtime,fast_path,3.875
runtime,fast_path,2.958
runtime,fast_path,14.625
runtime,fast_path,19.042
runtime,fast_path,19.291
runtime,fast_path,19.416
runtime,fast_path,5.042
runtime,fast_path,16.750
runtime,fast_path,4.458
runtime,fast_path,3.417
runtime,fast_path,15.916
runtime,fast_path,16.500
runtime,fast_path,20.375
runtime,fast_path,15.333
runtime,fast_path,15.250
runtime,fast_path,4.542
runtime,fast_path,16.625
runtime,fast_path,4.084
runtime,fast_path,15.500
runtime,fast_path,2.833
runtime,fast_path,19.000
runtime,fast_path,18.625
runtime,fast_path,5.125
runtime,fast_path,4.375
runtime,fast_path,21.916
runtime,fast_path,17.292
runtime,fast_path,3.875
runtime,fast_path,13.792
runtime,fast_path,4.958
runtime,fast_path,19.542
runtime,fast_path,4.584
runtime,fast_path,4.083
runtime,fast_path,15.917
runtime,fast_path,3.875
runtime,fast_path,16.375
runtime,fast_path,4.042
runtime,fast_path,16.625
runtime,fast_path,4.625
runtime,fast_path,4.916
runtime,fast_path,14.708
runtime,fast_path,4.458
runtime,fast_path,18.166
runtime,fast_path,4.750
runtime,fast_path,14.042
runtime,fast_path,15.375
runtime,fast_path,3.958
runtime,fast_path,17.584
runtime,fast_path,4.125
runtime,fast_path,2.666
runtime,fast_path,16.541
runtime,fast_path,14.375
runtime,fast_path,17.667
runtime,fast_path,4.916
runtime,fast_path,17.000
runtime,fast_path,5.583
runtime,fast_path,24.333
runtime,fast_path,5.500
runtime,fast_path,23.458
runtime,fast_path,21.167
runtime,fast_path,4.166
runtime,fast_path,17.083
runtime,fast_path,20.625
runtime,fast_path,4.959
runtime,fast_path,15.375
runtime,fast_path,5.958
runtime,fast_path,14.042
runtime,fast_path,16.166
runtime,fast_path,4.250
runtime,fast_path,16.542
runtime,fast_path,4.250
runtime,fast_path,20.791
runtime,fast_path,17.458
runtime,fast_path,3.209
runtime,fast_path,16.375
runtime,fast_path,18.292
runtime,fast_path,4.167
runtime,fast_path,19.542
runtime,fast_path,16.667
runtime,fast_path,3.292
runtime,fast_path,15.083
runtime,fast_path,15.583
runtime,fast_path,3.917
runtime,fast_path,14.541
runtime,fast_path,4.125
runtime,fast_path,17.167
runtime,fast_path,4.375
runtime,fast_path,18.708
runtime,fast_path,17.125
runtime,fast_path,4.208
runtime,fast_path,16.417
runtime,fast_path,3.250
runtime,fast_path,16.167
runtime,fast_path,23.208
runtime,fast_path,4.292
runtime,fast_path,17.708
runtime,fast_path,14.500
runtime,fast_path,5.417
runtime,fast_path,14.708
runtime,fast_path,5.375
runtime,fast_path,4.792
runtime,fast_path,14.958
runtime,fast_path,4.916
runtime,fast_path,17.917
runtime,fast_path,5.084
runtime,fast_path,4.584
runtime,fast_path,18.250
runtime,fast_path,17.000
runtime,fast_path,5.083
runtime,fast_path,22.584
runtime,fast_path,17.333
runtime,fast_path,4.375
runtime,fast_path,15.417
runtime,fast_path,11.500
runtime,fast_path,24.458
runtime,fast_path,3.041
runtime,fast_path,4.750
runtime,fast_path,16.833
runtime,fast_path,21.250
runtime,fast_path,5.583
runtime,fast_path,18.250
runtime,fast_path,4.959
runtime,fast_path,21.875
runtime,fast_path,4.833
runtime,fast_path,3.291
runtime,fast_path,14.750
runtime,fast_path,5.041
runtime,fast_path,18.458
runtime,fast_path,4.167
runtime,fast_path,21.042
runtime,fast_path,5.083
runtime,fast_path,19.125
runtime,fast_path,4.750
runtime,fast_path,20.250
runtime,fast_path,3.875
runtime,fast_path,15.208
runtime,fast_path,4.792
runtime,fast_path,19.250
runtime,fast_path,18.750
runtime,fast_path,16.875
runtime,fast_path,13.709
runtime,fast_path,4.541
runtime,fast_path,17.333
runtime,fast_path,36.792
runtime,fast_path,5.583
runtime,fast_path,5.750
runtime,fast_path,16.833
runtime,fast_path,38.250
runtime,fast_path,38.750
runtime,fast_path,22.625
runtime,fast_path,4.625
runtime,fast_path,25.875
runtime,fast_path,4.667
runtime,fast_path,23.500
runtime,fast_path,6.583
runtime,fast_path,4.917
runtime,fast_path,18.666
runtime,fast_path,5.750
runtime,fast_path,19.000
runtime,fast_path,19.042
runtime,fast_path,4.209
runtime,fast_path,24.250
runtime,fast_path,5.250
runtime,fast_path,20.833
runtime,fast_path,3.333
runtime,fast_path,19.709
runtime,fast_path,17.458
runtime,fast_path,16.125
runtime,fast_path,19.541
runtime,fast_path,6.167
runtime,fast_path,17.625
runtime,fast_path,4.292
runtime,fast_path,14.000
runtime,fast_path,2.959
runtime,fast_path,17.000
runtime,fast_path,2.292
runtime,fast_path,16.125
runtime,fast_path,4.916
runtime,fast_path,18.667
runtime,fast_path,16.458
runtime,fast_path,14.000
runtime,fast_path,17.583
runtime,fast_path,4.000
runtime,fast_path,15.750
runtime,fast_path,2.583
runtime,fast_path,4.583
runtime,fast_path,19.083
runtime,fast_path,4.083
runtime,fast_path,22.625
runtime,fast_path,6.709
runtime,fast_path,3.417
runtime,fast_path,21.625
runtime,fast_path,3.958
runtime,fast_path,21.208
runtime,fast_path,4.084
runtime,fast_path,19.542
runtime,fast_path,4.375
runtime,fast_path,21.541
runtime,fast_path,19.709
runtime,fast_path,3.500
runtime,fast_path,3.416
runtime,fast_path,17.625
runtime,fast_path,16.458
runtime,fast_path,20.750
runtime,fast_path,6.042
runtime,fast_path,20.125
runtime,fast_path,5.250
runtime,fast_path,16.500
runtime,fast_path,5.250
runtime,fast_path,18.958
runtime,fast_path,18.458
runtime,fast_path,18.417
runtime,fast_path,4.250
runtime,fast_path,5.791
runtime,fast_path,18.792
runtime,fast_path,3.834
runtime,fast_path,18.208
runtime,fast_path,4.541
runtime,fast_path,16.000
runtime,fast_path,5.208
runtime,fast_path,20.125
runtime,fast_path,20.750
runtime,fast_path,19.208
runtime,fast_path,3.000
runtime,fast_path,3.875
runtime,fast_path,17.500
runtime,fast_path,3.584
runtime,fast_path,19.583
runtime,fast_path,4.792
runtime,fast_path,17.500
runtime,fast_path,17.791
runtime,fast_path,19.833
runtime,fast_path,15.792
runtime,fast_path,5.375
runtime,fast_path,18.417
runtime,fast_path,4.583
runtime,fast_path,18.667
runtime,fast_path,4.042
runtime,fast_path,14.500
runtime,fast_path,20.292
runtime,fast_path,4.375
runtime,fast_path,17.667
runtime,fast_path,17.541
runtime,fast_path,31.375
runtime,fast_path,16.959
runtime,fast_path,16.583
runtime,fast_path,2.791
runtime,fast_path,2.708
runtime,fast_path,17.333
runtime,fast_path,24.375
runtime,fast_path,16.084
runtime,fast_path,4.958
runtime,fast_path,17.875
runtime,fast_path,7.750
runtime,fast_path,18.125
runtime,fast_path,13.916
runtime,fast_path,19.750
runtime,fast_path,4.542
runtime,fast_path,5.875
runtime,fast_path,21.542
runtime,fast_path,3.750
runtime,fast_path,16.541
runtime,fast_path,3.000
runtime,fast_path,21.250
runtime,fast_path,17.417
runtime,fast_path,18.334
runtime,fast_path,3.167
runtime,fast_path,17.458
runtime,fast_path,4.917
runtime,fast_path,17.459
runtime,fast_path,20.917
runtime,fast_path,18.417
runtime,fast_path,15.625
runtime,fast_path,4.000
runtime,fast_path,4.709
runtime,fast_path,14.542
runtime,fast_path,3.000
runtime,fast_path,5.125
runtime,fast_path,16.041
runtime,fast_path,18.917
runtime,fast_path,21.958
runtime,fast_path,4.167
runtime,fast_path,21.458
runtime,fast_path,4.708
runtime,fast_path,2.917
runtime,fast_path,18.416
runtime,fast_path,5.625
runtime,fast_path,26.417
runtime,fast_path,4.417
runtime,fast_path,18.917
runtime,fast_path,19.375
runtime,fast_path,18.916
runtime,fast_path,24.542
runtime,fast_path,5.375
runtime,fast_path,18.291
runtime,fast_path,18.834
runtime,fast_path,19.416
runtime,fast_path,4.875
runtime,fast_path,18.375
runtime,fast_path,4.375
runtime,fast_path,20.750
runtime,fast_path,26.959
runtime,fast_path,20.208
runtime,fast_path,5.333
runtime,fast_path,2.542
runtime,fast_path,18.333
runtime,fast_path,5.000
runtime,fast_path,17.166
runtime,fast_path,6.084
runtime,fast_path,18.333
runtime,fast_path,19.083
runtime,fast_path,5.458
runtime,fast_path,20.709
runtime,fast_path,3.709
runtime,fast_path,18.042
runtime,fast_path,20.500
runtime,fast_path,4.375
runtime,fast_path,18.333
runtime,fast_path,3.875
runtime,fast_path,19.291
runtime,fast_path,3.083
runtime,fast_path,17.125
runtime,fast_path,3.375
runtime,fast_path,16.000
runtime,fast_path,4.958
runtime,fast_path,16.542
runtime,fast_path,4.041
runtime,fast_path,16.417
runtime,fast_path,17.625
runtime,fast_path,5.334
runtime,fast_path,19.416
runtime,fast_path,16.625
runtime,fast_path,19.041
runtime,fast_path,18.208
runtime,fast_path,22.667
runtime,fast_path,5.625
runtime,fast_path,15.709
runtime,fast_path,3.458
runtime,fast_path,24.708
runtime,fast_path,3.833
runtime,fast_path,15.458
runtime,fast_path,3.750
runtime,fast_path,19.250
runtime,fast_path,5.042
runtime,fast_path,17.167
runtime,fast_path,4.958
runtime,fast_path,57.917
runtime,fast_path,17.875
runtime,fast_path,14.250
runtime,fast_path,5.417
runtime,fast_path,4.417
runtime,fast_path,17.958
runtime,fast_path,15.417
runtime,fast_path,5.333
runtime,fast_path,2.500
runtime,fast_path,15.958
runtime,fast_path,18.167
runtime,fast_path,5.208
runtime,fast_path,16.542
runtime,fast_path,6.166
runtime,fast_path,17.750
runtime,fast_path,4.917
runtime,fast_path,19.792
runtime,fast_path,5.167
runtime,fast_path,17.833
runtime,fast_path,5.000
runtime,fast_path,15.500
runtime,fast_path,18.041
runtime,fast_path,5.667
runtime,fast_path,17.041
runtime,fast_path,4.208
runtime,fast_path,3.000
runtime,fast_path,3.542
runtime,fast_path,15.792
runtime,fast_path,4.500
runtime,fast_path,17.750
runtime,fast_path,24.250
runtime,fast_path,5.417
runtime,fast_path,14.083
runtime,fast_path,4.083
runtime,fast_path,17.666
runtime,fast_path,4.125
runtime,fast_path,20.875
runtime,fast_path,18.250
runtime,fast_path,2.875
runtime,fast_path,18.500
runtime,fast_path,4.959
runtime,fast_path,3.916
runtime,fast_path,20.417
runtime,fast_path,20.084
runtime,fast_path,22.834
runtime,fast_path,5.959
runtime,fast_path,15.625
runtime,fast_path,3.667
runtime,fast_path,3.250
runtime,fast_path,20.042
runtime,fast_path,19.875
runtime,fast_path,4.333
runtime,fast_path,15.208
runtime,fast_path,5.625
runtime,fast_path,15.041
runtime,fast_path,18.125
runtime,fast_path,15.625
runtime,fast_path,4.208
runtime,fast_path,3.125
runtime,fast_path,15.125
runtime,fast_path,3.167
runtime,fast_path,16.834
runtime,fast_path,4.584
runtime,fast_path,3.209
runtime,fast_path,19.875
runtime,fast_path,16.334
runtime,fast_path,21.083
runtime,fast_path,20.667
runtime,fast_path,4.000
runtime,fast_path,16.125
runtime,fast_path,5.750
runtime,fast_path,18.709
runtime,fast_path,35.625
runtime,fast_path,15.625
runtime,fast_path,17.125
runtime,fast_path,3.542
runtime,fast_path,19.750
runtime,fast_path,5.083
runtime,fast_path,19.834
runtime,fast_path,18.459
runtime,fast_path,4.084
runtime,fast_path,21.375
runtime,fast_path,5.750
runtime,fast_path,16.625
runtime,fast_path,4.333
runtime,fast_path,16.334
runtime,fast_path,4.459
runtime,fast_path,18.333
runtime,fast_path,18.834
runtime,fast_path,17.375
runtime,fast_path,4.167
runtime,fast_path,19.250
runtime,fast_path,4.125
runtime,fast_path,18.208
runtime,fast_path,5.167
runtime,fast_path,5.875
runtime,fast_path,19.750
runtime,fast_path,3.083
runtime,fast_path,4.459
runtime,fast_path,14.500
runtime,fast_path,5.417
runtime,fast_path,16.584
runtime,fast_path,3.292
runtime,fast_path,17.667
runtime,fast_path,4.125
runtime,fast_path,17.417
runtime,fast_path,18.375
runtime,fast_path,5.583
runtime,fast_path,14.833
runtime,fast_path,4.750
runtime,fast_path,4.667
runtime,fast_path,19.000
runtime,fast_path,4.792
runtime,fast_path,15.916
runtime,fast_path,4.041
runtime,fast_path,15.042
runtime,fast_path,4.958
runtime,fast_path,17.125
runtime,fast_path,22.208
runtime,fast_path,18.083
runtime,fast_path,6.625
runtime,fast_path,3.584
runtime,fast_path,3.250
runtime,fast_path,16.750
runtime,fast_path,17.750
runtime,fast_path,4.792
runtime,fast_path,18.042
runtime,fast_path,2.250
runtime,fast_path,5.167
runtime,fast_path,16.292
runtime,fast_path,18.583
runtime,fast_path,16.750
runtime,fast_path,4.667
runtime,fast_path,15.500
runtime,fast_path,4.542
runtime,fast_path,4.958
runtime,fast_path,14.625
runtime,fast_path,4.167
runtime,fast_path,2.542
runtime,fast_path,4.083
runtime,fast_path,20.584
runtime,fast_path,5.000
runtime,fast_path,3.667
runtime,fast_path,4.000
runtime,fast_path,17.250
runtime,fast_path,18.709
runtime,fast_path,22.042
runtime,fast_path,22.667
runtime,fast_path,5.541
runtime,fast_path,2.958
runtime,fast_path,22.584
runtime,fast_path,5.875
runtime,fast_path,4.708
runtime,fast_path,21.500
runtime,fast_path,5.625
runtime,fast_path,19.208
runtime,fast_path,3.125
runtime,fast_path,22.125
runtime,fast_path,3.583
runtime,fast_path,21.042
runtime,fast_path,18.667
runtime,fast_path,18.708
runtime,fast_path,4.958
runtime,fast_path,20.083
runtime,fast_path,4.125
runtime,fast_path,20.375
runtime,fast_path,19.042
runtime,fast_path,4.417
runtime,fast_path,18.833
runtime,fast_path,4.375
runtime,fast_path,18.667
runtime,fast_path,3.834
runtime,fast_path,18.625
runtime,fast_path,16.792
runtime,fast_path,19.042
runtime,fast_path,24.167
runtime,fast_path,4.583
runtime,fast_path,16.834
runtime,fast_path,21.541
runtime,fast_path,24.541
runtime,fast_path,18.625
runtime,fast_path,6.834
runtime,fast_path,22.209
runtime,fast_path,4.125
runtime,fast_path,18.083
runtime,fast_path,6.167
runtime,fast_path,17.625
runtime,fast_path,21.625
runtime,fast_path,18.667
runtime,fast_path,5.209
runtime,fast_path,6.125
runtime,fast_path,17.166
runtime,fast_path,18.833
runtime,fast_path,20.500
runtime,fast_path,18.209
runtime,fast_path,4.583
runtime,fast_path,18.292
runtime,fast_path,4.750
runtime,fast_path,18.042
runtime,fast_path,16.667
runtime,fast_path,4.792
runtime,fast_path,18.708
runtime,fast_path,4.791
runtime,fast_path,16.292
runtime,fast_path,19.834
runtime,fast_path,4.375
runtime,fast_path,17.292
runtime,fast_path,4.375
runtime,fast_path,4.625
runtime,fast_path,16.584
runtime,fast_path,7.459
runtime,fast_path,19.416
runtime,fast_path,5.833
runtime,fast_path,21.084
runtime,fast_path,19.417
runtime,fast_path,5.958
runtime,fast_path,19.958
runtime,fast_path,4.250
runtime,fast_path,5.208
runtime,fast_path,14.666
runtime,fast_path,14.917
runtime,fast_path,17.084
runtime,fast_path,4.583
runtime,fast_path,15.209
runtime,fast_path,4.917
runtime,fast_path,17.625
runtime,fast_path,16.625
runtime,fast_path,5.750
runtime,fast_path,14.458
runtime,fast_path,17.083
runtime,fast_path,3.750
runtime,fast_path,17.208
runtime,fast_path,5.458
runtime,fast_path,14.958
runtime,fast_path,4.833
runtime,fast_path,26.916
runtime,fast_path,15.292
runtime,fast_path,14.875
runtime,fast_path,2.500
runtime,fast_path,5.750
runtime,fast_path,22.208
runtime,fast_path,4.625
runtime,fast_path,4.708
runtime,fast_path,19.375
runtime,fast_path,5.709
runtime,fast_path,18.416
runtime,fast_path,5.666
runtime,fast_path,19.166
runtime,fast_path,20.000
runtime,fast_path,4.000
runtime,fast_path,20.042
runtime,fast_path,18.250
runtime,fast_path,25.375
runtime,fast_path,21.209
runtime,fast_path,16.375
runtime,fast_path,4.583
runtime,fast_path,4.000
runtime,fast_path,20.792
runtime,fast_path,19.042
runtime,fast_path,5.417
runtime,fast_path,14.125
runtime,fast_path,4.292
runtime,fast_path,18.500
runtime,fast_path,19.375
runtime,fast_path,4.042
runtime,fast_path,4.750
runtime,fast_path,19.291
runtime,fast_path,5.083
runtime,fast_path,21.750
runtime,fast_path,4.708
runtime,fast_path,3.417
runtime,fast_path,14.958
runtime,fast_path,18.959
runtime,fast_path,14.750
runtime,fast_path,4.417
runtime,fast_path,17.292
runtime,fast_path,20.292
runtime,fast_path,18.709
runtime,fast_path,19.917
runtime,fast_path,20.875
runtime,fast_path,19.542
runtime,fast_path,4.542
runtime,fast_path,5.334
runtime,fast_path,18.500
runtime,fast_path,3.416
runtime,fast_path,3.875
runtime,fast_path,18.667
runtime,fast_path,23.459
runtime,fast_path,18.417
runtime,fast_path,4.875
runtime,fast_path,19.833
runtime,fast_path,19.000
runtime,fast_path,16.375
runtime,fast_path,3.791
runtime,fast_path,15.959
runtime,fast_path,3.958
runtime,fast_path,25.750
runtime,fast_path,20.084
runtime,fast_path,4.417
runtime,fast_path,15.292
runtime,fast_path,3.583
runtime,fast_path,14.750
runtime,fast_path,2.667
runtime,fast_path,18.375
runtime,fast_path,3.292
runtime,fast_path,22.584
runtime,fast_path,19.625
runtime,fast_path,17.209
runtime,fast_path,4.458
runtime,fast_path,17.125
runtime,fast_path,4.750
runtime,fast_path,6.000
runtime,fast_path,3.167
runtime,fast_path,18.209
runtime,fast_path,17.209
runtime,fast_path,4.209
runtime,fast_path,16.250
runtime,fast_path,3.875
runtime,fast_path,15.625
runtime,fast_path,18.875
runtime,fast_path,20.417
runtime,fast_path,4.792
runtime,fast_path,4.583
runtime,fast_path,14.625
runtime,fast_path,17.708
runtime,fast_path,14.958
runtime,fast_path,18.084
runtime,fast_path,3.625
runtime,fast_path,3.166
runtime,fast_path,17.000
runtime,fast_path,18.875
runtime,fast_path,4.334
runtime,fast_path,17.666
runtime,fast_path,17.500
runtime,fast_path,3.583
runtime,fast_path,4.292
runtime,fast_path,17.583
runtime,fast_path,2.959
runtime,fast_path,2.834
runtime,fast_path,5.042
runtime,fast_path,4.458
runtime,fast_path,6.125
runtime,fast_path,23.750
runtime,fast_path,5.083
runtime,fast_path,17.291
runtime,fast_path,5.042
runtime,fast_path,18.167
runtime,fast_path,3.750
runtime,fast_path,3.667
runtime,fast_path,22.833
runtime,fast_path,19.333
runtime,fast_path,5.042
runtime,fast_path,19.333
runtime,fast_path,3.458
runtime,fast_path,2.916
runtime,fast_path,3.709
runtime,fast_path,17.625
runtime,fast_path,4.833
runtime,fast_path,3.500
runtime,fast_path,18.458
runtime,fast_path,2.833
runtime,fast_path,21.125
runtime,fast_path,3.667
runtime,fast_path,15.875
runtime,fast_path,5.542
runtime,fast_path,20.625
runtime,fast_path,17.833
runtime,fast_path,17.458
runtime,fast_path,4.166
runtime,fast_path,20.500
runtime,fast_path,22.750
runtime,fast_path,16.250
runtime,fast_path,19.958
runtime,fast_path,5.250
runtime,fast_path,16.959
runtime,fast_path,4.125
runtime,fast_path,21.666
runtime,fast_path,18.375
runtime,fast_path,18.042
runtime,fast_path,5.208
runtime,fast_path,19.000
runtime,fast_path,18.875
runtime,fast_path,2.542
runtime,fast_path,3.166
runtime,fast_path,16.708
runtime,fast_path,16.459
runtime,fast_path,18.250
runtime,fast_path,19.833
runtime,fast_path,5.833
runtime,fast_path,17.792
runtime,fast_path,17.708
runtime,fast_path,16.125
runtime,fast_path,4.250
runtime,fast_path,17.750
runtime,fast_path,4.875
runtime,fast_path,18.500
runtime,fast_path,4.166
runtime,fast_path,21.625
runtime,fast_path,15.000
runtime,fast_path,2.917
runtime,fast_path,3.875
runtime,fast_path,18.042
runtime,fast_path,18.042
runtime,fast_path,18.625
runtime,fast_path,4.292
runtime,fast_path,4.500
runtime,fast_path,14.417
runtime,fast_path,16.708
runtime,fast_path,17.958
runtime,fast_path,3.667
runtime,fast_path,3.792
runtime,fast_path,18.458
runtime,fast_path,19.834
runtime,fast_path,3.083
runtime,fast_path,16.125
runtime,fast_path,5.417
runtime,fast_path,3.000
runtime,fast_path,16.083
runtime,fast_path,19.083
runtime,fast_path,4.459
runtime,fast_path,15.334
runtime,fast_path,16.875
runtime,fast_path,16.000
runtime,fast_path,14.459
runtime,fast_path,17.458
runtime,fast_path,18.333
runtime,fast_path,4.292
runtime,fast_path,17.125
runtime,fast_path,4.417
runtime,fast_path,20.708
runtime,fast_path,14.791
runtime,fast_path,5.500
runtime,fast_path,17.459
runtime,fast_path,19.875
runtime,fast_path,5.000
runtime,fast_path,25.291
runtime,fast_path,5.208
runtime,fast_path,17.875
runtime,fast_path,2.625
runtime,fast_path,4.875
runtime,fast_path,19.416
runtime,fast_path,3.750
runtime,fast_path,17.417
runtime,fast_path,18.292
runtime,fast_path,24.000
runtime,fast_path,3.750
runtime,fast_path,5.084
runtime,fast_path,16.042
runtime,fast_path,20.584
runtime,fast_path,4.416
runtime,fast_path,19.083
runtime,fast_path,3.709
runtime,fast_path,18.458
runtime,fast_path,17.167
runtime,fast_path,21.250
runtime,fast_path,16.709
runtime,fast_path,18.542
runtime,fast_path,5.958
runtime,fast_path,20.666
runtime,fast_path,15.458
runtime,fast_path,5.292
runtime,fast_path,20.041
runtime,fast_path,20.750
runtime,fast_path,17.083
runtime,fast_path,4.625
runtime,fast_path,22.459
runtime,fast_path,16.750
runtime,fast_path,5.125
runtime,fast_path,16.834
runtime,fast_path,5.542
runtime,fast_path,18.625
runtime,fast_path,3.625
runtime,fast_path,21.250
runtime,fast_path,17.083
runtime,fast_path,19.125
runtime,fast_path,5.625
runtime,fast_path,3.750
runtime,fast_path,17.709
runtime,fast_path,27.750
runtime,fast_path,6.250
runtime,fast_path,19.666
runtime,fast_path,4.292
runtime,fast_path,3.875
runtime,fast_path,20.459
runtime,fast_path,20.666
runtime,fast_path,5.083
runtime,fast_path,20.792
runtime,fast_path,17.125
runtime,fast_path,3.292
runtime,fast_path,23.500
runtime,fast_path,5.584
runtime,fast_path,18.375
runtime,fast_path,15.833
runtime,fast_path,17.292
runtime,fast_path,19.542
runtime,fast_path,15.375
runtime,fast_path,4.292
runtime,fast_path,6.208
runtime,fast_path,17.708
runtime,fast_path,4.209
runtime,fast_path,18.375
runtime,fast_path,23.875
runtime,fast_path,5.292
runtime,fast_path,21.084
runtime,fast_path,3.500
runtime,fast_path,17.583
runtime,fast_path,6.458
runtime,fast_path,16.292
runtime,fast_path,18.125
runtime,fast_path,21.708
runtime,fast_path,7.125
runtime,fast_path,18.209
runtime,fast_path,4.459
runtime,fast_path,23.833
runtime,fast_path,5.167
runtime,fast_path,16.916
runtime,fast_path,5.917
runtime,fast_path,19.000
runtime,fast_path,15.125
runtime,fast_path,4.042
runtime,fast_path,17.875
runtime,fast_path,16.834
runtime,fast_path,22.416
runtime,fast_path,17.000
runtime,fast_path,19.000
runtime,fast_path,16.625
runtime,fast_path,3.750
runtime,fast_path,4.583
runtime,fast_path,16.500
runtime,fast_path,3.917
runtime,fast_path,14.458
runtime,fast_path,16.041
runtime,fast_path,3.916
runtime,fast_path,15.709
runtime,fast_path,17.458
runtime,fast_path,3.833
runtime,fast_path,21.791
runtime,fast_path,6.959
runtime,fast_path,2.625
runtime,fast_path,4.583
runtime,fast_path,20.417
runtime,fast_path,4.834
runtime,fast_path,3.875
runtime,fast_path,19.416
runtime,fast_path,23.292
runtime,fast_path,3.083
runtime,fast_path,21.209
runtime,fast_path,3.166
runtime,fast_path,19.583
runtime,fast_path,20.584
runtime,fast_path,20.791
runtime,fast_path,18.292
runtime,fast_path,22.667
runtime,fast_path,17.750
runtime,fast_path,20.750
runtime,fast_path,19.875
runtime,fast_path,6.125
runtime,fast_path,18.917
runtime,fast_path,5.834
runtime,fast_path,19.083
runtime,fast_path,4.000
runtime,fast_path,18.750
runtime,fast_path,4.500
runtime,fast_path,3.833
runtime,fast_path,20.334
runtime,fast_path,20.125
runtime,fast_path,3.416
runtime,fast_path,15.334
runtime,fast_path,3.542
runtime,fast_path,22.708
runtime,fast_path,4.167
runtime,fast_path,18.791
runtime,fast_path,4.084
runtime,fast_path,3.875
runtime,fast_path,19.417
runtime,fast_path,19.541
runtime,fast_path,21.333
runtime,fast_path,18.583
runtime,fast_path,3.625
runtime,fast_path,20.875
runtime,fast_path,23.000
runtime,fast_path,6.709
runtime,fast_path,19.084
runtime,fast_path,21.166
runtime,fast_path,5.625
runtime,fast_path,19.292
runtime,fast_path,4.708
runtime,fast_path,20.125
runtime,fast_path,3.959
runtime,fast_path,16.709
runtime,fast_path,5.125
runtime,fast_path,3.125
runtime,fast_path,19.042
runtime,fast_path,17.708
runtime,fast_path,7.500
runtime,fast_path,17.625
runtime,fast_path,5.625
runtime,fast_path,3.000
runtime,fast_path,3.291
runtime,fast_path,17.167
runtime,fast_path,26.584
runtime,fast_path,4.625
runtime,fast_path,4.041
runtime,fast_path,16.584
runtime,fast_path,3.666
runtime,fast_path,5.083
runtime,fast_path,15.917
runtime,fast_path,2.041
runtime,fast_path,18.125
runtime,fast_path,4.000
runtime,fast_path,16.042
runtime,fast_path,3.833
runtime,fast_path,14.125
runtime,fast_path,17.167
runtime,fast_path,3.792
runtime,fast_path,18.375
runtime,fast_path,16.083
runtime,fast_path,3.375
runtime,fast_path,4.583
runtime,fast_path,15.583
runtime,fast_path,15.125
runtime,fast_path,15.000
runtime,fast_path,20.125
runtime,fast_path,17.833
runtime,fast_path,3.750
runtime,fast_path,15.375
runtime,fast_path,3.000
runtime,fast_path,15.708
runtime,fast_path,15.292
runtime,fast_path,17.875
runtime,fast_path,5.041
runtime,fast_path,16.958
runtime,fast_path,17.083
runtime,fast_path,5.042
runtime,fast_path,22.000
runtime,fast_path,16.833
runtime,fast_path,14.125
runtime,fast_path,3.792
runtime,fast_path,2.916
runtime,fast_path,18.291
runtime,fast_path,5.208
runtime,fast_path,18.917
runtime,fast_path,18.667
runtime,fast_path,21.166
runtime,fast_path,5.542
runtime,fast_path,5.750
runtime,fast_path,4.917
runtime,fast_path,22.541
runtime,fast_path,18.750
runtime,fast_path,4.500
runtime,fast_path,16.167
runtime,fast_path,21.375
runtime,fast_path,3.917
runtime,fast_path,19.041
runtime,fast_path,4.167
runtime,fast_path,16.875
runtime,fast_path,4.667
runtime,fast_path,22.125
runtime,fast_path,5.334
runtime,fast_path,18.791
runtime,fast_path,3.959
runtime,fast_path,15.833
runtime,fast_path,5.500
runtime,fast_path,17.166
runtime,fast_path,4.584
runtime,fast_path,3.625
runtime,fast_path,18.708
runtime,fast_path,19.291
runtime,fast_path,3.500
runtime,fast_path,4.208
runtime,fast_path,3.292
runtime,fast_path,19.834
runtime,fast_path,4.125
runtime,fast_path,16.250
runtime,fast_path,18.459
runtime,fast_path,17.542
runtime,fast_path,4.417
runtime,fast_path,17.041
runtime,fast_path,19.834
runtime,fast_path,4.375
runtime,fast_path,4.167
runtime,fast_path,5.208
runtime,fast_path,21.000
runtime,fast_path,16.417
runtime,fast_path,5.417
runtime,fast_path,18.916
runtime,fast_path,4.958
runtime,fast_path,19.167
runtime,fast_path,3.750
runtime,fast_path,17.750
runtime,fast_path,3.791
runtime,fast_path,18.417
runtime,fast_path,3.417
runtime,fast_path,15.916
runtime,fast_path,4.334
runtime,fast_path,6.792
runtime,fast_path,20.500
runtime,fast_path,4.708
runtime,fast_path,21.917
runtime,fast_path,5.875
runtime,fast_path,4.875
runtime,fast_path,17.708
runtime,fast_path,17.667
runtime,fast_path,15.250
runtime,fast_path,4.125
runtime,fast_path,19.458
runtime,fast_path,15.875
runtime,fast_path,18.875
runtime,fast_path,15.708
runtime,fast_path,16.000
runtime,fast_path,3.708
runtime,fast_path,5.750
runtime,fast_path,16.583
runtime,fast_path,5.625
runtime,fast_path,5.833
runtime,fast_path,15.083
runtime,fast_path,16.708
runtime,fast_path,4.125
runtime,fast_path,14.917
runtime,fast_path,4.500
runtime,fast_path,16.375
runtime,fast_path,4.458
runtime,fast_path,18.291
runtime,fast_path,6.833
runtime,fast_path,20.083
runtime,fast_path,5.125
runtime,fast_path,15.167
runtime,fast_path,3.625
runtime,fast_path,17.959
runtime,fast_path,16.000
runtime,fast_path,3.125
runtime,fast_path,16.250
runtime,fast_path,2.875
runtime,fast_path,14.666
runtime,fast_path,5.083
runtime,fast_path,3.875
runtime,fast_path,19.791
runtime,fast_path,15.583
runtime,fast_path,2.834
runtime,fast_path,17.875
runtime,fast_path,19.875
runtime,fast_path,4.042
runtime,fast_path,18.042
runtime,fast_path,4.500
runtime,fast_path,18.625
runtime,fast_path,4.500
runtime,fast_path,2.833
runtime,fast_path,17.584
runtime,fast_path,2.959
runtime,fast_path,15.667
runtime,fast_path,15.292
runtime,fast_path,3.791
runtime,fast_path,17.541
runtime,fast_path,4.542
runtime,fast_path,14.875
runtime,fast_path,4.791
runtime,fast_path,17.917
runtime,fast_path,21.458
runtime,fast_path,3.958
runtime,fast_path,17.917
runtime,fast_path,4.875
runtime,fast_path,16.583
runtime,fast_path,4.084
runtime,fast_path,18.292
runtime,fast_path,4.167
runtime,fast_path,17.667
runtime,fast_path,5.750
runtime,fast_path,18.792
runtime,fast_path,4.625
runtime,fast_path,15.250
runtime,fast_path,18.333
runtime,fast_path,3.333
runtime,fast_path,4.750
runtime,fast_path,16.750
runtime,fast_path,3.834
runtime,fast_path,17.250
runtime,fast_path,4.791
runtime,fast_path,13.959
runtime,fast_path,3.458
runtime,fast_path,17.083
runtime,fast_path,3.833
runtime,fast_path,3.792
runtime,fast_path,19.625
runtime,fast_path,18.833
runtime,fast_path,15.083
runtime,fast_path,5.042
runtime,fast_path,15.416
runtime,fast_path,5.000
runtime,fast_path,3.292
runtime,fast_path,14.250
runtime,fast_path,20.208
runtime,fast_path,3.417
runtime,fast_path,17.042
runtime,fast_path,16.583
runtime,fast_path,5.333
runtime,fast_path,18.208
runtime,fast_path,4.375
runtime,fast_path,18.792
runtime,fast_path,5.541
runtime,fast_path,3.000
runtime,fast_path,17.792
runtime,fast_path,3.917
runtime,fast_path,3.125
runtime,fast_path,12.583
runtime,fast_path,5.042
runtime,fast_path,16.458
runtime,fast_path,4.542
runtime,fast_path,3.875
runtime,fast_path,17.333
runtime,fast_path,3.084
runtime,fast_path,16.291
runtime,fast_path,17.667
runtime,fast_path,17.125
runtime,fast_path,4.458
runtime,fast_path,4.875
runtime,fast_path,4.208
runtime,fast_path,15.416
runtime,fast_path,15.625
runtime,fast_path,4.542
runtime,fast_path,5.167
runtime,fast_path,16.917
runtime,fast_path,4.250
runtime,fast_path,18.167
runtime,fast_path,18.459
runtime,fast_path,17.875
runtime,fast_path,3.500
runtime,fast_path,17.542
runtime,fast_path,17.750
runtime,fast_path,14.750
runtime,fast_path,14.542
runtime,fast_path,22.833
runtime,fast_path,4.709
runtime,fast_path,16.709
runtime,fast_path,15.625
runtime,fast_path,18.959
runtime,fast_path,6.875
runtime,fast_path,16.792
runtime,fast_path,5.792
runtime,fast_path,2.709
runtime,fast_path,4.250
runtime,fast_path,19.291
runtime,fast_path,21.250
runtime,fast_path,22.041
runtime,fast_path,4.958
runtime,fast_path,4.542
runtime,fast_path,19.667
runtime,fast_path,5.250
runtime,fast_path,19.291
runtime,fast_path,3.167
runtime,fast_path,21.375
runtime,fast_path,3.500
runtime,fast_path,20.542
runtime,fast_path,5.042
runtime,fast_path,17.917
runtime,fast_path,4.208
runtime,fast_path,18.500
runtime,fast_path,20.292
runtime,fast_path,18.084
runtime,fast_path,3.375
runtime,fast_path,18.250
runtime,fast_path,2.916
runtime,fast_path,17.917
runtime,fast_path,18.167
runtime,fast_path,19.917
runtime,fast_path,4.083
runtime,fast_path,17.000
runtime,fast_path,4.834
runtime,fast_path,3.042
runtime,fast_path,18.042
runtime,fast_path,5.042
runtime,fast_path,17.792
runtime,fast_path,17.167
runtime,fast_path,4.458
runtime,fast_path,16.542
runtime,fast_path,17.000
runtime,fast_path,5.916
runtime,fast_path,17.500
runtime,fast_path,16.625
runtime,fast_path,18.625
runtime,fast_path,5.333
runtime,fast_path,5.583
runtime,fast_path,19.625
runtime,fast_path,18.084
runtime,fast_path,5.416
runtime,fast_path,21.167
runtime,fast_path,4.750
runtime,fast_path,20.084
runtime,fast_path,17.167
runtime,fast_path,19.917
runtime,fast_path,16.709
runtime,fast_path,4.125
runtime,fast_path,19.416
runtime,fast_path,2.750
runtime,fast_path,4.667
runtime,fast_path,20.000
runtime,fast_path,3.625
runtime,fast_path,18.792
runtime,fast_path,5.666
runtime,fast_path,18.958
runtime,fast_path,17.750
runtime,fast_path,19.500
runtime,fast_path,3.875
runtime,fast_path,15.583
runtime,fast_path,17.041
runtime,fast_path,16.375
runtime,fast_path,5.125
runtime,fast_path,19.958
runtime,fast_path,3.792
runtime,fast_path,18.250
runtime,fast_path,16.334
runtime,fast_path,4.500
runtime,fast_path,20.875
runtime,fast_path,17.042
runtime,fast_path,19.833
runtime,fast_path,4.583
runtime,fast_path,7.458
runtime,fast_path,15.458
runtime,fast_path,6.042
runtime,fast_path,15.250
runtime,fast_path,22.791
runtime,fast_path,18.417
runtime,fast_path,4.084
runtime,fast_path,22.334
runtime,fast_path,4.292
runtime,fast_path,18.833
runtime,fast_path,3.500
runtime,fast_path,19.208
runtime,fast_path,3.250
runtime,fast_path,3.959
runtime,fast_path,16.917
runtime,fast_path,6.000
runtime,fast_path,3.417
runtime,fast_path,19.292
runtime,fast_path,16.291
runtime,fast_path,4.417
runtime,fast_path,14.125
runtime,fast_path,16.750
runtime,fast_path,3.750
runtime,fast_path,2.708
runtime,fast_path,4.375
runtime,fast_path,18.583
runtime,fast_path,5.250
runtime,fast_path,17.916
runtime,fast_path,29.792
runtime,fast_path,19.583
runtime,fast_path,4.584
runtime,fast_path,6.625
runtime,fast_path,4.292
runtime,fast_path,23.000
runtime,fast_path,4.292
runtime,fast_path,2.834
runtime,fast_path,19.791
runtime,fast_path,18.875
runtime,fast_path,20.000
runtime,fast_path,22.417
runtime,fast_path,4.792
runtime,fast_path,19.250
runtime,fast_path,21.834
runtime,fast_path,4.458
runtime,fast_path,4.000
runtime,fast_path,18.125
runtime,fast_path,18.750
runtime,fast_path,18.583
runtime,fast_path,4.083
runtime,fast_path,17.584
runtime,fast_path,21.625
runtime,fast_path,21.458
runtime,fast_path,5.250
runtime,fast_path,24.500
runtime,fast_path,16.500
runtime,fast_path,23.167
runtime,fast_path,16.791
runtime,fast_path,21.041
runtime,fast_path,15.666
runtime,fast_path,16.292
runtime,fast_path,4.583
runtime,fast_path,14.375
runtime,fast_path,5.500
runtime,fast_path,19.041
runtime,fast_path,5.625
runtime,fast_path,10.000
runtime,fast_path,20.500
runtime,fast_path,3.833
runtime,fast_path,19.458
runtime,fast_path,5.042
runtime,fast_path,18.125
runtime,fast_path,3.667
runtime,fast_path,5.041
runtime,fast_path,13.958
runtime,fast_path,17.000
runtime,fast_path,4.292
runtime,fast_path,3.708
runtime,fast_path,19.208
runtime,fast_path,20.209
runtime,fast_path,3.541
runtime,fast_path,18.666
runtime,fast_path,4.000
runtime,fast_path,17.833
runtime,fast_path,4.667
runtime,fast_path,19.292
runtime,fast_path,4.792
runtime,fast_path,18.000
runtime,fast_path,5.541
runtime,fast_path,18.625
runtime,fast_path,7.916
runtime,fast_path,21.458
runtime,fast_path,2.917
runtime,fast_path,4.292
runtime,fast_path,4.667
runtime,fast_path,21.417
runtime,fast_path,3.625
runtime,fast_path,4.791
runtime,fast_path,17.875
runtime,fast_path,18.834
runtime,fast_path,4.625
runtime,fast_path,3.167
runtime,fast_path,16.334
runtime,fast_path,15.500
runtime,fast_path,3.167
runtime,fast_path,19.042
runtime,fast_path,3.375
runtime,fast_path,4.208
runtime,fast_path,15.375
runtime,fast_path,4.666
runtime,fast_path,3.958
runtime,fast_path,15.834
runtime,fast_path,20.083
runtime,fast_path,4.958
runtime,fast_path,15.041
runtime,fast_path,6.125
runtime,fast_path,19.750
runtime,fast_path,5.000
runtime,fast_path,15.584
runtime,fast_path,4.791
runtime,fast_path,15.500
runtime,fast_path,3.792
runtime,fast_path,18.625
runtime,fast_path,18.291
runtime,fast_path,2.625
runtime,fast_path,4.416
runtime,fast_path,17.208
runtime,fast_path,4.167
runtime,fast_path,17.333
runtime,fast_path,20.625
runtime,fast_path,4.292
runtime,fast_path,19.791
runtime,fast_path,16.625
runtime,fast_path,4.792
runtime,fast_path,19.667
runtime,fast_path,3.375
runtime,fast_path,19.375
runtime,fast_path,4.750
runtime,fast_path,4.542
runtime,fast_path,20.625
runtime,fast_path,15.541
runtime,fast_path,3.458
runtime,fast_path,20.542
runtime,fast_path,6.709
runtime,fast_path,4.167
runtime,fast_path,17.916
runtime,fast_path,4.500
runtime,fast_path,3.584
runtime,fast_path,20.584
runtime,fast_path,3.750
runtime,fast_path,4.875
runtime,fast_path,24.334
runtime,fast_path,20.417
runtime,fast_path,5.375
runtime,fast_path,16.583
runtime,fast_path,17.000
runtime,fast_path,16.041
runtime,fast_path,19.375
runtime,fast_path,18.250
runtime,fast_path,16.542
runtime,fast_path,19.125
runtime,fast_path,6.375
runtime,fast_path,16.167
runtime,fast_path,4.666
runtime,fast_path,4.625
runtime,fast_path,22.792
runtime,fast_path,21.625
runtime,fast_path,20.375
runtime,fast_path,3.792
runtime,fast_path,19.167
runtime,fast_path,3.541
runtime,fast_path,16.167
runtime,fast_path,4.042
runtime,fast_path,17.875
runtime,fast_path,16.667
runtime,fast_path,4.166
runtime,fast_path,5.459
runtime,fast_path,17.583
runtime,fast_path,16.500
runtime,fast_path,18.334
runtime,fast_path,16.708
runtime,fast_path,16.167
runtime,fast_path,17.417
runtime,fast_path,19.625
runtime,fast_path,17.750
runtime,fast_path,4.125
runtime,fast_path,17.542
runtime,fast_path,5.166
runtime,fast_path,19.875
runtime,fast_path,4.042
runtime,fast_path,17.083
runtime,fast_path,3.625
runtime,fast_path,4.875
runtime,fast_path,19.625
runtime,fast_path,16.167
runtime,fast_path,3.833
runtime,fast_path,19.500
runtime,fast_path,16.042
runtime,fast_path,17.792
runtime,fast_path,16.542
runtime,fast_path,16.166
runtime,fast_path,17.208
runtime,fast_path,6.500
runtime,fast_path,18.541
runtime,fast_path,16.334
runtime,fast_path,4.042
runtime,fast_path,14.125
runtime,fast_path,4.625
runtime,fast_path,4.000
runtime,fast_path,4.500
runtime,fast_path,13.791
runtime,fast_path,16.250
runtime,fast_path,18.875
runtime,fast_path,20.084
runtime,fast_path,3.333
runtime,fast_path,5.250
runtime,fast_path,16.250
runtime,fast_path,2.750
runtime,fast_path,13.958
runtime,fast_path,4.500
runtime,fast_path,19.208
runtime,fast_path,3.583
runtime,fast_path,18.000
runtime,fast_path,18.083
runtime,fast_path,2.667
runtime,fast_path,1820.250
runtime,fast_path,23.333
runtime,fast_path,5.583
runtime,fast_path,19.459
runtime,fast_path,3.542
runtime,fast_path,18.208
runtime,fast_path,5.125
runtime,fast_path,21.792
runtime,fast_path,4.500
runtime,fast_path,21.875
runtime,fast_path,19.375
runtime,fast_path,4.500
runtime,fast_path,5.000
runtime,fast_path,18.500
runtime,fast_path,17.083
runtime,fast_path,5.666
runtime,fast_path,22.709
runtime,fast_path,16.917
runtime,fast_path,5.084
runtime,fast_path,8.458
runtime,fast_path,19.750
runtime,fast_path,16.084
runtime,fast_path,4.542
runtime,fast_path,23.875
runtime,fast_path,5.584
runtime,fast_path,17.916
runtime,fast_path,16.459
runtime,fast_path,4.333
runtime,fast_path,21.541
runtime,fast_path,18.667
runtime,fast_path,20.084
runtime,fast_path,5.000
runtime,fast_path,16.792
runtime,fast_path,4.167
runtime,fast_path,17.417
runtime,fast_path,4.208
runtime,fast_path,16.917
runtime,fast_path,4.417
runtime,fast_path,15.375
runtime,fast_path,18.834
runtime,fast_path,3.834
runtime,fast_path,19.500
runtime,fast_path,17.209
runtime,fast_path,19.792
runtime,fast_path,18.583
runtime,fast_path,4.750
runtime,fast_path,18.000
runtime,fast_path,4.833
runtime,fast_path,14.709
runtime,fast_path,3.875
runtime,fast_path,18.708
runtime,fast_path,2.875
runtime,fast_path,3.125
runtime,fast_path,15.959
runtime,fast_path,3.083
runtime,fast_path,19.083
runtime,fast_path,18.541
runtime,fast_path,17.875
runtime,fast_path,4.458
runtime,fast_path,16.292
runtime,fast_path,5.292
runtime,fast_path,16.417
runtime,fast_path,3.292
runtime,fast_path,4.250
runtime,fast_path,16.125
runtime,fast_path,17.166
runtime,fast_path,4.792
runtime,fast_path,15.666
runtime,fast_path,17.750
runtime,fast_path,4.541
runtime,fast_path,16.041
runtime,fast_path,2.417
runtime,fast_path,16.250
runtime,fast_path,5.375
runtime,fast_path,16.000
runtime,fast_path,3.875
runtime,fast_path,15.833
runtime,fast_path,5.625
runtime,fast_path,16.459
runtime,fast_path,4.458
runtime,fast_path,15.292
runtime,fast_path,3.084
runtime,fast_path,17.750
runtime,fast_path,3.250
runtime,fast_path,17.916
runtime,fast_path,4.000
runtime,fast_path,18.208
runtime,fast_path,16.250
runtime,fast_path,3.000
runtime,fast_path,3.625
runtime,fast_path,17.791
runtime,fast_path,15.333
runtime,fast_path,5.084
runtime,fast_path,4.666
runtime,fast_path,15.958
runtime,fast_path,16.042
runtime,fast_path,4.292
runtime,fast_path,18.375
runtime,fast_path,4.292
runtime,fast_path,2.625
runtime,fast_path,18.459
runtime,fast_path,3.375
runtime,fast_path,16.250
runtime,fast_path,16.167
runtime,fast_path,6.208
runtime,fast_path,24.459
runtime,fast_path,5.292
runtime,fast_path,18.000
runtime,fast_path,16.208
runtime,fast_path,16.917
runtime,fast_path,5.084
runtime,fast_path,4.000
runtime,fast_path,17.042
runtime,fast_path,4.167
runtime,fast_path,16.333
runtime,fast_path,17.584
runtime,fast_path,16.333
runtime,fast_path,19.125
runtime,fast_path,16.250
runtime,fast_path,17.708
runtime,fast_path,18.208
runtime,fast_path,5.250
runtime,fast_path,15.500
runtime,fast_path,19.000
runtime,fast_path,4.917
runtime,fast_path,19.750
runtime,fast_path,16.208
runtime,fast_path,14.125
runtime,fast_path,3.083
runtime,fast_path,18.209
runtime,fast_path,4.125
runtime,fast_path,16.750
runtime,fast_path,5.459
runtime,fast_path,15.125
runtime,fast_path,16.000
runtime,fast_path,3.500
runtime,fast_path,19.334
runtime,fast_path,20.375
runtime,fast_path,19.667
runtime,fast_path,15.667
runtime,fast_path,4.292
runtime,fast_path,17.458
runtime,fast_path,5.875
runtime,fast_path,17.042
runtime,fast_path,28.625
runtime,fast_path,5.833
runtime,fast_path,18.167
runtime,fast_path,4.291
runtime,fast_path,16.959
runtime,fast_path,15.708
runtime,fast_path,17.333
runtime,fast_path,18.416
runtime,fast_path,21.250
runtime,fast_path,6.167
runtime,fast_path,3.709
runtime,fast_path,14.917
runtime,fast_path,17.125
runtime,fast_path,18.167
runtime,fast_path,5.667
runtime,fast_path,18.458
runtime,fast_path,4.000
runtime,fast_path,20.000
runtime,fast_path,4.584
runtime,fast_path,16.750
runtime,fast_path,3.958
runtime,fast_path,16.125
runtime,fast_path,5.542
runtime,fast_path,14.250
runtime,fast_path,4.833
runtime,fast_path,16.500
runtime,fast_path,14.417
runtime,fast_path,4.916
runtime,fast_path,21.042
runtime,fast_path,4.416
runtime,fast_path,18.042
runtime,fast_path,18.583
runtime,fast_path,5.875
runtime,fast_path,15.000
runtime,fast_path,4.500
runtime,fast_path,18.000
runtime,fast_path,17.208
runtime,fast_path,17.042
runtime,fast_path,5.375
runtime,fast_path,18.459
runtime,fast_path,16.375
runtime,fast_path,3.958
runtime,fast_path,13.500
runtime,fast_path,3.333
runtime,fast_path,13.542
runtime,fast_path,4.583
runtime,fast_path,17.042
runtime,fast_path,17.417
runtime,fast_path,16.458
runtime,fast_path,22.583
runtime,fast_path,17.834
runtime,fast_path,4.834
runtime,fast_path,5.208
runtime,fast_path,16.958
runtime,fast_path,16.084
runtime,slow_path_optimize,64873.417
runtime,slow_path_optimize,64148.958
runtime,slow_path_optimize,64087.292
runtime,slow_path_optimize,64109.375
runtime,slow_path_optimize,64230.625
runtime,slow_path_optimize,64159.666
runtime,slow_path_optimize,64223.333
runtime,slow_path_optimize,64458.167
runtime,slow_path_optimize,65373.208
runtime,slow_path_optimize,65383.958
runtime,slow_path_optimize,64631.833
runtime,slow_path_optimize,65330.000
runtime,slow_path_optimize,64632.375
runtime,slow_path_optimize,64246.458
runtime,slow_path_optimize,64239.958
runtime,slow_path_optimize,64570.792
runtime,slow_path_optimize,64401.292
runtime,slow_path_optimize,64642.500
runtime,slow_path_optimize,64572.083
runtime,slow_path_optimize,64344.250
runtime,slow_path_optimize,64752.042
runtime,slow_path_optimize,64852.708
runtime,slow_path_optimize,64901.208
runtime,slow_path_optimize,64205.333
runtime,slow_path_optimize,64757.792
runtime,slow_path_optimize,64987.417
runtime,slow_path_optimize,64828.000
runtime,slow_path_optimize,65101.209
runtime,slow_path_optimize,64693.792
runtime,slow_path_optimize,64769.375
runtime,slow_path_optimize,64591.375
runtime,slow_path_optimize,64894.375
runtime,slow_path_optimize,64726.291
runtime,slow_path_optimize,64578.042
runtime,slow_path_optimize,65936.542
runtime,slow_path_optimize,64769.750
runtime,slow_path_optimize,64289.042
runtime,slow_path_optimize,64625.416
runtime,slow_path_optimize,64408.500
runtime,slow_path_optimize,64272.375
runtime,slow_path_optimize,64425.250
runtime,slow_path_optimize,64409.667
runtime,slow_path_optimize,64138.083
runtime,slow_path_optimize,64147.000
runtime,slow_path_optimize,63992.292
runtime,slow_path_optimize,64048.292
runtime,slow_path_optimize,63994.250
runtime,slow_path_optimize,63696.083
runtime,slow_path_optimize,64059.959
runtime,slow_path_optimize,63616.083
runtime,slow_path_optimize,64263.375
runtime,slow_path_optimize,63775.375
runtime,slow_path_optimize,63686.250
runtime,slow_path_optimize,63808.542
runtime,slow_path_optimize,63374.958
runtime,slow_path_optimize,63976.958
runtime,slow_path_optimize,63756.375
runtime,slow_path_optimize,63092.125
runtime,slow_path_optimize,64317.084
runtime,slow_path_optimize,63842.417
runtime,slow_path_optimize,64052.166
runtime,slow_path_optimize,64086.958
runtime,slow_path_optimize,63981.583
runtime,slow_path_optimize,64292.125
runtime,slow_path_optimize,64152.833
runtime,slow_path_optimize,63828.875
runtime,slow_path_optimize,63915.917
runtime,slow_path_optimize,63753.083
runtime,slow_path_optimize,63992.416
runtime,slow_path_optimize,63706.125
runtime,slow_path_optimize,64026.750
runtime,slow_path_optimize,63799.833
runtime,slow_path_optimize,63581.625
runtime,slow_path_optimize,63889.500
runtime,slow_path_optimize,63846.250
runtime,slow_path_optimize,63575.209
runtime,slow_path_optimize,64031.000
runtime,slow_path_optimize,63751.417
runtime,slow_path_optimize,63627.708
runtime,slow_path_optimize,64332.333
runtime,slow_path_optimize,64017.958
runtime,slow_path_optimize,64291.417
runtime,slow_path_optimize,63866.417
runtime,slow_path_optimize,63779.500
runtime,slow_path_optimize,64056.375
runtime,slow_path_optimize,64202.541
runtime,slow_path_optimize,64132.708
runtime,slow_path_optimize,63971.041
runtime,slow_path_optimize,63384.042
runtime,slow_path_optimize,63620.500
runtime,slow_path_optimize,63709.917
runtime,slow_path_optimize,63953.500
runtime,slow_path_optimize,63631.542
runtime,slow_path_optimize,64009.542
runtime,slow_path_optimize,64581.709
runtime,slow_path_optimize,63500.833
runtime,slow_path_optimize,63962.208
runtime,slow_path_optimize,63907.417
runtime,slow_path_optimize,63563.208
runtime,slow_path_optimize,63436.042
runtime,slow_path_optimize,63784.083
runtime,slow_path_optimize,63890.667
runtime,slow_path_optimize,63972.917
runtime,slow_path_optimize,64073.250
runtime,slow_path_optimize,63679.625
runtime,slow_path_optimize,63751.167
runtime,slow_path_optimize,63772.000
runtime,slow_path_optimize,63500.250
runtime,slow_path_optimize,63869.958
runtime,slow_path_optimize,63819.500
runtime,slow_path_optimize,63495.000
runtime,slow_path_optimize,63339.209
runtime,slow_path_optimize,63745.375
runtime,slow_path_optimize,63656.500
runtime,slow_path_optimize,63487.083
runtime,slow_path_optimize,63799.166
runtime,slow_path_optimize,63851.042
runtime,slow_path_optimize,64061.625
runtime,slow_path_optimize,63753.208
runtime,slow_path_optimize,63801.958
runtime,slow_path_optimize,64206.083
runtime,slow_path_optimize,63150.000
runtime,slow_path_optimize,64201.166
runtime,slow_path_optimize,63761.792
runtime,slow_path_optimize,63905.791
runtime,slow_path_optimize,64213.834
runtime,slow_path_optimize,64206.833
runtime,slow_path_optimize,64457.500
runtime,slow_path_optimize,63475.375
runtime,slow_path_optimize,63790.959
runtime,slow_path_optimize,63669.542
runtime,slow_path_optimize,64020.125
runtime,slow_path_optimize,63662.458
runtime,slow_path_optimize,63292.916
runtime,slow_path_optimize,63852.125
runtime,slow_path_optimize,63354.916
runtime,slow_path_optimize,63598.250
runtime,slow_path_optimize,63627.708
runtime,slow_path_optimize,63544.625
runtime,slow_path_optimize,63804.791
runtime,slow_path_optimize,63831.375
runtime,slow_path_optimize,63850.834
runtime,slow_path_optimize,63709.333
runtime,slow_path_optimize,63484.875
runtime,slow_path_optimize,63404.958
runtime,slow_path_optimize,63356.083
runtime,slow_path_optimize,63614.167
runtime,slow_path_optimize,63340.708
runtime,slow_path_optimize,63563.417
runtime,slow_path_optimize,63649.958
runtime,slow_path_optimize,63725.042
runtime,slow_path_optimize,63481.500
runtime,slow_path_optimize,63568.417
runtime,slow_path_optimize,63443.875
runtime,slow_path_optimize,63307.708
runtime,slow_path_optimize,63448.125
runtime,slow_path_optimize,63756.292
runtime,slow_path_optimize,63399.583
runtime,slow_path_optimize,63781.667
runtime,slow_path_optimize,63679.208
runtime,slow_path_optimize,63799.750
runtime,slow_path_optimize,63313.166
runtime,slow_path_optimize,63834.834
runtime,slow_path_optimize,63426.416
runtime,slow_path_optimize,63829.917
runtime,slow_path_optimize,63825.959
runtime,slow_path_optimize,63622.209
runtime,slow_path_optimize,63510.875
runtime,slow_path_optimize,63717.208
runtime,slow_path_optimize,63774.792
runtime,slow_path_optimize,63462.209
runtime,slow_path_optimize,63780.958
runtime,slow_path_optimize,64294.708
runtime,slow_path_optimize,64138.041
runtime,slow_path_optimize,63950.875
runtime,slow_path_optimize,63977.500
runtime,slow_path_optimize,64232.416
runtime,slow_path_optimize,64366.458
runtime,slow_path_optimize,63476.375
runtime,slow_path_optimize,64047.375
runtime,slow_path_optimize,63613.500
runtime,slow_path_optimize,63909.625
runtime,slow_path_optimize,63894.542
runtime,slow_path_optimize,64524.709
runtime,slow_path_optimize,64125.583
runtime,slow_path_optimize,64189.375
runtime,slow_path_optimize,63953.834
runtime,slow_path_optimize,63912.792
runtime,slow_path_optimize,63965.875
runtime,slow_path_optimize,63844.000
runtime,slow_path_optimize,63734.583
runtime,slow_path_optimize,64085.125
runtime,slow_path_optimize,63823.750
runtime,slow_path_optimize,63764.458
runtime,slow_path_optimize,63830.500
runtime,slow_path_optimize,63977.334
runtime,slow_path_optimize,63973.083
runtime,slow_path_optimize,63581.584
runtime,slow_path_optimize,63521.042
runtime,slow_path_optimize,63836.416
runtime,slow_path_optimize,63448.166
runtime,slow_path_optimize,63783.208
runtime,slow_path_optimize,63994.875
runtime,slow_path_optimize,63974.625
runtime,slow_path_optimize,63692.875
runtime,slow_path_optimize,63859.334
runtime,slow_path_optimize,64470.500
runtime,slow_path_optimize,63897.917
runtime,slow_path_optimize,63850.584
runtime,slow_path_optimize,64176.166
runtime,slow_path_optimize,64228.583
runtime,slow_path_optimize,63861.791
runtime,slow_path_optimize,64032.125
runtime,slow_path_optimize,63600.959
runtime,slow_path_optimize,63846.000
runtime,slow_path_optimize,64605.584
runtime,slow_path_optimize,64379.167
runtime,slow_path_optimize,64368.625
runtime,slow_path_optimize,64732.875
runtime,slow_path_optimize,64243.166
runtime,slow_path_optimize,64651.625
runtime,slow_path_optimize,64238.417
runtime,slow_path_optimize,64330.375
runtime,slow_path_optimize,64017.000
runtime,slow_path_optimize,64199.458
runtime,slow_path_optimize,64621.667
runtime,slow_path_optimize,64329.334
runtime,slow_path_optimize,64448.250
runtime,slow_path_optimize,64553.542
runtime,slow_path_optimize,64689.750
runtime,slow_path_optimize,64616.458
runtime,slow_path_optimize,64520.333
runtime,slow_path_optimize,64379.250
runtime,slow_path_optimize,64605.667
runtime,slow_path_optimize,64541.458
runtime,slow_path_optimize,64400.042
runtime,slow_path_optimize,64637.083
runtime,slow_path_optimize,64171.000
runtime,slow_path_optimize,63958.083
runtime,slow_path_optimize,64064.416
runtime,slow_path_optimize,64283.584
runtime,slow_path_optimize,64672.792
runtime,slow_path_optimize,64391.708
runtime,slow_path_optimize,64251.541
runtime,slow_path_optimize,64038.292
runtime,slow_path_optimize,64204.042
runtime,slow_path_optimize,64137.375
runtime,slow_path_optimize,64113.833
runtime,slow_path_optimize,64349.291
runtime,slow_path_optimize,64098.500
runtime,slow_path_optimize,64158.500
runtime,slow_path_optimize,64669.833
runtime,slow_path_optimize,64140.583
runtime,slow_path_optimize,64207.125
runtime,slow_path_optimize,64616.167
runtime,slow_path_optimize,64274.542
runtime,slow_path_optimize,64579.333
runtime,slow_path_optimize,64631.791
runtime,slow_path_optimize,64502.750
runtime,slow_path_optimize,64287.209
runtime,slow_path_optimize,64454.542
runtime,slow_path_optimize,64101.458
runtime,slow_path_optimize,64376.208
runtime,slow_path_optimize,64294.167
runtime,slow_path_optimize,64453.958
runtime,slow_path_optimize,64022.833
runtime,slow_path_optimize,64603.125
runtime,slow_path_optimize,64470.292
runtime,slow_path_optimize,78470.708
runtime,slow_path_optimize,64775.291
runtime,slow_path_optimize,65033.750
runtime,slow_path_optimize,64746.375
runtime,slow_path_optimize,64661.834
runtime,slow_path_optimize,64480.375
runtime,slow_path_optimize,64947.458
runtime,slow_path_optimize,64221.834
runtime,slow_path_optimize,64538.459
runtime,slow_path_optimize,64868.042
runtime,slow_path_optimize,64463.292
runtime,slow_path_optimize,64704.875
runtime,slow_path_optimize,64625.250
runtime,slow_path_optimize,64557.583
runtime,slow_path_optimize,64308.000
runtime,slow_path_optimize,64153.833
runtime,slow_path_optimize,64247.583
runtime,slow_path_optimize,64019.792
runtime,slow_path_optimize,64541.500
runtime,slow_path_optimize,64557.250
runtime,slow_path_optimize,64313.792
runtime,slow_path_optimize,64257.417
runtime,slow_path_optimize,64188.583
runtime,slow_path_optimize,64699.125
runtime,slow_path_optimize,63838.833
runtime,slow_path_optimize,64948.125
runtime,slow_path_optimize,64364.333
runtime,slow_path_optimize,64680.875
runtime,slow_path_optimize,65008.875
runtime,slow_path_optimize,64407.041
runtime,slow_path_optimize,64955.083
runtime,slow_path_optimize,64340.083
runtime,slow_path_optimize,64438.875
runtime,slow_path_optimize,64535.750
runtime,slow_path_optimize,64280.709
runtime,slow_path_optimize,64662.250
runtime,slow_path_optimize,64362.083
runtime,slow_path_optimize,64570.208
runtime,slow_path_optimize,64394.875
runtime,slow_path_optimize,64620.042
runtime,slow_path_optimize,64370.417
runtime,slow_path_optimize,64583.208
runtime,slow_path_optimize,64763.667
runtime,slow_path_optimize,64589.083
runtime,slow_path_optimize,64227.041
runtime,slow_path_optimize,64238.083
runtime,slow_path_optimize,64844.667
runtime,slow_path_optimize,64292.375
runtime,slow_path_optimize,64368.750
runtime,slow_path_optimize,64675.708
runtime,slow_path_optimize,64445.958
runtime,slow_path_optimize,64424.917
runtime,slow_path_optimize,64289.584
runtime,slow_path_optimize,64213.167
runtime,slow_path_optimize,64522.125
runtime,slow_path_optimize,64314.708
runtime,slow_path_optimize,64400.500
runtime,slow_path_optimize,64674.875
runtime,slow_path_optimize,64415.333
runtime,slow_path_optimize,64564.292
runtime,slow_path_optimize,64022.292
runtime,slow_path_optimize,63823.625
runtime,slow_path_optimize,64230.667
runtime,slow_path_optimize,64034.333
runtime,slow_path_optimize,64189.416
runtime,slow_path_optimize,64391.291
runtime,slow_path_optimize,63996.208
runtime,slow_path_optimize,64420.125
runtime,slow_path_optimize,64193.208
runtime,slow_path_optimize,63928.291
runtime,slow_path_optimize,64046.709
runtime,slow_path_optimize,64064.084
runtime,slow_path_optimize,64134.709
runtime,slow_path_optimize,63959.042
runtime,slow_path_optimize,63815.000
runtime,slow_path_optimize,64148.875
runtime,slow_path_optimize,64531.833
runtime,slow_path_optimize,63928.250
runtime,slow_path_optimize,64139.042
runtime,slow_path_optimize,63867.041
runtime,slow_path_optimize,64175.916
runtime,slow_path_optimize,64258.459
runtime,slow_path_optimize,64194.542
runtime,slow_path_optimize,63820.625
runtime,slow_path_optimize,63427.041
runtime,slow_path_optimize,64088.000
runtime,slow_path_optimize,64173.708
runtime,slow_path_optimize,64977.791
runtime,slow_path_optimize,64441.875
runtime,slow_path_optimize,64487.416
runtime,slow_path_optimize,64350.166
runtime,slow_path_optimize,63947.500
runtime,slow_path_optimize,64664.167
runtime,slow_path_optimize,64126.083
runtime,slow_path_optimize,64154.000
runtime,slow_path_optimize,64411.333
runtime,slow_path_optimize,64282.708
runtime,slow_path_optimize,64379.959
runtime,slow_path_optimize,64179.625
runtime,slow_path_optimize,64272.458
runtime,slow_path_optimize,63924.500
runtime,slow_path_optimize,64055.834
runtime,slow_path_optimize,64288.917
runtime,slow_path_optimize,64244.042
runtime,slow_path_optimize,64256.541
runtime,slow_path_optimize,64315.333
runtime,slow_path_optimize,64256.416
runtime,slow_path_optimize,64203.167
runtime,slow_path_optimize,63990.875
runtime,slow_path_optimize,63858.959
runtime,slow_path_optimize,63959.167
runtime,slow_path_optimize,64278.791
runtime,slow_path_optimize,64267.583
runtime,slow_path_optimize,64228.292
runtime,slow_path_optimize,64499.708
runtime,slow_path_optimize,64235.166
runtime,slow_path_optimize,64243.458
runtime,slow_path_optimize,64306.167
runtime,slow_path_optimize,64435.666
runtime,slow_path_optimize,63846.208
runtime,slow_path_optimize,64084.916
runtime,slow_path_optimize,63920.500
runtime,slow_path_optimize,64179.042
runtime,slow_path_optimize,64195.584
runtime,slow_path_optimize,64029.458
runtime,slow_path_optimize,64181.083
runtime,slow_path_optimize,64202.083
runtime,slow_path_optimize,63880.917
runtime,slow_path_optimize,64285.459
runtime,slow_path_optimize,64101.291
runtime,slow_path_optimize,64180.625
runtime,slow_path_optimize,64224.166
runtime,slow_path_optimize,64381.042
runtime,slow_path_optimize,64218.708
runtime,slow_path_optimize,64090.917
runtime,slow_path_optimize,64179.917
runtime,slow_path_optimize,64386.500
runtime,slow_path_optimize,64387.625
runtime,slow_path_optimize,64186.667
runtime,slow_path_optimize,64506.833
runtime,slow_path_optimize,64129.792
runtime,slow_path_optimize,64134.583
runtime,slow_path_optimize,64139.917
runtime,slow_path_optimize,64297.958
runtime,slow_path_optimize,63631.250
runtime,slow_path_optimize,64875.292
runtime,slow_path_optimize,64149.416
runtime,slow_path_optimize,65124.958
runtime,slow_path_optimize,64635.958
runtime,slow_path_optimize,64441.333
runtime,slow_path_optimize,64595.708
runtime,slow_path_optimize,64909.042
runtime,slow_path_optimize,64346.000
runtime,slow_path_optimize,64429.125
runtime,slow_path_optimize,64486.917
runtime,slow_path_optimize,64153.291
runtime,slow_path_optimize,64245.125
runtime,slow_path_optimize,64493.750
runtime,slow_path_optimize,64166.416
runtime,slow_path_optimize,64333.792
runtime,slow_path_optimize,64343.667
runtime,slow_path_optimize,64071.209
runtime,slow_path_optimize,64205.792
runtime,slow_path_optimize,64109.208
runtime,slow_path_optimize,64286.917
runtime,slow_path_optimize,64683.875
runtime,slow_path_optimize,64087.667
runtime,slow_path_optimize,64147.667
runtime,slow_path_optimize,64400.375
runtime,slow_path_optimize,64262.041
runtime,slow_path_optimize,64114.125
runtime,slow_path_optimize,64384.000
runtime,slow_path_optimize,63840.791
runtime,slow_path_optimize,63997.833
runtime,slow_path_optimize,64173.208
runtime,slow_path_optimize,64363.125
runtime,slow_path_optimize,64411.125
runtime,slow_path_optimize,64174.166
runtime,slow_path_optimize,64693.583
runtime,slow_path_optimize,64303.541
runtime,slow_path_optimize,64326.375
runtime,slow_path_optimize,64517.291
runtime,slow_path_optimize,63868.916
runtime,slow_path_optimize,64368.833
runtime,slow_path_optimize,64381.208
runtime,slow_path_optimize,64593.041
runtime,slow_path_optimize,63947.875
runtime,slow_path_optimize,64363.167
runtime,slow_path_optimize,64232.584
runtime,slow_path_optimize,64512.750
runtime,slow_path_optimize,63955.084
runtime,slow_path_optimize,63891.750
runtime,slow_path_optimize,63616.917
runtime,slow_path_optimize,63611.708
runtime,slow_path_optimize,63654.833
runtime,slow_path_optimize,64053.000
runtime,slow_path_optimize,64091.583
runtime,slow_path_optimize,64133.459
runtime,slow_path_optimize,63257.792
runtime,slow_path_optimize,64248.583
runtime,slow_path_optimize,63120.750
runtime,slow_path_optimize,64419.208
runtime,slow_path_optimize,63672.541
runtime,slow_path_optimize,63902.875
runtime,slow_path_optimize,64013.625
runtime,slow_path_optimize,64084.458
runtime,slow_path_optimize,64134.750
runtime,slow_path_optimize,64326.875
runtime,slow_path_optimize,63934.375
runtime,slow_path_optimize,64133.041
runtime,slow_path_optimize,63950.791
runtime,slow_path_optimize,63903.625
runtime,slow_path_optimize,64020.958
runtime,slow_path_optimize,64124.000
runtime,slow_path_optimize,63977.125
runtime,slow_path_optimize,63964.792
runtime,slow_path_optimize,64179.458
runtime,slow_path_optimize,63684.625
runtime,slow_path_optimize,63919.250
runtime,slow_path_optimize,63634.416
runtime,slow_path_optimize,64032.000
runtime,slow_path_optimize,63884.000
runtime,slow_path_optimize,63691.375
runtime,slow_path_optimize,63564.500
runtime,slow_path_optimize,63678.667
runtime,slow_path_optimize,64307.125
runtime,slow_path_optimize,64099.958
runtime,slow_path_optimize,63539.625
runtime,slow_path_optimize,63727.042
runtime,slow_path_optimize,63687.417
runtime,slow_path_optimize,63863.667
runtime,slow_path_optimize,63470.750
runtime,slow_path_optimize,64005.416
runtime,slow_path_optimize,63518.417
runtime,slow_path_optimize,64204.792
runtime,slow_path_optimize,63397.958
runtime,slow_path_optimize,63778.500
runtime,slow_path_optimize,63984.041
runtime,slow_path_optimize,63799.125
runtime,slow_path_optimize,63589.041
runtime,slow_path_optimize,64041.166
runtime,slow_path_optimize,64096.708
runtime,slow_path_optimize,63849.792
runtime,slow_path_optimize,64189.083
runtime,slow_path_optimize,63657.375
runtime,slow_path_optimize,63866.666
runtime,slow_path_optimize,63910.917
runtime,slow_path_optimize,63794.000
runtime,slow_path_optimize,63087.917
runtime,slow_path_optimize,63379.166
runtime,slow_path_optimize,63853.000
runtime,slow_path_optimize,63643.292
runtime,slow_path_optimize,63369.500
runtime,slow_path_optimize,63826.291
runtime,slow_path_optimize,63596.500
runtime,slow_path_optimize,63908.375
runtime,slow_path_optimize,63536.959
runtime,slow_path_optimize,63402.500
runtime,slow_path_optimize,63623.666
runtime,slow_path_optimize,63619.166
runtime,slow_path_optimize,63488.833
runtime,slow_path_optimize,63437.542
runtime,slow_path_optimize,63777.167
runtime,slow_path_optimize,63657.625
runtime,slow_path_optimize,63726.125
runtime,slow_path_optimize,63485.167
runtime,slow_path_optimize,63386.833
runtime,slow_path_optimize,63957.833
runtime,slow_path_optimize,63875.333
runtime,slow_path_optimize,63854.750
runtime,slow_path_optimize,64022.833
runtime,slow_path_optimize,63549.541
runtime,slow_path_optimize,64028.500
runtime,slow_path_optimize,64052.792
runtime,slow_path_optimize,63649.708
runtime,slow_path_optimize,63707.958
runtime,slow_path_optimize,63801.333
runtime,slow_path_optimize,63340.750
runtime,slow_path_optimize,63692.250
runtime,slow_path_optimize,64004.292
runtime,slow_path_optimize,63486.250
runtime,slow_path_optimize,63702.917
runtime,slow_path_optimize,64039.208
runtime,slow_path_optimize,63386.958
runtime,slow_path_optimize,63864.750
runtime,slow_path_optimize,63842.666
runtime,slow_path_optimize,63719.625
runtime,slow_path_optimize,63560.083
runtime,slow_path_optimize,63883.958
runtime,slow_path_optimize,64209.834
runtime,slow_path_optimize,63801.666
runtime,slow_path_optimize,63685.750
runtime,slow_path_optimize,63698.209
runtime,slow_path_optimize,63781.416
runtime,slow_path_optimize,63825.875
runtime,slow_path_optimize,63839.833
runtime,slow_path_optimize,63697.542
runtime,slow_path_optimize,63564.833
runtime,slow_path_optimize,63806.291
runtime,slow_path_optimize,64038.250
runtime,slow_path_optimize,63781.209
runtime,slow_path_optimize,64122.708
runtime,slow_path_optimize,63992.625
runtime,slow_path_optimize,63711.666
runtime,slow_path_optimize,63785.250
runtime,slow_path_optimize,64238.875
runtime,slow_path_optimize,63911.584
runtime,slow_path_optimize,64077.459
runtime,slow_path_optimize,64053.292
runtime,slow_path_optimize,64072.958
runtime,slow_path_optimize,64196.125
runtime,slow_path_optimize,64080.959
runtime,slow_path_optimize,63795.542
runtime,slow_path_optimize,64006.541
runtime,slow_path_optimize,63824.917
runtime,slow_path_optimize,63579.042
runtime,slow_path_optimize,63882.250
runtime,slow_path_optimize,64045.458
runtime,slow_path_optimize,63719.834
runtime,slow_path_optimize,63987.041
runtime,slow_path_optimize,63252.041
runtime,slow_path_optimize,64142.208
runtime,slow_path_optimize,63871.541
runtime,slow_path_optimize,64042.125
runtime,slow_path_optimize,64168.875
runtime,slow_path_optimize,64303.625
runtime,slow_path_optimize,64137.000
runtime,slow_path_optimize,63813.708
runtime,slow_path_optimize,64111.583
runtime,slow_path_optimize,63803.208
runtime,slow_path_optimize,64045.750
runtime,slow_path_optimize,64052.500
runtime,slow_path_optimize,63760.667
runtime,slow_path_optimize,63782.958
runtime,slow_path_optimize,64037.834
runtime,slow_path_optimize,63705.208
runtime,slow_path_optimize,64005.375
runtime,slow_path_optimize,63791.583
runtime,slow_path_optimize,63804.416
runtime,slow_path_optimize,63940.833
runtime,slow_path_optimize,63778.000
runtime,slow_path_optimize,63975.666
runtime,slow_path_optimize,63590.917
runtime,slow_path_optimize,63708.750
runtime,slow_path_optimize,63594.709
runtime,slow_path_optimize,63752.375
runtime,slow_path_optimize,63586.250
runtime,slow_path_optimize,63782.542
runtime,slow_path_optimize,63834.125
runtime,slow_path_optimize,63725.667
runtime,slow_path_optimize,63855.417
runtime,slow_path_optimize,63669.916
runtime,slow_path_optimize,63714.917
runtime,slow_path_optimize,63848.583
runtime,slow_path_optimize,63712.125
runtime,slow_path_optimize,63860.000
runtime,slow_path_optimize,63855.667
runtime,slow_path_optimize,63948.834
runtime,slow_path_optimize,63832.958
runtime,slow_path_optimize,63858.208
runtime,slow_path_optimize,63932.334
runtime,slow_path_optimize,63866.625
runtime,slow_path_optimize,64145.959
runtime,slow_path_optimize,64101.333
runtime,slow_path_optimize,63797.959
runtime,slow_path_optimize,64045.792
runtime,slow_path_optimize,63787.583
runtime,slow_path_optimize,63938.084
runtime,slow_path_optimize,63881.834
runtime,slow_path_optimize,63937.250
runtime,slow_path_optimize,64034.625
runtime,slow_path_optimize,63765.041
runtime,slow_path_optimize,63734.291
runtime,slow_path_optimize,63637.333
runtime,slow_path_optimize,63762.000
runtime,slow_path_optimize,63949.583
runtime,slow_path_optimize,63600.750
runtime,slow_path_optimize,64172.292
runtime,slow_path_optimize,64400.708
runtime,slow_path_optimize,63796.750
runtime,slow_path_optimize,63283.708
runtime,slow_path_optimize,64254.292
runtime,slow_path_optimize,64116.125
runtime,slow_path_optimize,64451.375
runtime,slow_path_optimize,64357.042
runtime,slow_path_optimize,64387.000
runtime,slow_path_optimize,64437.375
runtime,slow_path_optimize,64548.250
runtime,slow_path_optimize,63950.041
runtime,slow_path_optimize,64087.625
runtime,slow_path_optimize,63849.833
runtime,slow_path_optimize,63810.958
runtime,slow_path_optimize,63755.709
runtime,slow_path_optimize,64119.583
runtime,slow_path_optimize,64096.458
runtime,slow_path_optimize,63957.916
runtime,slow_path_optimize,64224.667
runtime,slow_path_optimize,64137.875
runtime,slow_path_optimize,64104.000
runtime,slow_path_optimize,63827.625
runtime,slow_path_optimize,64229.500
runtime,slow_path_optimize,63739.167
runtime,slow_path_optimize,63977.708
runtime,slow_path_optimize,63986.000
runtime,slow_path_optimize,63819.792
runtime,slow_path_optimize,63786.666
runtime,slow_path_optimize,63968.834
runtime,slow_path_optimize,64269.125
runtime,slow_path_optimize,63872.833
runtime,slow_path_optimize,63861.333
runtime,slow_path_optimize,64046.584
runtime,slow_path_optimize,64023.375
runtime,slow_path_optimize,64134.750
runtime,slow_path_optimize,64035.584
runtime,slow_path_optimize,64761.792
runtime,slow_path_optimize,64113.458
runtime,slow_path_optimize,63926.666
runtime,slow_path_optimize,63828.209
runtime,slow_path_optimize,63572.291
runtime,slow_path_optimize,64110.709
runtime,slow_path_optimize,64154.000
runtime,slow_path_optimize,63761.250
runtime,slow_path_optimize,63909.042
runtime,slow_path_optimize,64072.250
runtime,slow_path_optimize,64141.834
runtime,slow_path_optimize,64449.500
runtime,slow_path_optimize,64921.000
runtime,slow_path_optimize,64405.459
runtime,slow_path_optimize,64259.000
runtime,slow_path_optimize,64220.292
runtime,slow_path_optimize,64097.375
runtime,slow_path_optimize,64321.833
runtime,slow_path_optimize,64019.583
runtime,slow_path_optimize,63945.125
runtime,slow_path_optimize,64307.042
runtime,slow_path_optimize,64140.542
runtime,slow_path_optimize,63911.000
runtime,slow_path_optimize,63882.334
runtime,slow_path_optimize,63967.791
runtime,slow_path_optimize,63953.458
runtime,slow_path_optimize,64056.125
runtime,slow_path_optimize,64211.459
runtime,slow_path_optimize,64162.458
runtime,slow_path_optimize,64207.833
runtime,slow_path_optimize,63162.125
runtime,slow_path_optimize,64208.834
runtime,slow_path_optimize,64117.709
runtime,slow_path_optimize,64062.792
runtime,slow_path_optimize,64293.667
runtime,slow_path_optimize,64231.417
runtime,slow_path_optimize,64536.334
runtime,slow_path_optimize,64408.875
runtime,slow_path_optimize,65492.625
runtime,slow_path_optimize,64706.042
runtime,slow_path_optimize,64394.875
runtime,slow_path_optimize,64915.291
runtime,slow_path_optimize,64628.625
runtime,slow_path_optimize,65426.125
runtime,slow_path_optimize,64417.250
runtime,slow_path_optimize,64989.458
runtime,slow_path_optimize,64284.167
runtime,slow_path_optimize,64750.125
runtime,slow_path_optimize,64420.458
runtime,slow_path_optimize,64241.583
runtime,slow_path_optimize,64778.167
runtime,slow_path_optimize,65007.958
runtime,slow_path_optimize,65274.958
runtime,slow_path_optimize,64138.458
runtime,slow_path_optimize,65324.291
runtime,slow_path_optimize,64259.375
runtime,slow_path_optimize,64861.209
runtime,slow_path_optimize,64472.875
runtime,slow_path_optimize,64226.333
runtime,slow_path_optimize,64178.750
runtime,slow_path_optimize,64409.208
runtime,slow_path_optimize,64252.375
runtime,slow_path_optimize,64434.958
runtime,slow_path_optimize,64092.666
runtime,slow_path_optimize,64925.709
runtime,slow_path_optimize,64371.417
runtime,slow_path_optimize,64134.667
runtime,slow_path_optimize,64395.166
runtime,slow_path_optimize,64099.958
runtime,slow_path_optimize,64005.209
runtime,slow_path_optimize,64326.792
runtime,slow_path_optimize,63670.458
runtime,slow_path_optimize,64201.000
runtime,slow_path_optimize,64083.959
runtime,slow_path_optimize,64406.583
runtime,slow_path_optimize,63954.750
runtime,slow_path_optimize,64484.333
runtime,slow_path_optimize,63971.125
runtime,slow_path_optimize,64347.750
runtime,slow_path_optimize,64297.583
runtime,slow_path_optimize,64113.208
runtime,slow_path_optimize,63844.292
runtime,slow_path_optimize,64033.458
runtime,slow_path_optimize,64530.708
runtime,slow_path_optimize,64288.083
runtime,slow_path_optimize,63914.458
runtime,slow_path_optimize,64353.584
runtime,slow_path_optimize,64377.792
runtime,slow_path_optimize,64211.667
runtime,slow_path_optimize,64013.208
runtime,slow_path_optimize,64574.083
runtime,slow_path_optimize,63981.042
runtime,slow_path_optimize,64278.500
runtime,slow_path_optimize,64192.084
runtime,slow_path_optimize,65848.042
runtime,slow_path_optimize,65397.834
runtime,slow_path_optimize,65663.833
runtime,slow_path_optimize,64659.542
runtime,slow_path_optimize,64620.708
runtime,slow_path_optimize,64685.708
runtime,slow_path_optimize,64462.416
runtime,slow_path_optimize,64011.708
runtime,slow_path_optimize,63836.833
runtime,slow_path_optimize,64121.125
runtime,slow_path_optimize,63969.583
runtime,slow_path_optimize,64424.625
runtime,slow_path_optimize,63743.417
runtime,slow_path_optimize,64088.959
runtime,slow_path_optimize,64136.417
runtime,slow_path_optimize,63938.875
runtime,slow_path_optimize,64329.875
runtime,slow_path_optimize,64025.916
runtime,slow_path_optimize,64249.458
runtime,slow_path_optimize,64226.334
runtime,slow_path_optimize,64295.125
runtime,slow_path_optimize,64209.416
runtime,slow_path_optimize,64216.208
runtime,slow_path_optimize,63877.250
runtime,slow_path_optimize,64087.709
runtime,slow_path_optimize,63920.625
runtime,slow_path_optimize,64330.041
runtime,slow_path_optimize,64250.958
runtime,slow_path_optimize,63801.541
runtime,slow_path_optimize,64353.000
runtime,slow_path_optimize,64004.958
runtime,slow_path_optimize,64505.875
runtime,slow_path_optimize,64199.041
runtime,slow_path_optimize,64318.166
runtime,slow_path_optimize,64325.208
runtime,slow_path_optimize,64384.459
runtime,slow_path_optimize,64469.084
runtime,slow_path_optimize,64321.583
runtime,slow_path_optimize,64080.875
runtime,slow_path_optimize,64391.750
runtime,slow_path_optimize,64765.084
runtime,slow_path_optimize,64335.916
runtime,slow_path_optimize,64615.250
runtime,slow_path_optimize,64372.000
runtime,slow_path_optimize,63962.833
runtime,slow_path_optimize,64412.041
runtime,slow_path_optimize,64328.667
runtime,slow_path_optimize,64440.833
runtime,slow_path_optimize,64841.875
runtime,slow_path_optimize,64437.208
runtime,slow_path_optimize,64558.125
runtime,slow_path_optimize,64010.125
runtime,slow_path_optimize,64976.375
runtime,slow_path_optimize,64323.208
runtime,slow_path_optimize,64376.292
runtime,slow_path_optimize,64415.583
runtime,slow_path_optimize,64772.459
runtime,slow_path_optimize,64440.792
runtime,slow_path_optimize,64314.917
runtime,slow_path_optimize,64285.666
runtime,slow_path_optimize,64078.625
runtime,slow_path_optimize,64161.958
runtime,slow_path_optimize,64084.375
runtime,slow_path_optimize,64239.625
runtime,slow_path_optimize,64259.042
runtime,slow_path_optimize,64558.750
runtime,slow_path_optimize,64381.958
runtime,slow_path_optimize,64511.917
runtime,slow_path_optimize,64053.667
runtime,slow_path_optimize,63984.500
runtime,slow_path_optimize,63841.667
runtime,slow_path_optimize,64068.000
runtime,slow_path_optimize,64144.583
runtime,slow_path_optimize,64291.875
runtime,slow_path_optimize,64249.083
runtime,slow_path_optimize,64178.417
runtime,slow_path_optimize,64053.625
runtime,slow_path_optimize,63957.250
runtime,slow_path_optimize,64202.167
runtime,slow_path_optimize,64155.000
runtime,slow_path_optimize,64022.791
runtime,slow_path_optimize,64390.458
runtime,slow_path_optimize,64472.250
runtime,slow_path_optimize,64240.042
runtime,slow_path_optimize,64258.209
runtime,slow_path_optimize,63688.417
runtime,slow_path_optimize,64130.083
runtime,slow_path_optimize,64317.542
runtime,slow_path_optimize,64164.458
runtime,slow_path_optimize,64195.167
runtime,slow_path_optimize,64521.875
runtime,slow_path_optimize,64134.458
runtime,slow_path_optimize,63926.708
runtime,slow_path_optimize,63858.959
runtime,slow_path_optimize,64050.834
runtime,slow_path_optimize,64281.042
runtime,slow_path_optimize,64257.917
runtime,slow_path_optimize,64259.709
runtime,slow_path_optimize,64423.458
runtime,slow_path_optimize,63936.041
runtime,slow_path_optimize,64548.541
runtime,slow_path_optimize,64128.792
runtime,slow_path_optimize,64570.208
runtime,slow_path_optimize,64693.917
runtime,slow_path_optimize,64559.333
runtime,slow_path_optimize,63916.167
runtime,slow_path_optimize,64015.834
runtime,slow_path_optimize,64475.834
runtime,slow_path_optimize,64449.208
runtime,slow_path_optimize,64490.125
runtime,slow_path_optimize,64726.708
runtime,slow_path_optimize,64563.584
runtime,slow_path_optimize,64468.500
runtime,slow_path_optimize,64828.709
runtime,slow_path_optimize,64359.333
runtime,slow_path_optimize,64179.000
runtime,slow_path_optimize,64120.292
runtime,slow_path_optimize,64313.041
runtime,slow_path_optimize,64166.292
runtime,slow_path_optimize,63997.750
runtime,slow_path_optimize,64281.292
runtime,slow_path_optimize,64146.583
runtime,slow_path_optimize,64141.917
runtime,slow_path_optimize,64256.333
runtime,slow_path_optimize,64247.958
runtime,slow_path_optimize,64026.458
runtime,slow_path_optimize,64450.417
runtime,slow_path_optimize,64304.334
runtime,slow_path_optimize,64553.916
runtime,slow_path_optimize,64255.458
runtime,slow_path_optimize,64531.417
runtime,slow_path_optimize,64273.583
runtime,slow_path_optimize,64499.625
runtime,slow_path_optimize,64209.584
runtime,slow_path_optimize,64528.083
runtime,slow_path_optimize,64190.459
runtime,slow_path_optimize,64723.625
runtime,slow_path_optimize,64311.708
runtime,slow_path_optimize,64302.375
runtime,slow_path_optimize,64414.000
runtime,slow_path_optimize,64093.583
runtime,slow_path_optimize,64690.000
runtime,slow_path_optimize,64645.959
runtime,slow_path_optimize,63947.208
runtime,slow_path_optimize,64661.166
runtime,slow_path_optimize,64401.750
runtime,slow_path_optimize,64163.583
runtime,slow_path_optimize,64375.875
runtime,slow_path_optimize,64212.208
runtime,slow_path_optimize,64485.000
runtime,slow_path_optimize,63928.542
runtime,slow_path_optimize,64200.125
runtime,slow_path_optimize,64402.167
runtime,slow_path_optimize,63850.458
runtime,slow_path_optimize,63958.250
runtime,slow_path_optimize,64309.666
runtime,slow_path_optimize,63996.625
runtime,slow_path_optimize,64150.250
runtime,slow_path_optimize,63926.292
runtime,slow_path_optimize,63704.625
runtime,slow_path_optimize,63939.125
runtime,slow_path_optimize,64035.042
runtime,slow_path_optimize,63651.833
runtime,slow_path_optimize,63880.584
runtime,slow_path_optimize,63548.583
runtime,slow_path_optimize,63324.041
runtime,slow_path_optimize,64423.917
runtime,slow_path_optimize,63687.333
runtime,slow_path_optimize,63629.000
runtime,slow_path_optimize,63539.500
runtime,slow_path_optimize,63632.291
runtime,slow_path_optimize,63900.834
runtime,slow_path_optimize,64131.292
runtime,slow_path_optimize,64021.042
runtime,slow_path_optimize,63840.375
runtime,slow_path_optimize,64716.792
runtime,slow_path_optimize,64076.125
runtime,slow_path_optimize,63973.625
runtime,slow_path_optimize,63499.208
runtime,slow_path_optimize,64283.667
runtime,slow_path_optimize,64166.292
runtime,slow_path_optimize,64058.333
runtime,slow_path_optimize,63883.208
runtime,slow_path_optimize,64021.500
runtime,slow_path_optimize,63929.666
runtime,slow_path_optimize,64109.125
runtime,slow_path_optimize,64351.708
runtime,slow_path_optimize,63764.500
runtime,slow_path_optimize,64051.583
runtime,slow_path_optimize,63979.584
runtime,slow_path_optimize,63787.209
runtime,slow_path_optimize,63935.042
runtime,slow_path_optimize,64207.667
runtime,slow_path_optimize,63995.042
runtime,slow_path_optimize,63807.875
runtime,slow_path_optimize,64065.167
runtime,slow_path_optimize,63981.708
runtime,slow_path_optimize,63869.792
runtime,slow_path_optimize,64263.125
runtime,slow_path_optimize,63863.709
runtime,slow_path_optimize,63984.750
runtime,slow_path_optimize,64111.625
runtime,slow_path_optimize,63997.750
runtime,slow_path_optimize,64307.375
runtime,slow_path_optimize,64322.958
runtime,slow_path_optimize,64161.916
runtime,slow_path_optimize,63850.542
runtime,slow_path_optimize,64105.250
runtime,slow_path_optimize,63875.416
runtime,slow_path_optimize,63986.708
runtime,slow_path_optimize,64021.791
runtime,slow_path_optimize,64228.166
runtime,slow_path_optimize,63830.750
runtime,slow_path_optimize,63929.791
runtime,slow_path_optimize,64085.209
runtime,slow_path_optimize,64072.625
runtime,slow_path_optimize,63778.500
runtime,slow_path_optimize,63959.083
runtime,slow_path_optimize,63654.042
runtime,slow_path_optimize,63830.000
runtime,slow_path_optimize,64012.625
runtime,slow_path_optimize,64155.125
runtime,slow_path_optimize,64006.584
runtime,slow_path_optimize,63978.917
runtime,slow_path_optimize,64601.333
runtime,slow_path_optimize,64048.792
runtime,slow_path_optimize,63922.000
runtime,slow_path_optimize,64313.250
runtime,slow_path_optimize,63888.792
runtime,slow_path_optimize,64101.375
runtime,slow_path_optimize,64287.166
runtime,slow_path_optimize,64036.708
runtime,slow_path_optimize,63814.125
runtime,slow_path_optimize,63771.250
runtime,slow_path_optimize,64004.584
runtime,slow_path_optimize,64600.916
runtime,slow_path_optimize,64099.875
runtime,slow_path_optimize,63830.375
runtime,slow_path_optimize,63900.875
runtime,slow_path_optimize,64580.292
runtime,slow_path_optimize,63769.791
runtime,slow_path_optimize,63593.041
runtime,slow_path_optimize,63710.875
runtime,slow_path_optimize,63577.750
runtime,slow_path_optimize,63878.583
runtime,slow_path_optimize,64211.375
runtime,slow_path_optimize,63391.542
runtime,slow_path_optimize,63794.333
runtime,slow_path_optimize,63742.458
runtime,slow_path_optimize,63888.083
runtime,slow_path_optimize,63457.375
runtime,slow_path_optimize,63576.125
runtime,slow_path_optimize,63831.625
runtime,slow_path_optimize,63876.000
runtime,slow_path_optimize,63754.458
runtime,slow_path_optimize,64155.000
runtime,slow_path_optimize,64069.625
runtime,slow_path_optimize,63597.625
runtime,slow_path_optimize,63788.250
runtime,slow_path_optimize,64053.292
runtime,slow_path_optimize,63583.750
runtime,slow_path_optimize,64097.250
runtime,slow_path_optimize,64372.583
runtime,slow_path_optimize,63691.167
runtime,slow_path_optimize,63397.375
runtime,slow_path_optimize,64029.917
runtime,slow_path_optimize,63874.875
runtime,slow_path_optimize,63593.958
runtime,slow_path_optimize,64405.459
runtime,slow_path_optimize,64163.833
runtime,slow_path_optimize,63985.250
runtime,slow_path_optimize,64065.208
runtime,slow_path_optimize,63939.709
runtime,slow_path_optimize,63733.875
runtime,slow_path_optimize,64363.875
runtime,slow_path_optimize,63760.875
runtime,slow_path_optimize,64006.458
runtime,slow_path_optimize,64025.167
runtime,slow_path_optimize,64073.000
runtime,slow_path_optimize,64682.750
runtime,slow_path_optimize,64287.333
runtime,slow_path_optimize,64083.125
runtime,slow_path_optimize,64624.875
runtime,slow_path_optimize,64205.292
runtime,slow_path_optimize,64623.667
runtime,slow_path_optimize,64673.958
runtime,slow_path_optimize,63839.958
runtime,slow_path_optimize,64120.375
runtime,slow_path_optimize,64168.041
runtime,slow_path_optimize,66483.542
runtime,slow_path_optimize,64179.666
runtime,slow_path_optimize,63903.584
runtime,slow_path_optimize,64294.583
runtime,slow_path_optimize,63863.125
runtime,slow_path_optimize,64104.834
runtime,slow_path_optimize,63948.750
runtime,slow_path_optimize,64145.458
runtime,slow_path_optimize,63935.625
runtime,slow_path_optimize,64104.917
runtime,slow_path_optimize,64301.250
runtime,slow_path_optimize,63581.916
runtime,slow_path_optimize,63901.041
runtime,slow_path_optimize,63803.167
runtime,slow_path_optimize,63936.292
runtime,slow_path_optimize,63797.250
runtime,slow_path_optimize,63542.125
runtime,slow_path_optimize,63911.792
runtime,slow_path_optimize,63930.917
runtime,slow_path_optimize,63567.958
runtime,slow_path_optimize,64096.125
runtime,slow_path_optimize,64081.333
runtime,slow_path_optimize,63893.042
runtime,slow_path_optimize,63857.167
runtime,slow_path_optimize,63690.584
runtime,slow_path_optimize,63888.375
runtime,slow_path_optimize,63671.541
runtime,slow_path_optimize,64074.417
runtime,slow_path_optimize,64306.833
runtime,slow_path_optimize,63640.458
runtime,slow_path_optimize,63997.708
runtime,slow_path_optimize,63626.042
runtime,slow_path_optimize,64171.125
runtime,slow_path_optimize,63673.833
runtime,slow_path_optimize,64281.167
runtime,slow_path_optimize,64233.625
runtime,slow_path_optimize,63708.334
runtime,slow_path_optimize,63773.708
runtime,slow_path_optimize,64057.416
runtime,slow_path_optimize,64524.833
runtime,slow_path_optimize,64208.917
runtime,slow_path_optimize,64174.792
runtime,slow_path_optimize,63969.583
runtime,slow_path_optimize,64253.000
runtime,slow_path_optimize,64059.584
runtime,slow_path_optimize,64051.084
runtime,slow_path_optimize,64284.125
runtime,slow_path_optimize,63953.750
runtime,slow_path_optimize,63968.625
runtime,slow_path_optimize,63955.125
runtime,slow_path_optimize,63671.042
runtime,slow_path_optimize,64314.000
runtime,slow_path_optimize,63885.708
runtime,slow_path_optimize,63948.708
runtime,slow_path_optimize,63916.167
runtime,slow_path_optimize,64021.667
runtime,slow_path_optimize,64071.167
runtime,slow_path_optimize,63824.833
runtime,slow_path_optimize,64356.667
runtime,slow_path_optimize,64002.875
runtime,slow_path_optimize,63770.375
runtime,slow_path_optimize,63874.750
runtime,slow_path_optimize,63637.583
runtime,slow_path_optimize,63803.500
runtime,slow_path_optimize,63676.250
runtime,slow_path_optimize,63643.792
runtime,slow_path_optimize,63765.583
runtime,slow_path_optimize,63995.125
runtime,slow_path_optimize,63911.584
runtime,slow_path_optimize,63933.208
runtime,slow_path_optimize,63733.584
runtime,slow_path_optimize,63777.000
runtime,slow_path_optimize,64325.459
runtime,slow_path_optimize,64174.958
runtime,slow_path_optimize,64150.125
runtime,slow_path_optimize,63636.542
runtime,slow_path_optimize,64316.917
runtime,slow_path_optimize,63840.875
runtime,slow_path_optimize,63966.292
runtime,slow_path_optimize,63927.709
runtime,slow_path_optimize,63824.500
runtime,slow_path_optimize,64065.458
runtime,slow_path_optimize,63752.708
runtime,slow_path_optimize,64013.042
runtime,slow_path_optimize,64200.917
runtime,slow_path_optimize,64149.833
runtime,slow_path_optimize,63899.292
runtime,slow_path_optimize,64229.541
runtime,slow_path_optimize,64391.292
runtime,slow_path_optimize,64536.250
runtime,slow_path_optimize,64199.500
runtime,slow_path_optimize,64471.500
runtime,slow_path_optimize,64784.125
runtime,slow_path_optimize,64225.292
runtime,slow_path_optimize,64640.167
runtime,slow_path_optimize,64471.042
runtime,slow_path_optimize,64325.375
runtime,slow_path_optimize,64688.083
runtime,slow_path_optimize,64449.167
runtime,slow_path_optimize,64261.291
runtime,slow_path_optimize,64117.417
runtime,slow_path_optimize,64371.583
runtime,slow_path_optimize,64339.250
runtime,slow_path_optimize,64363.583
runtime,slow_path_optimize,64316.708
runtime,slow_path_optimize,64189.917
runtime,slow_path_optimize,64147.542
runtime,slow_path_optimize,64332.125
runtime,slow_path_optimize,63998.583
runtime,slow_path_optimize,64244.792
runtime,slow_path_optimize,64276.833
runtime,slow_path_optimize,64201.209
runtime,slow_path_optimize,64024.125
runtime,slow_path_optimize,64303.625
runtime,slow_path_optimize,63953.084
runtime,slow_path_optimize,64326.250
runtime,slow_path_optimize,64237.125
runtime,policy_propagation,7555.250
runtime,policy_propagation,9026.541
runtime,policy_propagation,6949.958
runtime,policy_propagation,7503.959
runtime,policy_propagation,7544.500
runtime,policy_propagation,7539.750
runtime,policy_propagation,7545.250
runtime,policy_propagation,27.208
runtime,policy_propagation,5325.125
runtime,policy_propagation,6062.125
runtime,policy_propagation,7501.500
runtime,policy_propagation,32.459
runtime,policy_propagation,7500.250
runtime,policy_propagation,7546.458
runtime,policy_propagation,7543.917
runtime,policy_propagation,9068.500
runtime,policy_propagation,9172.625
runtime,policy_propagation,5991.292
runtime,policy_propagation,7541.500
runtime,policy_propagation,7537.917
runtime,policy_propagation,7540.667
runtime,policy_propagation,31.334
runtime,policy_propagation,7544.041
runtime,policy_propagation,9049.417
runtime,policy_propagation,27.750
runtime,policy_propagation,7495.375
runtime,policy_propagation,29.250
runtime,policy_propagation,33.333
runtime,policy_propagation,7543.916
runtime,policy_propagation,5384.541
runtime,policy_propagation,7558.208
runtime,policy_propagation,7554.333
runtime,policy_propagation,9058.417
runtime,policy_propagation,9208.292
runtime,policy_propagation,28.041
runtime,policy_propagation,7537.500
runtime,policy_propagation,7542.625
runtime,policy_propagation,7547.500
runtime,policy_propagation,31.166
runtime,policy_propagation,7541.584
runtime,policy_propagation,7507.375
runtime,policy_propagation,7541.083
runtime,policy_propagation,30.791
runtime,policy_propagation,9113.000
runtime,policy_propagation,7546.042
runtime,policy_propagation,9018.334
runtime,policy_propagation,7548.042
runtime,policy_propagation,5377.125
runtime,policy_propagation,7488.750
runtime,policy_propagation,7540.167
runtime,policy_propagation,7538.792
runtime,policy_propagation,7542.833
runtime,policy_propagation,9047.958
runtime,policy_propagation,7542.583
runtime,policy_propagation,5873.875
runtime,policy_propagation,7507.166
runtime,policy_propagation,7544.000
runtime,policy_propagation,7534.667
runtime,policy_propagation,8986.875
runtime,policy_propagation,8977.416
runtime,policy_propagation,9129.000
runtime,policy_propagation,7546.958
runtime,policy_propagation,7482.791
runtime,policy_propagation,7539.291
runtime,policy_propagation,9080.334
runtime,policy_propagation,7546.958
runtime,policy_propagation,7547.375
runtime,policy_propagation,7543.666
runtime,policy_propagation,8989.583
runtime,policy_propagation,7539.583
runtime,policy_propagation,9099.458
runtime,policy_propagation,7551.625
runtime,policy_propagation,7507.333
runtime,policy_propagation,7543.583
runtime,policy_propagation,7545.250
runtime,policy_propagation,7546.166
runtime,policy_propagation,9108.667
runtime,policy_propagation,7540.500
runtime,policy_propagation,31.792
runtime,policy_propagation,7544.083
runtime,policy_propagation,8917.208
runtime,policy_propagation,7543.292
runtime,policy_propagation,5103.250
runtime,policy_propagation,7542.292
runtime,policy_propagation,7541.791
runtime,policy_propagation,9048.750
runtime,policy_propagation,9034.750
runtime,policy_propagation,7556.417
runtime,policy_propagation,9085.584
runtime,policy_propagation,7546.542
runtime,policy_propagation,7503.875
runtime,policy_propagation,9051.917
runtime,policy_propagation,8998.125
runtime,policy_propagation,7540.709
runtime,policy_propagation,9102.042
runtime,policy_propagation,7550.917
runtime,policy_propagation,5240.375
runtime,policy_propagation,7507.708
runtime,policy_propagation,7541.333
runtime,policy_propagation,9170.333
runtime,policy_propagation,5817.125
runtime,policy_propagation,7494.166
runtime,policy_propagation,7484.875
runtime,policy_propagation,9086.041
runtime,policy_propagation,9046.875
runtime,policy_propagation,9030.167
runtime,policy_propagation,7541.708
runtime,policy_propagation,7544.041
runtime,policy_propagation,7503.042
runtime,policy_propagation,7542.917
runtime,policy_propagation,7547.625
runtime,policy_propagation,9131.916
runtime,policy_propagation,7546.959
runtime,policy_propagation,7539.791
runtime,policy_propagation,7542.709
runtime,policy_propagation,8983.792
runtime,policy_propagation,9117.292
runtime,policy_propagation,7540.250
runtime,policy_propagation,9026.167
runtime,policy_propagation,7542.166
runtime,policy_propagation,7542.125
runtime,policy_propagation,9091.917
runtime,policy_propagation,7557.792
runtime,policy_propagation,32.625
runtime,policy_propagation,7553.625
runtime,policy_propagation,6585.459
runtime,policy_propagation,7543.875
runtime,policy_propagation,5087.417
runtime,policy_propagation,6486.291
runtime,policy_propagation,7539.542
runtime,policy_propagation,7032.708
runtime,policy_propagation,7542.541
runtime,policy_propagation,7547.875
runtime,policy_propagation,8999.792
runtime,policy_propagation,7502.833
runtime,policy_propagation,9143.917
runtime,policy_propagation,7498.333
runtime,policy_propagation,7546.750
runtime,policy_propagation,7534.833
runtime,policy_propagation,9002.625
runtime,policy_propagation,7548.417
runtime,policy_propagation,7544.792
runtime,policy_propagation,7545.250
runtime,policy_propagation,7548.542
runtime,policy_propagation,7457.834
runtime,policy_propagation,7543.375
runtime,policy_propagation,7545.875
runtime,policy_propagation,8998.375
runtime,policy_propagation,7542.334
runtime,policy_propagation,6254.208
runtime,policy_propagation,7511.625
runtime,policy_propagation,7548.750
runtime,policy_propagation,26.208
runtime,policy_propagation,7539.625
runtime,policy_propagation,7540.542
runtime,policy_propagation,6955.667
runtime,policy_propagation,7539.208
runtime,policy_propagation,7541.000
runtime,policy_propagation,7542.542
runtime,policy_propagation,9050.250
runtime,policy_propagation,7057.000
runtime,policy_propagation,7542.416
runtime,policy_propagation,7546.375
runtime,policy_propagation,7506.666
runtime,policy_propagation,7548.500
runtime,policy_propagation,9027.250
runtime,policy_propagation,6761.291
runtime,policy_propagation,7543.167
runtime,policy_propagation,7540.334
runtime,policy_propagation,7542.375
runtime,policy_propagation,7546.000
runtime,policy_propagation,7543.709
runtime,policy_propagation,6943.625
runtime,policy_propagation,29.667
runtime,policy_propagation,5770.208
runtime,policy_propagation,7537.500
runtime,policy_propagation,7547.792
runtime,policy_propagation,9088.083
runtime,policy_propagation,9060.959
runtime,policy_propagation,8982.834
runtime,policy_propagation,7536.000
runtime,policy_propagation,7540.417
runtime,policy_propagation,7548.292
runtime,policy_propagation,5498.375
runtime,policy_propagation,7500.208
runtime,policy_propagation,7544.167
runtime,policy_propagation,7547.500
runtime,policy_propagation,9093.750
runtime,policy_propagation,9086.000
runtime,policy_propagation,5722.583
runtime,policy_propagation,7509.000
runtime,policy_propagation,8981.792
runtime,policy_propagation,7537.791
runtime,policy_propagation,7547.292
runtime,policy_propagation,5577.667
runtime,policy_propagation,6736.333
runtime,policy_propagation,7536.834
runtime,policy_propagation,7539.125
runtime,policy_propagation,9018.416
runtime,policy_propagation,7535.333
runtime,policy_propagation,7541.375
runtime,policy_propagation,7545.750
runtime,policy_propagation,7491.500
runtime,policy_propagation,7540.542
runtime,policy_propagation,7545.042
runtime,policy_propagation,25.584
runtime,policy_propagation,7542.250
runtime,policy_propagation,9044.209
runtime,policy_propagation,7544.042
runtime,policy_propagation,9052.375
runtime,policy_propagation,32.833
runtime,policy_propagation,8955.917
runtime,policy_propagation,7538.125
runtime,policy_propagation,7547.792
runtime,policy_propagation,5743.000
runtime,policy_propagation,7513.375
runtime,policy_propagation,7540.625
runtime,policy_propagation,7492.875
runtime,policy_propagation,9022.541
runtime,policy_propagation,7542.375
runtime,policy_propagation,7547.916
runtime,policy_propagation,7506.000
runtime,policy_propagation,7478.416
runtime,policy_propagation,7543.375
runtime,policy_propagation,7549.166
runtime,policy_propagation,7539.542
runtime,policy_propagation,7508.667
runtime,policy_propagation,7541.208
runtime,policy_propagation,7544.792
runtime,policy_propagation,7514.459
runtime,policy_propagation,7536.500
runtime,policy_propagation,7544.458
runtime,policy_propagation,9033.292
runtime,policy_propagation,7541.375
runtime,policy_propagation,9054.958
runtime,policy_propagation,9069.625
runtime,policy_propagation,7502.000
runtime,policy_propagation,7545.042
runtime,policy_propagation,7539.292
runtime,policy_propagation,9105.916
runtime,policy_propagation,7544.916
runtime,policy_propagation,9139.416
runtime,policy_propagation,7495.708
runtime,policy_propagation,7541.458
runtime,policy_propagation,7537.375
runtime,policy_propagation,30.041
runtime,policy_propagation,7540.083
runtime,policy_propagation,7543.417
runtime,policy_propagation,8966.708
runtime,policy_propagation,7488.875
runtime,policy_propagation,7554.375
runtime,policy_propagation,7498.250
runtime,policy_propagation,7541.125
runtime,policy_propagation,9146.166
runtime,policy_propagation,7544.959
runtime,policy_propagation,7543.291
runtime,policy_propagation,7546.708
runtime,policy_propagation,7542.541
runtime,policy_propagation,7552.542
runtime,policy_propagation,7547.875
runtime,policy_propagation,7537.709
runtime,policy_propagation,14112.917
runtime,policy_propagation,7547.458
runtime,policy_propagation,7588.625
runtime,policy_propagation,36.208
runtime,policy_propagation,32.375
runtime,policy_propagation,7427.666
runtime,policy_propagation,7546.333
runtime,policy_propagation,7540.917
runtime,policy_propagation,9030.292
runtime,policy_propagation,7550.375
runtime,policy_propagation,7321.541
runtime,policy_propagation,7566.584
runtime,policy_propagation,7506.667
runtime,policy_propagation,7541.167
runtime,policy_propagation,7542.250
runtime,policy_propagation,7536.958
runtime,policy_propagation,7543.375
runtime,policy_propagation,7544.916
runtime,policy_propagation,6782.625
runtime,policy_propagation,7545.125
runtime,policy_propagation,6128.250
runtime,policy_propagation,6231.458
runtime,policy_propagation,7504.833
runtime,policy_propagation,7545.084
runtime,policy_propagation,8995.000
runtime,policy_propagation,7538.333
runtime,policy_propagation,7535.916
runtime,policy_propagation,9088.916
runtime,policy_propagation,7541.083
runtime,policy_propagation,7544.791
runtime,policy_propagation,9101.000
runtime,policy_propagation,7043.917
runtime,policy_propagation,6772.084
runtime,policy_propagation,7081.083
runtime,policy_propagation,7550.041
runtime,policy_propagation,7492.375
runtime,policy_propagation,7497.209
runtime,policy_propagation,7543.458
runtime,policy_propagation,7545.917
runtime,policy_propagation,9031.125
runtime,policy_propagation,7536.792
runtime,policy_propagation,7499.375
runtime,policy_propagation,7547.250
runtime,policy_propagation,7541.500
runtime,policy_propagation,7023.958
runtime,policy_propagation,7544.042
runtime,policy_propagation,9106.250
runtime,policy_propagation,7345.250
runtime,policy_propagation,7545.667
runtime,policy_propagation,7543.458
runtime,policy_propagation,7455.083
runtime,policy_propagation,7537.958
runtime,policy_propagation,7535.625
runtime,policy_propagation,7540.125
runtime,policy_propagation,9111.917
runtime,policy_propagation,7550.292
runtime,policy_propagation,7544.584
runtime,policy_propagation,7551.959
runtime,policy_propagation,7540.459
runtime,policy_propagation,7547.083
runtime,policy_propagation,7547.875
runtime,policy_propagation,7506.958
runtime,policy_propagation,7583.583
runtime,policy_propagation,7548.292
runtime,policy_propagation,7547.583
runtime,policy_propagation,7544.209
runtime,policy_propagation,9021.875
runtime,policy_propagation,7491.625
runtime,policy_propagation,7553.167
runtime,policy_propagation,8943.584
runtime,policy_propagation,9079.500
runtime,policy_propagation,9024.792
runtime,policy_propagation,9039.083
runtime,policy_propagation,7545.375
runtime,policy_propagation,6249.500
runtime,policy_propagation,7250.416
runtime,policy_propagation,7543.125
runtime,policy_propagation,7542.209
runtime,policy_propagation,7537.208
runtime,policy_propagation,7546.792
runtime,policy_propagation,7498.667
runtime,policy_propagation,7116.375
runtime,policy_propagation,7508.625
runtime,policy_propagation,9082.292
runtime,policy_propagation,7546.584
runtime,policy_propagation,5418.917
runtime,policy_propagation,9039.625
runtime,policy_propagation,7543.208
runtime,policy_propagation,7544.125
runtime,policy_propagation,9041.709
runtime,policy_propagation,7539.000
runtime,policy_propagation,7543.709
runtime,policy_propagation,9105.292
runtime,policy_propagation,9002.666
runtime,policy_propagation,8923.958
runtime,policy_propagation,7547.083
runtime,policy_propagation,7543.458
runtime,policy_propagation,7539.375
runtime,policy_propagation,5269.708
runtime,policy_propagation,7508.625
runtime,policy_propagation,7546.916
runtime,policy_propagation,7537.542
runtime,policy_propagation,7544.666
runtime,policy_propagation,7538.542
runtime,policy_propagation,7541.500
runtime,policy_propagation,7544.875
runtime,policy_propagation,7544.208
runtime,policy_propagation,7548.958
runtime,policy_propagation,7542.500
runtime,policy_propagation,7499.917
runtime,policy_propagation,7540.334
runtime,policy_propagation,7547.834
runtime,policy_propagation,7542.334
runtime,policy_propagation,7509.250
runtime,policy_propagation,5836.250
runtime,policy_propagation,7541.292
runtime,policy_propagation,7501.916
runtime,policy_propagation,7542.292
runtime,policy_propagation,7542.917
runtime,policy_propagation,7541.083
runtime,policy_propagation,7541.250
runtime,policy_propagation,7511.042
runtime,policy_propagation,7538.833
runtime,policy_propagation,7037.500
runtime,policy_propagation,7540.291
runtime,policy_propagation,9034.167
runtime,policy_propagation,9081.917
runtime,policy_propagation,7553.584
runtime,policy_propagation,7547.416
runtime,policy_propagation,7546.167
runtime,policy_propagation,7540.584
runtime,policy_propagation,8945.750
runtime,policy_propagation,9073.875
runtime,policy_propagation,6891.375
runtime,policy_propagation,7539.125
runtime,policy_propagation,7549.667
runtime,policy_propagation,5404.875
runtime,policy_propagation,7543.125
runtime,policy_propagation,7509.958
runtime,policy_propagation,6793.666
runtime,policy_propagation,7542.791
runtime,policy_propagation,7544.500
runtime,policy_propagation,8992.250
runtime,policy_propagation,7543.834
runtime,policy_propagation,5546.584
runtime,policy_propagation,9094.250
runtime,policy_propagation,9087.000
runtime,policy_propagation,7539.625
runtime,policy_propagation,7542.625
runtime,policy_propagation,9039.625
runtime,policy_propagation,7505.083
runtime,policy_propagation,7493.500
runtime,policy_propagation,7547.542
runtime,policy_propagation,7545.917
runtime,policy_propagation,7546.166
runtime,policy_propagation,9038.667
runtime,policy_propagation,9025.000
runtime,policy_propagation,7473.958
runtime,policy_propagation,7546.791
runtime,policy_propagation,7548.625
runtime,policy_propagation,5392.041
runtime,policy_propagation,7513.333
runtime,policy_propagation,7546.125
runtime,policy_propagation,9031.875
runtime,policy_propagation,7540.916
runtime,policy_propagation,7542.458
runtime,policy_propagation,7547.458
runtime,policy_propagation,7549.083
runtime,policy_propagation,9052.459
runtime,policy_propagation,9120.750
runtime,policy_propagation,7506.917
runtime,policy_propagation,7546.750
runtime,policy_propagation,9040.250
runtime,policy_propagation,9017.542
runtime,policy_propagation,7540.041
runtime,policy_propagation,7497.916
runtime,policy_propagation,9092.000
runtime,policy_propagation,7535.083
runtime,policy_propagation,7549.042
runtime,policy_propagation,7487.917
runtime,policy_propagation,7560.667
runtime,policy_propagation,9067.250
runtime,policy_propagation,7540.000
runtime,policy_propagation,7536.584
runtime,policy_propagation,7545.375
runtime,policy_propagation,7547.792
runtime,policy_propagation,7542.375
runtime,policy_propagation,9083.792
runtime,policy_propagation,7491.958
runtime,policy_propagation,7545.542
runtime,policy_propagation,7543.666
runtime,policy_propagation,9024.167
runtime,policy_propagation,7538.875
runtime,policy_propagation,7504.916
runtime,policy_propagation,7539.667
runtime,policy_propagation,7501.833
runtime,policy_propagation,7533.500
runtime,policy_propagation,9099.542
runtime,policy_propagation,7547.334
runtime,policy_propagation,7550.792
runtime,policy_propagation,7546.166
runtime,policy_propagation,8982.291
runtime,policy_propagation,7545.875
runtime,policy_propagation,9139.417
runtime,policy_propagation,7549.125
runtime,policy_propagation,7543.583
runtime,policy_propagation,7540.417
runtime,policy_propagation,9052.667
runtime,policy_propagation,7546.750
runtime,policy_propagation,7541.125
runtime,policy_propagation,9100.833
runtime,policy_propagation,7541.666
runtime,policy_propagation,7539.500
runtime,policy_propagation,7465.334
runtime,policy_propagation,7552.041
runtime,policy_propagation,7544.000
runtime,policy_propagation,7507.417
runtime,policy_propagation,8956.459
runtime,policy_propagation,7547.333
runtime,policy_propagation,8918.458
runtime,policy_propagation,7545.500
runtime,policy_propagation,7547.458
runtime,policy_propagation,7544.459
runtime,policy_propagation,7543.500
runtime,policy_propagation,7549.583
runtime,policy_propagation,5733.709
runtime,policy_propagation,9133.625
runtime,policy_propagation,9102.958
runtime,policy_propagation,7541.917
runtime,policy_propagation,7545.209
runtime,policy_propagation,7543.958
runtime,policy_propagation,7543.042
runtime,policy_propagation,7492.583
runtime,policy_propagation,7541.209
runtime,policy_propagation,7504.375
runtime,policy_propagation,7553.542
runtime,policy_propagation,7543.625
runtime,policy_propagation,7543.083
runtime,policy_propagation,7542.708
runtime,policy_propagation,9124.584
runtime,policy_propagation,7554.042
runtime,policy_propagation,7540.084
runtime,policy_propagation,7007.083
runtime,policy_propagation,7537.458
runtime,policy_propagation,7135.375
runtime,policy_propagation,7516.166
runtime,policy_propagation,7537.625
runtime,policy_propagation,7546.250
runtime,policy_propagation,7540.208
runtime,policy_propagation,7535.125
runtime,policy_propagation,9161.458
runtime,policy_propagation,7545.583
runtime,policy_propagation,7543.292
runtime,policy_propagation,9077.458
runtime,policy_propagation,7548.709
runtime,policy_propagation,7547.958
runtime,policy_propagation,7542.375
runtime,policy_propagation,7539.375
runtime,policy_propagation,7501.292
runtime,policy_propagation,9196.666
runtime,policy_propagation,7543.709
runtime,policy_propagation,9072.791
runtime,policy_propagation,7504.959
runtime,policy_propagation,7546.125
runtime,policy_propagation,9103.416
runtime,policy_propagation,7546.791
runtime,policy_propagation,7544.375
runtime,policy_propagation,9032.750
runtime,policy_propagation,7498.792
runtime,policy_propagation,7529.625
runtime,policy_propagation,7540.542
runtime,policy_propagation,9069.291
runtime,policy_propagation,5481.625
runtime,policy_propagation,7552.208
runtime,policy_propagation,7542.834
runtime,policy_propagation,7542.500
runtime,policy_propagation,7551.291
runtime,policy_propagation,5881.500
runtime,policy_propagation,7541.667
runtime,policy_propagation,7540.334
runtime,policy_propagation,7536.333
runtime,policy_propagation,6214.000
runtime,policy_propagation,7505.875
runtime,policy_propagation,6374.333
runtime,policy_propagation,7508.292
runtime,policy_propagation,7507.750
runtime,policy_propagation,7537.584
runtime,policy_propagation,9121.667
runtime,policy_propagation,9045.333
runtime,policy_propagation,7255.958
runtime,policy_propagation,7537.250
runtime,policy_propagation,9000.833
runtime,policy_propagation,7546.541
runtime,policy_propagation,9112.500
runtime,policy_propagation,7542.250
runtime,policy_propagation,5070.084
runtime,policy_propagation,7548.667
runtime,policy_propagation,9022.208
runtime,policy_propagation,5762.375
runtime,policy_propagation,7538.083
runtime,policy_propagation,7540.708
runtime,policy_propagation,6247.916
runtime,policy_propagation,7500.167
runtime,policy_propagation,8979.208
runtime,policy_propagation,7540.208
runtime,policy_propagation,7545.041
runtime,policy_propagation,7540.500
runtime,policy_propagation,9206.750
runtime,policy_propagation,7512.833
runtime,policy_propagation,9047.667
runtime,policy_propagation,7505.166
runtime,policy_propagation,9104.625
runtime,policy_propagation,7481.875
runtime,policy_propagation,7542.959
runtime,policy_propagation,7538.042
runtime,policy_propagation,26.958
runtime,policy_propagation,7560.125
runtime,policy_propagation,7550.542
runtime,policy_propagation,7551.292
runtime,policy_propagation,7540.750
runtime,policy_propagation,7538.292
runtime,policy_propagation,7543.208
runtime,policy_propagation,7544.250
runtime,policy_propagation,7540.583
runtime,policy_propagation,7549.000
runtime,policy_propagation,7541.208
runtime,policy_propagation,7543.417
runtime,policy_propagation,7539.416
runtime,policy_propagation,7544.875
runtime,policy_propagation,7543.042
runtime,policy_propagation,7507.250
runtime,policy_propagation,9023.166
runtime,policy_propagation,7542.750
runtime,policy_propagation,7551.042
runtime,policy_propagation,9076.542
runtime,policy_propagation,5967.708
runtime,policy_propagation,7548.542
runtime,policy_propagation,9012.208
runtime,policy_propagation,7544.916
runtime,policy_propagation,7542.292
runtime,policy_propagation,7548.042
runtime,policy_propagation,7541.458
runtime,policy_propagation,7546.833
runtime,policy_propagation,7543.167
runtime,policy_propagation,7543.083
runtime,policy_propagation,7540.541
runtime,policy_propagation,6545.875
runtime,policy_propagation,7158.208
runtime,policy_propagation,7541.083
runtime,policy_propagation,7508.166
runtime,policy_propagation,7543.292
runtime,policy_propagation,9118.000
runtime,policy_propagation,5362.042
runtime,policy_propagation,5828.417
runtime,policy_propagation,7483.083
runtime,policy_propagation,8995.333
runtime,policy_propagation,7497.667
runtime,policy_propagation,7548.875
runtime,policy_propagation,7544.875
runtime,policy_propagation,7538.958
runtime,policy_propagation,7548.542
runtime,policy_propagation,7542.542
runtime,policy_propagation,7543.916
runtime,policy_propagation,7492.292
runtime,policy_propagation,7542.625
runtime,policy_propagation,9100.500
runtime,policy_propagation,7541.958
runtime,policy_propagation,9151.083
runtime,policy_propagation,9056.584
runtime,policy_propagation,7536.583
runtime,policy_propagation,7558.708
runtime,policy_propagation,7544.334
runtime,policy_propagation,7510.375
runtime,policy_propagation,7535.208
runtime,policy_propagation,7542.917
runtime,policy_propagation,5916.750
runtime,policy_propagation,6537.291
runtime,policy_propagation,7544.500
runtime,policy_propagation,9006.750
runtime,policy_propagation,7508.416
runtime,policy_propagation,7540.708
runtime,policy_propagation,7543.917
runtime,policy_propagation,6148.875
runtime,policy_propagation,7538.791
runtime,policy_propagation,7502.916
runtime,policy_propagation,7545.250
runtime,policy_propagation,7554.167
runtime,policy_propagation,7544.917
runtime,policy_propagation,6146.417
runtime,policy_propagation,6994.916
runtime,policy_propagation,7547.750
runtime,policy_propagation,7546.083
runtime,policy_propagation,7539.834
runtime,policy_propagation,9074.500
runtime,policy_propagation,7546.458
runtime,policy_propagation,7545.041
runtime,policy_propagation,7535.875
runtime,policy_propagation,7541.958
runtime,policy_propagation,7552.791
runtime,policy_propagation,7539.375
runtime,policy_propagation,7550.875
runtime,policy_propagation,5817.459
runtime,policy_propagation,7543.542
runtime,policy_propagation,8980.500
runtime,policy_propagation,9037.958
runtime,policy_propagation,22.417
runtime,policy_propagation,7544.334
runtime,policy_propagation,9081.792
runtime,policy_propagation,7540.625
runtime,policy_propagation,7544.958
runtime,policy_propagation,7538.792
runtime,policy_propagation,7500.000
runtime,policy_propagation,6410.584
runtime,policy_propagation,36.041
runtime,policy_propagation,5385.500
runtime,policy_propagation,7546.000
runtime,policy_propagation,7541.084
runtime,policy_propagation,7497.208
runtime,policy_propagation,7543.208
runtime,policy_propagation,7541.417
runtime,policy_propagation,7509.792
runtime,policy_propagation,7538.959
runtime,policy_propagation,7547.500
runtime,policy_propagation,7537.708
runtime,policy_propagation,7507.125
runtime,policy_propagation,7535.500
runtime,policy_propagation,7546.833
runtime,policy_propagation,9112.292
runtime,policy_propagation,7550.125
runtime,policy_propagation,7540.208
runtime,policy_propagation,9068.542
runtime,policy_propagation,8994.208
runtime,policy_propagation,9133.208
runtime,policy_propagation,7542.291
runtime,policy_propagation,7538.584
runtime,policy_propagation,7540.250
runtime,policy_propagation,8960.041
runtime,policy_propagation,7548.125
runtime,policy_propagation,7541.875
runtime,policy_propagation,7544.583
runtime,policy_propagation,7504.417
runtime,policy_propagation,7541.250
runtime,policy_propagation,7506.417
runtime,policy_propagation,7541.584
runtime,policy_propagation,8961.833
runtime,policy_propagation,7547.708
runtime,policy_propagation,7535.584
runtime,policy_propagation,9115.041
runtime,policy_propagation,7168.292
runtime,policy_propagation,7543.417
runtime,policy_propagation,7542.875
runtime,policy_propagation,7544.375
runtime,policy_propagation,9034.417
runtime,policy_propagation,9160.583
runtime,policy_propagation,7542.416
runtime,policy_propagation,7550.667
runtime,policy_propagation,9061.792
runtime,policy_propagation,7551.792
runtime,policy_propagation,7508.292
runtime,policy_propagation,6411.375
runtime,policy_propagation,7485.583
runtime,policy_propagation,7539.916
runtime,policy_propagation,7541.459
runtime,policy_propagation,5820.917
runtime,policy_propagation,7556.000
runtime,policy_propagation,7543.625
runtime,policy_propagation,7503.750
runtime,policy_propagation,7537.250
runtime,policy_propagation,7543.167
runtime,policy_propagation,9064.125
runtime,policy_propagation,9033.042
runtime,policy_propagation,7562.708
runtime,policy_propagation,9008.083
runtime,policy_propagation,7544.750
runtime,policy_propagation,8996.125
runtime,policy_propagation,7548.875
runtime,policy_propagation,7540.458
runtime,policy_propagation,7506.250
runtime,policy_propagation,7548.291
runtime,policy_propagation,8980.167
runtime,policy_propagation,9000.000
runtime,policy_propagation,7535.292
runtime,policy_propagation,7546.291
runtime,policy_propagation,9060.375
runtime,policy_propagation,9056.791
runtime,policy_propagation,7541.209
runtime,policy_propagation,7500.083
runtime,policy_propagation,7542.208
runtime,policy_propagation,7544.667
runtime,policy_propagation,7137.000
runtime,policy_propagation,7509.792
runtime,policy_propagation,9017.334
runtime,policy_propagation,7544.042
runtime,policy_propagation,9744.583
runtime,policy_propagation,7540.125
runtime,policy_propagation,7538.250
runtime,policy_propagation,7540.042
runtime,policy_propagation,7538.209
runtime,policy_propagation,7541.250
runtime,policy_propagation,9049.542
runtime,policy_propagation,7537.041
runtime,policy_propagation,7540.000
runtime,policy_propagation,7540.708
runtime,policy_propagation,7538.542
runtime,policy_propagation,9059.000
runtime,policy_propagation,7542.375
runtime,policy_propagation,7545.584
runtime,policy_propagation,9039.666
runtime,policy_propagation,7543.458
runtime,policy_propagation,7546.250
runtime,policy_propagation,6791.792
runtime,policy_propagation,7547.000
runtime,policy_propagation,7407.458
runtime,policy_propagation,7544.042
runtime,policy_propagation,9050.042
runtime,policy_propagation,7542.167
runtime,policy_propagation,7544.958
runtime,policy_propagation,7360.583
runtime,policy_propagation,9023.792
runtime,policy_propagation,7542.625
runtime,policy_propagation,7545.375
runtime,policy_propagation,7544.500
runtime,policy_propagation,7542.375
runtime,policy_propagation,7541.375
runtime,policy_propagation,7543.334
runtime,policy_propagation,7541.542
runtime,policy_propagation,7549.750
runtime,policy_propagation,7546.417
runtime,policy_propagation,7547.500
runtime,policy_propagation,7543.416
runtime,policy_propagation,7543.291
runtime,policy_propagation,6098.500
runtime,policy_propagation,7544.125
runtime,policy_propagation,7547.417
runtime,policy_propagation,7540.208
runtime,policy_propagation,7488.916
runtime,policy_propagation,7546.875
runtime,policy_propagation,7543.500
runtime,policy_propagation,7543.125
runtime,policy_propagation,6886.333
runtime,policy_propagation,9124.667
runtime,policy_propagation,7550.292
runtime,policy_propagation,7544.458
runtime,policy_propagation,7543.458
runtime,policy_propagation,7552.459
runtime,policy_propagation,9149.042
runtime,policy_propagation,9123.875
runtime,policy_propagation,7546.250
runtime,policy_propagation,7509.791
runtime,policy_propagation,7545.042
runtime,policy_propagation,7545.000
runtime,policy_propagation,7539.208
runtime,policy_propagation,7511.458
runtime,policy_propagation,7541.542
runtime,policy_propagation,7546.292
runtime,policy_propagation,8987.208
runtime,policy_propagation,9008.958
runtime,policy_propagation,7545.792
runtime,policy_propagation,7537.583
runtime,policy_propagation,9054.333
runtime,policy_propagation,9040.542
runtime,policy_propagation,7545.417
runtime,policy_propagation,7539.042
runtime,policy_propagation,7538.584
runtime,policy_propagation,7494.584
runtime,policy_propagation,7544.042
runtime,policy_propagation,7540.875
runtime,policy_propagation,5910.000
runtime,policy_propagation,7539.667
runtime,policy_propagation,9071.458
runtime,policy_propagation,7487.416
runtime,policy_propagation,7550.167
runtime,policy_propagation,7543.125
runtime,policy_propagation,9102.875
runtime,policy_propagation,9077.666
runtime,policy_propagation,7541.208
runtime,policy_propagation,8971.000
runtime,policy_propagation,7541.417
runtime,policy_propagation,7541.917
runtime,policy_propagation,9091.875
runtime,policy_propagation,9036.833
runtime,policy_propagation,7507.750
runtime,policy_propagation,7541.917
runtime,policy_propagation,7546.416
runtime,policy_propagation,7482.250
runtime,policy_propagation,9011.875
runtime,policy_propagation,7548.875
runtime,policy_propagation,7546.292
runtime,policy_propagation,7545.041
runtime,policy_propagation,7544.416
runtime,policy_propagation,7543.208
runtime,policy_propagation,9127.750
runtime,policy_propagation,7545.708
runtime,policy_propagation,6314.459
runtime,policy_propagation,9153.125
runtime,policy_propagation,7544.250
runtime,policy_propagation,6970.125
runtime,policy_propagation,7542.583
runtime,policy_propagation,9136.208
runtime,policy_propagation,7543.417
runtime,policy_propagation,7544.125
runtime,policy_propagation,9085.583
runtime,policy_propagation,7541.375
runtime,policy_propagation,7541.792
runtime,policy_propagation,7546.208
runtime,policy_propagation,9114.500
runtime,policy_propagation,7547.583
runtime,policy_propagation,9087.916
runtime,policy_propagation,7546.583
runtime,policy_propagation,7545.750
runtime,policy_propagation,35.542
runtime,policy_propagation,7542.709
runtime,policy_propagation,7546.333
runtime,policy_propagation,9052.709
runtime,policy_propagation,7542.667
runtime,policy_propagation,7494.959
runtime,policy_propagation,7507.167
runtime,policy_propagation,9078.709
runtime,policy_propagation,7508.292
runtime,policy_propagation,7549.750
runtime,policy_propagation,9132.917
runtime,policy_propagation,7438.250
runtime,policy_propagation,9081.292
runtime,policy_propagation,7506.292
runtime,policy_propagation,7545.000
runtime,policy_propagation,7021.208
runtime,policy_propagation,7543.709
runtime,policy_propagation,9177.750
runtime,policy_propagation,7551.291
runtime,policy_propagation,7544.500
runtime,policy_propagation,7542.208
runtime,policy_propagation,7543.167
runtime,policy_propagation,7536.084
runtime,policy_propagation,7495.958
runtime,policy_propagation,7533.542
runtime,policy_propagation,7541.625
runtime,policy_propagation,7544.709
runtime,policy_propagation,7540.834
runtime,policy_propagation,7506.625
runtime,policy_propagation,7550.750
runtime,policy_propagation,9116.583
runtime,policy_propagation,5771.167
runtime,policy_propagation,5958.292
runtime,policy_propagation,7501.708
runtime,policy_propagation,8895.208
runtime,policy_propagation,7507.542
runtime,policy_propagation,7541.750
runtime,policy_propagation,7545.292
runtime,policy_propagation,9126.708
runtime,policy_propagation,7518.083
runtime,policy_propagation,7539.125
runtime,policy_propagation,7507.458
runtime,policy_propagation,7535.083
runtime,policy_propagation,8967.250
runtime,policy_propagation,7539.875
runtime,policy_propagation,7544.584
runtime,policy_propagation,9009.584
runtime,policy_propagation,8930.875
runtime,policy_propagation,7539.000
runtime,policy_propagation,7561.125
runtime,policy_propagation,5416.667
runtime,policy_propagation,7544.208
runtime,policy_propagation,7552.250
runtime,policy_propagation,7540.166
runtime,policy_propagation,7312.542
runtime,policy_propagation,7541.458
runtime,policy_propagation,7548.041
runtime,policy_propagation,7543.750
runtime,policy_propagation,7536.125
runtime,policy_propagation,8937.166
runtime,policy_propagation,9111.166
runtime,policy_propagation,6627.792
runtime,policy_propagation,8997.209
runtime,policy_propagation,7548.250
runtime,policy_propagation,7544.167
runtime,policy_propagation,7546.833
runtime,policy_propagation,5832.917
runtime,policy_propagation,6449.875
runtime,policy_propagation,7540.334
runtime,policy_propagation,7545.458
runtime,policy_propagation,7545.250
runtime,policy_propagation,7546.167
runtime,policy_propagation,5423.417
runtime,policy_propagation,5917.083
runtime,policy_propagation,7543.167
runtime,policy_propagation,7541.750
runtime,policy_propagation,9022.750
runtime,policy_propagation,7538.917
runtime,policy_propagation,9119.000
runtime,policy_propagation,7496.042
runtime,policy_propagation,9114.542
runtime,policy_propagation,7535.666
runtime,policy_propagation,29.750
runtime,policy_propagation,7543.500
runtime,policy_propagation,7537.916
runtime,policy_propagation,7542.084
runtime,policy_propagation,6537.917
runtime,policy_propagation,9081.333
runtime,policy_propagation,7547.459
runtime,policy_propagation,7546.916
runtime,policy_propagation,7534.667
runtime,policy_propagation,9170.459
runtime,policy_propagation,5722.959
runtime,policy_propagation,7494.000
runtime,policy_propagation,7536.292
runtime,policy_propagation,7545.000
runtime,policy_propagation,7541.584
runtime,policy_propagation,5373.083
runtime,policy_propagation,7545.959
runtime,policy_propagation,7024.583
runtime,policy_propagation,9024.709
runtime,policy_propagation,7489.458
runtime,policy_propagation,7543.291
runtime,policy_propagation,7542.750
runtime,policy_propagation,7545.916
runtime,policy_propagation,8976.209
runtime,policy_propagation,7548.500
runtime,policy_propagation,7489.458
runtime,policy_propagation,7541.041
runtime,policy_propagation,7547.500
runtime,policy_propagation,7543.792
runtime,policy_propagation,7549.417
runtime,policy_propagation,7508.708
runtime,policy_propagation,8969.167
runtime,policy_propagation,7544.500
runtime,policy_propagation,7544.250
runtime,policy_propagation,7539.209
runtime,policy_propagation,7547.917
runtime,policy_propagation,7509.542
runtime,policy_propagation,7546.167
runtime,policy_propagation,7490.708
runtime,policy_propagation,7546.292
runtime,policy_propagation,9021.208
runtime,policy_propagation,9123.500
runtime,policy_propagation,7540.875
runtime,policy_propagation,7541.417
runtime,policy_propagation,22.417
runtime,policy_propagation,7540.875
runtime,policy_propagation,7539.917
runtime,policy_propagation,9026.208
runtime,policy_propagation,7539.875
runtime,policy_propagation,5400.125
runtime,policy_propagation,7547.542
runtime,policy_propagation,7543.792
runtime,policy_propagation,5735.542
runtime,policy_propagation,7564.792
runtime,policy_propagation,8931.000
runtime,policy_propagation,7540.167
runtime,policy_propagation,7546.000
runtime,policy_propagation,7543.334
runtime,policy_propagation,7550.541
runtime,policy_propagation,7546.625
runtime,policy_propagation,7544.000
runtime,policy_propagation,7505.416
runtime,policy_propagation,7543.542
runtime,policy_propagation,7542.125
runtime,policy_propagation,9098.333
runtime,policy_propagation,7042.625
runtime,policy_propagation,7542.250
runtime,policy_propagation,7501.042
runtime,policy_propagation,7548.583
runtime,policy_propagation,9137.750
runtime,policy_propagation,7542.292
runtime,policy_propagation,7551.833
runtime,policy_propagation,7502.291
runtime,policy_propagation,7538.958
runtime,policy_propagation,7541.459
runtime,policy_propagation,7543.500
runtime,policy_propagation,7303.833
runtime,policy_propagation,7539.917
runtime,policy_propagation,7548.833
runtime,policy_propagation,7543.333
runtime,policy_propagation,7543.042
runtime,policy_propagation,7541.583
runtime,policy_propagation,7541.458
runtime,policy_propagation,5434.083
runtime,policy_propagation,5831.584
runtime,policy_propagation,7545.625
runtime,policy_propagation,7543.750
runtime,policy_propagation,7548.333
runtime,policy_propagation,6618.334
runtime,policy_propagation,7546.875
runtime,policy_propagation,7543.291
runtime,policy_propagation,7514.333
runtime,policy_propagation,7545.375
runtime,policy_propagation,7541.917
runtime,policy_propagation,7538.500
runtime,policy_propagation,7541.083
runtime,policy_propagation,7537.916
runtime,policy_propagation,7318.250
runtime,policy_propagation,7536.959
runtime,policy_propagation,7504.625
runtime,policy_propagation,7541.834
runtime,policy_propagation,7544.541
runtime,policy_propagation,9128.459
runtime,policy_propagation,7545.500
runtime,policy_propagation,7538.334
runtime,policy_propagation,7511.458
runtime,policy_propagation,7537.042
runtime,policy_propagation,7538.833
runtime,policy_propagation,7536.292
runtime,policy_propagation,7505.375
runtime,policy_propagation,7543.042
runtime,policy_propagation,7539.583
runtime,policy_propagation,7539.791
runtime,policy_propagation,7540.084
runtime,policy_propagation,7541.083
runtime,policy_propagation,7539.125
runtime,policy_propagation,7541.125
runtime,policy_propagation,7543.416
runtime,policy_propagation,9075.833
runtime,policy_propagation,7509.041
runtime,policy_propagation,7540.416
runtime,policy_propagation,7044.209
runtime,policy_propagation,7554.250
runtime,policy_propagation,9014.959
runtime,policy_propagation,7540.417
runtime,policy_propagation,7543.667
runtime,policy_propagation,7541.000
runtime,policy_propagation,9105.708
runtime,policy_propagation,7538.291
runtime,policy_propagation,8958.459
runtime,policy_propagation,7550.417
runtime,policy_propagation,7543.875
runtime,policy_propagation,6913.416
runtime,policy_propagation,7542.708
runtime,policy_propagation,7548.875
runtime,policy_propagation,7544.875
runtime,policy_propagation,7542.292
runtime,policy_propagation,7536.500
runtime,policy_propagation,6546.375
runtime,policy_propagation,7539.000
runtime,policy_propagation,7538.333
runtime,policy_propagation,7541.458
runtime,policy_propagation,8991.791
runtime,policy_propagation,8999.042
runtime,policy_propagation,6371.167
runtime,policy_propagation,7506.792
runtime,policy_propagation,7544.708
runtime,policy_propagation,8950.083
runtime,policy_propagation,9019.125
runtime,policy_propagation,7547.792
runtime,policy_propagation,6786.625
runtime,policy_propagation,6733.125
runtime,policy_propagation,7545.834
runtime,policy_propagation,7540.250
runtime,policy_propagation,7546.750
runtime,policy_propagation,5331.292
runtime,policy_propagation,6265.916
runtime,policy_propagation,7541.166
runtime,policy_propagation,7502.916
runtime,policy_propagation,7541.042
runtime,policy_propagation,6160.500
runtime,policy_propagation,7492.125
runtime,policy_propagation,5642.792
runtime,policy_propagation,7546.666
runtime,policy_propagation,7547.958
runtime,policy_propagation,7507.583
runtime,policy_propagation,7002.667
runtime,policy_propagation,7545.250
runtime,policy_propagation,7545.542
runtime,policy_propagation,5306.000
runtime,policy_propagation,7540.375
runtime,policy_propagation,7509.958
runtime,policy_propagation,7540.417
runtime,policy_propagation,7543.500
runtime,policy_propagation,7542.833
runtime,policy_propagation,7545.917
runtime,policy_propagation,5591.292
runtime,policy_propagation,7551.042
runtime,policy_propagation,9019.250
runtime,policy_propagation,7535.917
runtime,policy_propagation,7548.916
runtime,policy_propagation,9045.000
runtime,policy_propagation,7540.250
runtime,policy_propagation,8997.041
runtime,policy_propagation,7347.209
runtime,policy_propagation,9048.833
runtime,policy_propagation,7539.167
runtime,policy_propagation,7539.417
runtime,policy_propagation,7536.541
runtime,policy_propagation,7535.708
runtime,policy_propagation,9055.042
runtime,policy_propagation,9004.041
runtime,policy_propagation,7541.750
runtime,policy_propagation,9056.834
runtime,policy_propagation,7542.041
runtime,policy_propagation,7541.542
runtime,policy_propagation,7545.541
runtime,tick_lateness,2571.875
runtime,tick_lateness,25413.625
runtime,tick_lateness,20209.709
runtime,tick_lateness,60625.500
runtime,tick_lateness,50041.125
runtime,tick_lateness,1977.083
runtime,tick_lateness,59668.375
runtime,tick_lateness,51707.167
runtime,tick_lateness,2567.750
runtime,tick_lateness,59159.708
runtime,tick_lateness,18277.250
runtime,tick_lateness,35955.583
runtime,tick_lateness,51945.625
runtime,tick_lateness,2546.000
runtime,tick_lateness,23293.167
runtime,tick_lateness,29836.083
runtime,tick_lateness,55034.459
runtime,tick_lateness,1091.916
runtime,tick_lateness,28567.750
runtime,tick_lateness,27507.000
runtime,tick_lateness,52867.125
runtime,tick_lateness,2555.875
runtime,tick_lateness,59549.417
runtime,tick_lateness,15566.083
runtime,tick_lateness,31163.375
runtime,tick_lateness,2566.792
runtime,tick_lateness,59241.750
runtime,tick_lateness,61099.708
runtime,tick_lateness,59509.500
runtime,tick_lateness,56466.250
runtime,tick_lateness,18764.250
runtime,tick_lateness,37361.292
runtime,tick_lateness,51783.458
runtime,tick_lateness,2561.292
runtime,tick_lateness,59757.583
runtime,tick_lateness,33341.500
runtime,tick_lateness,14005.917
runtime,tick_lateness,2508.625
runtime,tick_lateness,59909.875
runtime,tick_lateness,60713.000
runtime,tick_lateness,50742.292
runtime,tick_lateness,2507.166
runtime,tick_lateness,59950.709
runtime,tick_lateness,52369.916
runtime,tick_lateness,4174.917
runtime,tick_lateness,50935.250
runtime,tick_lateness,2511.750
runtime,tick_lateness,52129.667
runtime,tick_lateness,2568.416
runtime,tick_lateness,50096.417
runtime,tick_lateness,2515.583
runtime,tick_lateness,52053.875
runtime,tick_lateness,4716.042
runtime,tick_lateness,35359.708
runtime,tick_lateness,11957.000
runtime,tick_lateness,2577.959
runtime,tick_lateness,61235.291
runtime,tick_lateness,50504.334
runtime,tick_lateness,4226.541
runtime,tick_lateness,2509.084
runtime,tick_lateness,44251.708
runtime,tick_lateness,2556.208
runtime,tick_lateness,59725.875
runtime,tick_lateness,27120.459
runtime,tick_lateness,27179.250
runtime,tick_lateness,29560.541
runtime,tick_lateness,25072.250
runtime,tick_lateness,51897.792
runtime,tick_lateness,2508.000
runtime,tick_lateness,59278.875
runtime,tick_lateness,2632.958
runtime,tick_lateness,51762.417
runtime,tick_lateness,51887.542
runtime,tick_lateness,2559.541
runtime,tick_lateness,7307.334
runtime,tick_lateness,12749.958
runtime,tick_lateness,21575.250
runtime,tick_lateness,2548.750
runtime,tick_lateness,60684.625
runtime,tick_lateness,10905.292
runtime,tick_lateness,41524.291
runtime,tick_lateness,60525.250
runtime,tick_lateness,57527.500
runtime,tick_lateness,56530.792
runtime,tick_lateness,53666.333
runtime,tick_lateness,2507.709
runtime,tick_lateness,42689.875
runtime,tick_lateness,3421.958
runtime,tick_lateness,2559.833
runtime,tick_lateness,59264.917
runtime,tick_lateness,51220.667
runtime,tick_lateness,2562.500
runtime,tick_lateness,34166.791
runtime,tick_lateness,21027.667
runtime,tick_lateness,2428.958
runtime,tick_lateness,11524.167
runtime,tick_lateness,33353.583
runtime,tick_lateness,56710.750
runtime,tick_lateness,60613.500
runtime,tick_lateness,2820.500
runtime,tick_lateness,51480.750
runtime,tick_lateness,51282.834
runtime,tick_lateness,2554.166
runtime,tick_lateness,60507.417
runtime,tick_lateness,50084.708
runtime,tick_lateness,3995.625
runtime,tick_lateness,59138.292
runtime,tick_lateness,50142.208
runtime,tick_lateness,2571.792
runtime,tick_lateness,51588.042
runtime,tick_lateness,2504.875
runtime,tick_lateness,51329.208
runtime,tick_lateness,2559.167
runtime,tick_lateness,22897.625
runtime,tick_lateness,32561.916
runtime,tick_lateness,57224.875
runtime,tick_lateness,16649.000
runtime,tick_lateness,37347.500
runtime,tick_lateness,51143.625
runtime,tick_lateness,2563.667
runtime,tick_lateness,60474.875
runtime,tick_lateness,35613.000
runtime,tick_lateness,16741.583
runtime,tick_lateness,23307.334
runtime,tick_lateness,22720.250
runtime,tick_lateness,4117.333
runtime,tick_lateness,17718.917
runtime,tick_lateness,18166.666
runtime,tick_lateness,11459.667
runtime,tick_lateness,58805.292
runtime,tick_lateness,2729.833
runtime,tick_lateness,50885.667
runtime,tick_lateness,51473.958
runtime,tick_lateness,2562.208
runtime,tick_lateness,9973.959
runtime,tick_lateness,43780.333
runtime,tick_lateness,40592.417
runtime,tick_lateness,14602.125
runtime,tick_lateness,57767.750
runtime,tick_lateness,34823.125
runtime,tick_lateness,11691.750
runtime,tick_lateness,2546.583
runtime,tick_lateness,59261.917
runtime,tick_lateness,60243.458
runtime,tick_lateness,57410.458
runtime,tick_lateness,23327.167
runtime,tick_lateness,28293.667
runtime,tick_lateness,61644.250
runtime,tick_lateness,28495.541
runtime,tick_lateness,25641.625
runtime,tick_lateness,60481.625
runtime,tick_lateness,58372.709
runtime,tick_lateness,47101.791
runtime,tick_lateness,5044.542
runtime,tick_lateness,60242.417
runtime,tick_lateness,57419.041
runtime,tick_lateness,58593.667
runtime,tick_lateness,60560.917
runtime,tick_lateness,59532.250
runtime,tick_lateness,57048.375
runtime,tick_lateness,51406.708
runtime,tick_lateness,4117.792
runtime,tick_lateness,57361.291
runtime,tick_lateness,56257.375
runtime,tick_lateness,40831.042
runtime,tick_lateness,14876.708
runtime,tick_lateness,20413.084
runtime,tick_lateness,33408.125
runtime,tick_lateness,60522.583
runtime,tick_lateness,55624.792
runtime,tick_lateness,53239.583
runtime,tick_lateness,2514.625
runtime,tick_lateness,51167.542
runtime,tick_lateness,2505.291
runtime,tick_lateness,9967.875
runtime,tick_lateness,45387.709
runtime,tick_lateness,16908.458
runtime,tick_lateness,36828.708
runtime,tick_lateness,58486.667
runtime,tick_lateness,57385.917
runtime,tick_lateness,58825.708
runtime,tick_lateness,33367.042
runtime,tick_lateness,20090.541
runtime,tick_lateness,16615.959
runtime,tick_lateness,36767.708
runtime,tick_lateness,58754.042
runtime,tick_lateness,51091.750
runtime,tick_lateness,4152.416
runtime,tick_lateness,7706.334
runtime,tick_lateness,44200.541
runtime,tick_lateness,58795.042
runtime,tick_lateness,58859.292
runtime,tick_lateness,60506.041
runtime,tick_lateness,49752.500
runtime,tick_lateness,4138.375
runtime,tick_lateness,39202.875
runtime,tick_lateness,5466.167
runtime,tick_lateness,2558.917
runtime,tick_lateness,60664.000
runtime,tick_lateness,57282.125
runtime,tick_lateness,58909.500
runtime,tick_lateness,51652.083
runtime,tick_lateness,4114.667
runtime,tick_lateness,34131.583
runtime,tick_lateness,18545.750
runtime,tick_lateness,14187.500
runtime,tick_lateness,32750.709
runtime,tick_lateness,2478.666
runtime,tick_lateness,31106.000
runtime,tick_lateness,11574.167
runtime,tick_lateness,5842.667
runtime,tick_lateness,57826.291
runtime,tick_lateness,59631.834
runtime,tick_lateness,45082.500
runtime,tick_lateness,6485.041
runtime,tick_lateness,45165.959
runtime,tick_lateness,2532.000
runtime,tick_lateness,2367.750
runtime,tick_lateness,13219.416
runtime,tick_lateness,19430.584
runtime,tick_lateness,16699.416
runtime,tick_lateness,58349.625
runtime,tick_lateness,51305.334
runtime,tick_lateness,2563.750
runtime,tick_lateness,5125.791
runtime,tick_lateness,48481.750
runtime,tick_lateness,41421.459
runtime,tick_lateness,13661.833
runtime,tick_lateness,9847.125
runtime,tick_lateness,42204.542
runtime,tick_lateness,60450.208
runtime,tick_lateness,32171.125
runtime,tick_lateness,12500.667
runtime,tick_lateness,2518.500
runtime,tick_lateness,27883.833
runtime,tick_lateness,18449.417
runtime,tick_lateness,2569.750
runtime,tick_lateness,25049.041
runtime,tick_lateness,21098.667
runtime,tick_lateness,2553.875
runtime,tick_lateness,50932.208
runtime,tick_lateness,4022.750
runtime,tick_lateness,56954.584
runtime,tick_lateness,58356.958
runtime,tick_lateness,58619.292
runtime,tick_lateness,50780.500
runtime,tick_lateness,2567.166
runtime,tick_lateness,58476.834
runtime,tick_lateness,58739.000
runtime,tick_lateness,58731.333
runtime,tick_lateness,5029.250
runtime,tick_lateness,40894.542
runtime,tick_lateness,4014.375
runtime,tick_lateness,57116.041
runtime,tick_lateness,50889.959
runtime,tick_lateness,1270.000
runtime,tick_lateness,59567.500
runtime,tick_lateness,58488.208
runtime,tick_lateness,51237.917
runtime,tick_lateness,2546.333
runtime,tick_lateness,58371.000
runtime,tick_lateness,17736.875
runtime,tick_lateness,36049.667
runtime,tick_lateness,51121.625
runtime,tick_lateness,1976.666
runtime,tick_lateness,51826.459
runtime,tick_lateness,2560.125
runtime,tick_lateness,50756.000
runtime,tick_lateness,2561.416
runtime,tick_lateness,58840.042
runtime,tick_lateness,50867.583
runtime,tick_lateness,4070.375
runtime,tick_lateness,56841.584
runtime,tick_lateness,2841.916
runtime,tick_lateness,43913.417
runtime,tick_lateness,2559.667
runtime,tick_lateness,45775.291
runtime,tick_lateness,7853.500
runtime,tick_lateness,33230.125
runtime,tick_lateness,20245.209
runtime,tick_lateness,43490.041
runtime,tick_lateness,2702.375
runtime,tick_lateness,2569.625
runtime,tick_lateness,23140.542
runtime,tick_lateness,32117.375
runtime,tick_lateness,56199.792
runtime,tick_lateness,25035.125
runtime,tick_lateness,29531.833
runtime,tick_lateness,59295.833
runtime,tick_lateness,51580.917
runtime,tick_lateness,2563.083
runtime,tick_lateness,58957.334
runtime,tick_lateness,58979.750
runtime,tick_lateness,25284.541
runtime,tick_lateness,21386.375
runtime,tick_lateness,1960.667
runtime,tick_lateness,52461.125
runtime,tick_lateness,49751.000
runtime,tick_lateness,2513.583
runtime,tick_lateness,37556.542
runtime,tick_lateness,10272.667
runtime,tick_lateness,2555.000
runtime,tick_lateness,25048.583
runtime,tick_lateness,8827.250
runtime,tick_lateness,5011.792
runtime,tick_lateness,5035.125
runtime,tick_lateness,51329.833
runtime,tick_lateness,4108.292
runtime,tick_lateness,9912.000
runtime,tick_lateness,44588.541
runtime,tick_lateness,59049.834
runtime,tick_lateness,50190.708
runtime,tick_lateness,2558.042
runtime,tick_lateness,353.958
runtime,tick_lateness,46047.292
runtime,tick_lateness,2559.833
runtime,tick_lateness,58923.208
runtime,tick_lateness,56918.959
runtime,tick_lateness,60850.250
runtime,tick_lateness,51219.583
runtime,tick_lateness,2562.375
runtime,tick_lateness,14076.375
runtime,tick_lateness,32451.750
runtime,tick_lateness,2563.667
runtime,tick_lateness,60372.583
runtime,tick_lateness,58758.292
runtime,tick_lateness,55472.125
runtime,tick_lateness,60768.083
runtime,tick_lateness,29345.458
runtime,tick_lateness,26104.250
runtime,tick_lateness,47133.250
runtime,tick_lateness,5009.084
runtime,tick_lateness,50969.333
runtime,tick_lateness,2563.792
runtime,tick_lateness,56871.500
runtime,tick_lateness,8394.500
runtime,tick_lateness,11529.625
runtime,tick_lateness,29686.625
runtime,tick_lateness,59588.083
runtime,tick_lateness,51442.542
runtime,tick_lateness,2558.083
runtime,tick_lateness,51417.625
runtime,tick_lateness,4039.333
runtime,tick_lateness,36284.875
runtime,tick_lateness,8376.917
runtime,tick_lateness,2550.958
runtime,tick_lateness,51308.375
runtime,tick_lateness,2560.417
runtime,tick_lateness,51910.708
runtime,tick_lateness,2567.667
runtime,tick_lateness,26239.958
runtime,tick_lateness,20092.834
runtime,tick_lateness,2514.458
runtime,tick_lateness,24189.250
runtime,tick_lateness,29714.042
runtime,tick_lateness,51618.833
runtime,tick_lateness,2566.125
runtime,tick_lateness,51713.958
runtime,tick_lateness,407.584
runtime,tick_lateness,60973.666
runtime,tick_lateness,39217.709
runtime,tick_lateness,7251.250
runtime,tick_lateness,4068.750
runtime,tick_lateness,57105.250
runtime,tick_lateness,60357.708
runtime,tick_lateness,13072.792
runtime,tick_lateness,32519.708
runtime,tick_lateness,2510.625
runtime,tick_lateness,60794.792
runtime,tick_lateness,50399.458
runtime,tick_lateness,2557.417
runtime,tick_lateness,59745.416
runtime,tick_lateness,51679.584
runtime,tick_lateness,763.333
runtime,tick_lateness,61421.750
runtime,tick_lateness,15039.958
runtime,tick_lateness,39233.875
runtime,tick_lateness,51772.459
runtime,tick_lateness,2513.958
runtime,tick_lateness,60549.667
runtime,tick_lateness,33108.750
runtime,tick_lateness,19613.916
runtime,tick_lateness,5299.084
runtime,tick_lateness,49332.750
runtime,tick_lateness,59292.875
runtime,tick_lateness,9443.291
runtime,tick_lateness,44981.875
runtime,tick_lateness,59621.125
runtime,tick_lateness,52130.042
runtime,tick_lateness,2568.958
runtime,tick_lateness,59610.875
runtime,tick_lateness,17684.000
runtime,tick_lateness,36808.792
runtime,tick_lateness,59416.125
runtime,tick_lateness,38926.000
runtime,tick_lateness,15686.542
runtime,tick_lateness,59348.791
runtime,tick_lateness,52106.500
runtime,tick_lateness,2555.792
runtime,tick_lateness,59182.333
runtime,tick_lateness,51399.084
runtime,tick_lateness,4051.208
runtime,tick_lateness,50017.542
runtime,tick_lateness,2558.958
runtime,tick_lateness,60798.792
runtime,tick_lateness,50601.958
runtime,tick_lateness,4090.417
runtime,tick_lateness,57828.541
runtime,tick_lateness,33017.542
runtime,tick_lateness,21280.875
runtime,tick_lateness,15029.458
runtime,tick_lateness,31447.292
runtime,tick_lateness,2559.250
runtime,tick_lateness,50737.167
runtime,tick_lateness,5036.458
runtime,tick_lateness,40752.583
runtime,tick_lateness,4260.750
runtime,tick_lateness,2566.334
runtime,tick_lateness,60712.750
runtime,tick_lateness,50195.125
runtime,tick_lateness,2514.666
runtime,tick_lateness,59147.334
runtime,tick_lateness,51600.958
runtime,tick_lateness,2557.875
runtime,tick_lateness,15036.583
runtime,tick_lateness,32129.042
runtime,tick_lateness,2549.417
runtime,tick_lateness,50237.625
runtime,tick_lateness,3868.458
runtime,tick_lateness,59213.250
runtime,tick_lateness,39002.917
runtime,tick_lateness,17040.375
runtime,tick_lateness,50288.041
runtime,tick_lateness,2513.625
runtime,tick_lateness,9973.709
runtime,tick_lateness,3608.875
runtime,tick_lateness,36066.041
runtime,tick_lateness,52059.459
runtime,tick_lateness,2520.583
runtime,tick_lateness,12798.625
runtime,tick_lateness,41750.125
runtime,tick_lateness,51728.500
runtime,tick_lateness,4167.125
runtime,tick_lateness,50290.875
runtime,tick_lateness,2565.250
runtime,tick_lateness,19667.875
runtime,tick_lateness,34436.375
runtime,tick_lateness,51813.583
runtime,tick_lateness,2568.875
runtime,tick_lateness,59294.167
runtime,tick_lateness,59467.833
runtime,tick_lateness,59024.250
runtime,tick_lateness,52038.584
runtime,tick_lateness,2557.500
runtime,tick_lateness,66044.708
runtime,tick_lateness,4055.167
runtime,tick_lateness,38019.875
runtime,tick_lateness,14837.875
runtime,tick_lateness,52161.750
runtime,tick_lateness,2654.625
runtime,tick_lateness,52491.375
runtime,tick_lateness,1162.875
runtime,tick_lateness,53586.083
runtime,tick_lateness,2504.375
runtime,tick_lateness,59557.833
runtime,tick_lateness,11532.584
runtime,tick_lateness,15037.708
runtime,tick_lateness,23033.292
runtime,tick_lateness,52382.916
runtime,tick_lateness,2562.917
runtime,tick_lateness,60714.583
runtime,tick_lateness,50487.500
runtime,tick_lateness,2572.959
runtime,tick_lateness,24274.250
runtime,tick_lateness,30371.000
runtime,tick_lateness,41887.250
runtime,tick_lateness,12826.541
runtime,tick_lateness,59648.834
runtime,tick_lateness,59663.125
runtime,tick_lateness,59562.125
runtime,tick_lateness,51747.458
runtime,tick_lateness,2558.417
runtime,tick_lateness,5295.708
runtime,tick_lateness,48869.250
runtime,tick_lateness,51686.583
runtime,tick_lateness,2565.375
runtime,tick_lateness,23776.000
runtime,tick_lateness,29485.250
runtime,tick_lateness,52740.959
runtime,tick_lateness,2566.333
runtime,tick_lateness,58144.292
runtime,tick_lateness,59421.958
runtime,tick_lateness,60534.042
runtime,tick_lateness,51667.208
runtime,tick_lateness,2565.333
runtime,tick_lateness,32550.375
runtime,tick_lateness,25040.083
runtime,tick_lateness,50354.417
runtime,tick_lateness,2555.375
runtime,tick_lateness,25043.416
runtime,tick_lateness,22087.375
runtime,tick_lateness,2550.334
runtime,tick_lateness,16413.458
runtime,tick_lateness,40151.167
runtime,tick_lateness,50302.916
runtime,tick_lateness,2560.750
runtime,tick_lateness,52392.375
runtime,tick_lateness,2569.334
runtime,tick_lateness,60900.291
runtime,tick_lateness,6605.375
runtime,tick_lateness,38717.834
runtime,tick_lateness,2062.833
runtime,tick_lateness,59267.125
runtime,tick_lateness,59593.417
runtime,tick_lateness,52563.791
runtime,tick_lateness,2570.459
runtime,tick_lateness,51794.750
runtime,tick_lateness,2513.833
runtime,tick_lateness,52060.417
runtime,tick_lateness,2517.083
runtime,tick_lateness,59444.625
runtime,tick_lateness,59627.125
runtime,tick_lateness,7724.375
runtime,tick_lateness,39083.292
runtime,tick_lateness,4050.666
runtime,tick_lateness,8213.125
runtime,tick_lateness,44878.792
runtime,tick_lateness,52211.542
runtime,tick_lateness,2519.083
runtime,tick_lateness,52071.542
runtime,tick_lateness,2567.333
runtime,tick_lateness,59224.458
runtime,tick_lateness,58724.459
runtime,tick_lateness,5503.250
runtime,tick_lateness,28775.500
runtime,tick_lateness,16089.333
runtime,tick_lateness,51734.083
runtime,tick_lateness,4124.292
runtime,tick_lateness,50247.708
runtime,tick_lateness,2363.584
runtime,tick_lateness,59879.375
runtime,tick_lateness,59448.000
runtime,tick_lateness,59341.083
runtime,tick_lateness,51816.375
runtime,tick_lateness,2559.000
runtime,tick_lateness,51660.375
runtime,tick_lateness,2554.125
runtime,tick_lateness,51969.958
runtime,tick_lateness,2560.334
runtime,tick_lateness,60889.208
runtime,tick_lateness,25765.708
runtime,tick_lateness,27076.875
runtime,tick_lateness,59673.834
runtime,tick_lateness,59424.750
runtime,tick_lateness,59559.041
runtime,tick_lateness,59032.792
runtime,tick_lateness,20049.542
runtime,tick_lateness,26204.458
runtime,tick_lateness,2574.792
runtime,tick_lateness,59192.875
runtime,tick_lateness,59116.041
runtime,tick_lateness,45445.917
runtime,tick_lateness,8711.417
runtime,tick_lateness,48904.333
runtime,tick_lateness,5490.208
runtime,tick_lateness,58997.084
runtime,tick_lateness,60900.708
runtime,tick_lateness,21268.208
runtime,tick_lateness,23883.542
runtime,tick_lateness,2514.208
runtime,tick_lateness,51422.417
runtime,tick_lateness,2570.917
runtime,tick_lateness,42861.291
runtime,tick_lateness,12579.125
runtime,tick_lateness,59204.500
runtime,tick_lateness,59083.750
runtime,tick_lateness,49920.167
runtime,tick_lateness,4056.542
runtime,tick_lateness,45277.083
runtime,tick_lateness,7048.083
runtime,tick_lateness,57855.917
runtime,tick_lateness,60537.333
runtime,tick_lateness,59224.709
runtime,tick_lateness,28308.458
runtime,tick_lateness,15383.333
runtime,tick_lateness,5450.542
runtime,tick_lateness,17716.667
runtime,tick_lateness,28590.916
runtime,tick_lateness,2558.209
runtime,tick_lateness,59189.041
runtime,tick_lateness,59214.417
runtime,tick_lateness,51679.083
runtime,tick_lateness,2136.542
runtime,tick_lateness,51685.875
runtime,tick_lateness,59036.542
runtime,tick_lateness,26903.291
runtime,tick_lateness,28846.667
runtime,tick_lateness,50877.875
runtime,tick_lateness,2569.250
runtime,tick_lateness,57316.542
runtime,tick_lateness,63112.500
runtime,tick_lateness,57855.666
runtime,tick_lateness,31147.875
runtime,tick_lateness,22806.334
runtime,tick_lateness,61165.916
runtime,tick_lateness,57626.459
runtime,tick_lateness,38338.041
runtime,tick_lateness,15824.292
runtime,tick_lateness,51851.667
runtime,tick_lateness,4124.041
runtime,tick_lateness,59182.250
runtime,tick_lateness,59306.959
runtime,tick_lateness,13963.458
runtime,tick_lateness,26369.958
runtime,tick_lateness,7474.084
runtime,tick_lateness,32601.875
runtime,tick_lateness,21670.500
runtime,tick_lateness,51363.666
runtime,tick_lateness,2559.542
runtime,tick_lateness,56788.792
runtime,tick_lateness,34131.708
runtime,tick_lateness,22400.833
runtime,tick_lateness,51718.500
runtime,tick_lateness,2567.792
runtime,tick_lateness,59250.708
runtime,tick_lateness,51761.459
runtime,tick_lateness,2564.333
runtime,tick_lateness,51694.750
runtime,tick_lateness,2558.542
runtime,tick_lateness,19534.333
runtime,tick_lateness,34675.833
runtime,tick_lateness,2709.959
runtime,tick_lateness,51288.375
runtime,tick_lateness,7979.708
runtime,tick_lateness,45883.208
runtime,tick_lateness,44143.834
runtime,tick_lateness,9823.083
runtime,tick_lateness,59275.500
runtime,tick_lateness,15898.833
runtime,tick_lateness,38329.459
runtime,tick_lateness,59273.958
runtime,tick_lateness,59511.292
runtime,tick_lateness,59233.250
runtime,tick_lateness,59214.041
runtime,tick_lateness,44439.292
runtime,tick_lateness,8198.833
runtime,tick_lateness,53584.042
runtime,tick_lateness,2556.417
runtime,tick_lateness,51293.000
runtime,tick_lateness,2520.083
runtime,tick_lateness,51564.208
runtime,tick_lateness,2563.667
runtime,tick_lateness,51359.000
runtime,tick_lateness,2565.125
runtime,tick_lateness,15037.417
runtime,tick_lateness,39143.916
runtime,tick_lateness,59200.000
runtime,tick_lateness,59003.292
runtime,tick_lateness,15152.125
runtime,tick_lateness,31503.125
runtime,tick_lateness,2556.250
runtime,tick_lateness,58704.208
runtime,tick_lateness,3612.417
runtime,tick_lateness,1904.667
runtime,tick_lateness,43869.583
runtime,tick_lateness,60782.333
runtime,tick_lateness,50051.917
runtime,tick_lateness,4100.583
runtime,tick_lateness,50074.709
runtime,tick_lateness,2581.208
runtime,tick_lateness,51656.000
runtime,tick_lateness,2565.000
runtime,tick_lateness,48871.083
runtime,tick_lateness,5512.834
runtime,tick_lateness,51653.625
runtime,tick_lateness,2563.583
runtime,tick_lateness,60498.917
runtime,tick_lateness,50218.583
runtime,tick_lateness,4093.042
runtime,tick_lateness,25038.250
runtime,tick_lateness,10453.416
runtime,tick_lateness,4802.875
runtime,tick_lateness,1912.125
runtime,tick_lateness,12098.334
runtime,tick_lateness,42940.666
runtime,tick_lateness,59200.375
runtime,tick_lateness,51937.417
runtime,tick_lateness,430.750
runtime,tick_lateness,53708.000
runtime,tick_lateness,2563.667
runtime,tick_lateness,2711.666
runtime,tick_lateness,51392.209
runtime,tick_lateness,58428.333
runtime,tick_lateness,59840.542
runtime,tick_lateness,31738.083
runtime,tick_lateness,14849.334
runtime,tick_lateness,2567.833
runtime,tick_lateness,61576.958
runtime,tick_lateness,58190.125
runtime,tick_lateness,18149.500
runtime,tick_lateness,34300.084
runtime,tick_lateness,31610.083
runtime,tick_lateness,6913.458
runtime,tick_lateness,14622.875
runtime,tick_lateness,59906.209
runtime,tick_lateness,50242.875
runtime,tick_lateness,2560.750
runtime,tick_lateness,47434.250
runtime,tick_lateness,7001.375
runtime,tick_lateness,60986.708
runtime,tick_lateness,57623.208
runtime,tick_lateness,6051.042
runtime,tick_lateness,40671.167
runtime,tick_lateness,2514.875
runtime,tick_lateness,24127.958
runtime,tick_lateness,30423.458
runtime,tick_lateness,6452.750
runtime,tick_lateness,40150.500
runtime,tick_lateness,2564.375
runtime,tick_lateness,59339.125
runtime,tick_lateness,60839.834
runtime,tick_lateness,59061.916
runtime,tick_lateness,50145.709
runtime,tick_lateness,2513.583
runtime,tick_lateness,51617.542
runtime,tick_lateness,2567.916
runtime,tick_lateness,59287.584
runtime,tick_lateness,57534.833
runtime,tick_lateness,61214.042
runtime,tick_lateness,45808.958
runtime,tick_lateness,8374.333
runtime,tick_lateness,51837.042
runtime,tick_lateness,4052.333
runtime,tick_lateness,57774.625
runtime,tick_lateness,51556.500
runtime,tick_lateness,2562.500
runtime,tick_lateness,51826.084
runtime,tick_lateness,2566.875
runtime,tick_lateness,51276.458
runtime,tick_lateness,2569.333
runtime,tick_lateness,45337.000
runtime,tick_lateness,10167.292
runtime,tick_lateness,59244.708
runtime,tick_lateness,57753.959
runtime,tick_lateness,51886.458
runtime,tick_lateness,2568.292
runtime,tick_lateness,21531.083
runtime,tick_lateness,34141.500
runtime,tick_lateness,4675.500
runtime,tick_lateness,40961.000
runtime,tick_lateness,4037.375
runtime,tick_lateness,39451.417
runtime,tick_lateness,5819.666
runtime,tick_lateness,2558.875
runtime,tick_lateness,51765.625
runtime,tick_lateness,2522.000
runtime,tick_lateness,52007.417
runtime,tick_lateness,4106.000
runtime,tick_lateness,31600.708
runtime,tick_lateness,20714.917
runtime,tick_lateness,59386.208
runtime,tick_lateness,51812.667
runtime,tick_lateness,2512.000
runtime,tick_lateness,6981.875
runtime,tick_lateness,40108.708
runtime,tick_lateness,2577.792
runtime,tick_lateness,51372.333
runtime,tick_lateness,4085.209
runtime,tick_lateness,50278.875
runtime,tick_lateness,2560.208
runtime,tick_lateness,51676.125
runtime,tick_lateness,2556.000
runtime,tick_lateness,59524.125
runtime,tick_lateness,58961.500
runtime,tick_lateness,5432.167
runtime,tick_lateness,27802.541
runtime,tick_lateness,8093.667
runtime,tick_lateness,2562.667
runtime,tick_lateness,60161.416
runtime,tick_lateness,49509.750
runtime,tick_lateness,2514.375
runtime,tick_lateness,30164.334
runtime,tick_lateness,15982.333
runtime,tick_lateness,2564.833
runtime,tick_lateness,59054.459
runtime,tick_lateness,60575.916
runtime,tick_lateness,50095.500
runtime,tick_lateness,2556.334
runtime,tick_lateness,7759.291
runtime,tick_lateness,10525.584
runtime,tick_lateness,29942.375
runtime,tick_lateness,51727.708
runtime,tick_lateness,51847.167
runtime,tick_lateness,2560.666
runtime,tick_lateness,12412.875
runtime,tick_lateness,5018.625
runtime,tick_lateness,23685.417
runtime,tick_lateness,2521.667
runtime,tick_lateness,58936.791
runtime,tick_lateness,60582.125
runtime,tick_lateness,57532.250
runtime,tick_lateness,13057.959
runtime,tick_lateness,33514.125
runtime,tick_lateness,2574.166
runtime,tick_lateness,41485.542
runtime,tick_lateness,1091.750
runtime,tick_lateness,6749.125
runtime,tick_lateness,33385.083
runtime,tick_lateness,21988.334
runtime,tick_lateness,50134.541
runtime,tick_lateness,2565.667
runtime,tick_lateness,51391.250
runtime,tick_lateness,4155.375
runtime,tick_lateness,57317.333
runtime,tick_lateness,59018.792
runtime,tick_lateness,51565.000
runtime,tick_lateness,2559.667
runtime,tick_lateness,26134.416
runtime,tick_lateness,29357.542
runtime,tick_lateness,57463.208
runtime,tick_lateness,51618.000
runtime,tick_lateness,2559.584
runtime,tick_lateness,45050.166
runtime,tick_lateness,10197.292
runtime,tick_lateness,49802.333
runtime,tick_lateness,2561.709
runtime,tick_lateness,58635.583
runtime,tick_lateness,58960.958
runtime,tick_lateness,58974.875
runtime,tick_lateness,6141.459
runtime,tick_lateness,47547.791
runtime,tick_lateness,58531.209
runtime,tick_lateness,60130.125
runtime,tick_lateness,57904.916
runtime,tick_lateness,31536.125
runtime,tick_lateness,23937.750
runtime,tick_lateness,49606.375
runtime,tick_lateness,2565.834
runtime,tick_lateness,51164.041
runtime,tick_lateness,2567.917
runtime,tick_lateness,58687.250
runtime,tick_lateness,58866.458
runtime,tick_lateness,15573.250
runtime,tick_lateness,30336.834
runtime,tick_lateness,2570.625
runtime,tick_lateness,57191.958
runtime,tick_lateness,61922.250
runtime,tick_lateness,59177.958
runtime,tick_lateness,25159.834
runtime,tick_lateness,26681.333
runtime,tick_lateness,13188.375
runtime,tick_lateness,40597.625
runtime,tick_lateness,58987.083
runtime,tick_lateness,51238.750
runtime,tick_lateness,2561.542
runtime,tick_lateness,51028.167
runtime,tick_lateness,2514.583
runtime,tick_lateness,59093.583
runtime,tick_lateness,51536.667
runtime,tick_lateness,2527.583
runtime,tick_lateness,13802.917
runtime,tick_lateness,11030.417
runtime,tick_lateness,24069.291
runtime,tick_lateness,32699.625
runtime,tick_lateness,21483.209
runtime,tick_lateness,35318.500
runtime,tick_lateness,18342.291
runtime,tick_lateness,58870.417
runtime,tick_lateness,51348.167
runtime,tick_lateness,4146.750
runtime,tick_lateness,8855.333
runtime,tick_lateness,35798.250
runtime,tick_lateness,2574.667
runtime,tick_lateness,58076.666
runtime,tick_lateness,57849.125
runtime,tick_lateness,51831.959
runtime,tick_lateness,2555.166
runtime,tick_lateness,51090.000
runtime,tick_lateness,2154.209
runtime,tick_lateness,58752.500
runtime,tick_lateness,51294.041
runtime,tick_lateness,2557.709
runtime,tick_lateness,58608.125
runtime,tick_lateness,51348.583
runtime,tick_lateness,2557.875
runtime,tick_lateness,50978.667
runtime,tick_lateness,2555.958
runtime,tick_lateness,50851.375
runtime,tick_lateness,4178.792
runtime,tick_lateness,57012.416
runtime,tick_lateness,58620.709
runtime,tick_lateness,51858.208
runtime,tick_lateness,4098.542
runtime,tick_lateness,4146.208
runtime,tick_lateness,6151.625
runtime,tick_lateness,36954.750
runtime,tick_lateness,26770.833
runtime,tick_lateness,26887.834
runtime,tick_lateness,45051.125
runtime,tick_lateness,8675.000
runtime,tick_lateness,58484.666
runtime,tick_lateness,50836.042
runtime,tick_lateness,2517.625
runtime,tick_lateness,60655.917
runtime,tick_lateness,57225.208
runtime,tick_lateness,60388.333
runtime,tick_lateness,57459.250
runtime,tick_lateness,16405.417
runtime,tick_lateness,29623.792
runtime,tick_lateness,2564.708
runtime,tick_lateness,60589.958
runtime,tick_lateness,39941.292
runtime,tick_lateness,12560.083
runtime,tick_lateness,51087.625
runtime,tick_lateness,2561.250
runtime,tick_lateness,60199.750
runtime,tick_lateness,28581.167
runtime,tick_lateness,16170.917
runtime,tick_lateness,2520.375
runtime,tick_lateness,50825.750
runtime,tick_lateness,2546.791
runtime,tick_lateness,38774.292
runtime,tick_lateness,7374.083
runtime,tick_lateness,2559.584
runtime,tick_lateness,60535.291
runtime,tick_lateness,54903.500
runtime,tick_lateness,47556.375
runtime,tick_lateness,8220.125
runtime,tick_lateness,59033.500
runtime,tick_lateness,58390.375
runtime,tick_lateness,58877.417
runtime,tick_lateness,57172.583
runtime,tick_lateness,60387.167
runtime,tick_lateness,11970.750
runtime,tick_lateness,34032.458
runtime,tick_lateness,2558.959
runtime,tick_lateness,16048.875
runtime,tick_lateness,30280.666
runtime,tick_lateness,2553.250
runtime,tick_lateness,57891.500
runtime,tick_lateness,60097.625
runtime,tick_lateness,51163.417
runtime,tick_lateness,1395.500
runtime,tick_lateness,59835.208
runtime,tick_lateness,58784.167
runtime,tick_lateness,51302.542
runtime,tick_lateness,2556.666
runtime,tick_lateness,3254.834
runtime,tick_lateness,52170.541
runtime,tick_lateness,58626.500
runtime,tick_lateness,2792.667
runtime,tick_lateness,48987.625
runtime,tick_lateness,51535.000
runtime,tick_lateness,2555.458
runtime,tick_lateness,16282.792
runtime,tick_lateness,39221.667
runtime,tick_lateness,22140.416
runtime,tick_lateness,30190.500
runtime,tick_lateness,60693.000
runtime,tick_lateness,57426.625
runtime,tick_lateness,51152.167
runtime,tick_lateness,91.375
runtime,tick_lateness,29296.875
runtime,tick_lateness,3860.542
runtime,tick_lateness,10543.458
runtime,tick_lateness,2565.083
runtime,tick_lateness,60716.500
runtime,tick_lateness,49871.375
runtime,tick_lateness,784.417
runtime,tick_lateness,53298.167
runtime,tick_lateness,2558.291
runtime,tick_lateness,59059.000
runtime,tick_lateness,57783.542
runtime,tick_lateness,5030.958
runtime,tick_lateness,42901.292
runtime,tick_lateness,2519.583
runtime,tick_lateness,60562.709
runtime,tick_lateness,57359.833
runtime,tick_lateness,59015.333
runtime,tick_lateness,35938.000
runtime,tick_lateness,10329.584
runtime,tick_lateness,2556.500
runtime,tick_lateness,60248.500
runtime,tick_lateness,10646.291
runtime,tick_lateness,41545.334
runtime,tick_lateness,60584.083
runtime,tick_lateness,29816.667
runtime,tick_lateness,14844.333
runtime,tick_lateness,2521.417
runtime,tick_lateness,35713.791
runtime,tick_lateness,6962.250
runtime,tick_lateness,5012.959
runtime,tick_lateness,9958.708
runtime,tick_lateness,23734.333
runtime,tick_lateness,49749.584
runtime,tick_lateness,2505.000
runtime,tick_lateness,51539.333
runtime,tick_lateness,2567.458
runtime,tick_lateness,15812.042
runtime,tick_lateness,30797.458
runtime,tick_lateness,2557.209
runtime,tick_lateness,51795.458
runtime,tick_lateness,4226.833
runtime,tick_lateness,57448.584
runtime,tick_lateness,5745.625
runtime,tick_lateness,11519.000
runtime,tick_lateness,23971.541
runtime,tick_lateness,2572.542
runtime,tick_lateness,10203.875
runtime,tick_lateness,36340.792
runtime,tick_lateness,2570.625
runtime,tick_lateness,51236.708
runtime,tick_lateness,2559.083
runtime,tick_lateness,51490.042
runtime,tick_lateness,2557.875
runtime,tick_lateness,25037.000
runtime,tick_lateness,29022.292
runtime,tick_lateness,58766.333
runtime,tick_lateness,58782.917
runtime,tick_lateness,51480.125
runtime,tick_lateness,2569.500
runtime,tick_lateness,58701.583
runtime,tick_lateness,59011.792
runtime,tick_lateness,58790.875
runtime,tick_lateness,51248.666
runtime,tick_lateness,2564.750
runtime,tick_lateness,25135.792
runtime,tick_lateness,28806.042
runtime,tick_lateness,58747.375
runtime,tick_lateness,60495.541
runtime,tick_lateness,49552.959
runtime,tick_lateness,2561.791
runtime,tick_lateness,58719.709
runtime,tick_lateness,37358.958
runtime,tick_lateness,8672.917
runtime,tick_lateness,4091.375
runtime,tick_lateness,55646.791
runtime,tick_lateness,60169.334
runtime,tick_lateness,60251.375
runtime,tick_lateness,49804.458
runtime,tick_lateness,2566.250
runtime,tick_lateness,58725.375
runtime,tick_lateness,58866.208
runtime,tick_lateness,51107.334
runtime,tick_lateness,2559.083
runtime,tick_lateness,51154.750
runtime,tick_lateness,2568.958
runtime,tick_lateness,25040.459
runtime,tick_lateness,28806.958
runtime,tick_lateness,58715.625
runtime,tick_lateness,19693.208
runtime,tick_lateness,26609.375
runtime,tick_lateness,2557.625
runtime,tick_lateness,57864.375
runtime,tick_lateness,59565.125
runtime,tick_lateness,26689.542
runtime,tick_lateness,12679.333
runtime,tick_lateness,9850.750
runtime,tick_lateness,58828.334
runtime,tick_lateness,58970.625
runtime,tick_lateness,18952.541
runtime,tick_lateness,6643.792
runtime,tick_lateness,24848.750
runtime,tick_lateness,55393.708
runtime,tick_lateness,7020.584
runtime,tick_lateness,47551.416
runtime,tick_lateness,45331.875
runtime,tick_lateness,2622.542
runtime,tick_lateness,2501.292
runtime,tick_lateness,60560.458
runtime,tick_lateness,49774.458
runtime,tick_lateness,2521.000
runtime,tick_lateness,58991.917
runtime,tick_lateness,58882.208
runtime,tick_lateness,58936.000
runtime,tick_lateness,59047.334
runtime,tick_lateness,58762.583
runtime,tick_lateness,51175.875
runtime,tick_lateness,2564.417
runtime,tick_lateness,51075.458
runtime,tick_lateness,2513.625
runtime,tick_lateness,58815.417
runtime,tick_lateness,51390.875
runtime,tick_lateness,4119.541
runtime,tick_lateness,57044.917
runtime,tick_lateness,40127.833
runtime,tick_lateness,15656.584
runtime,tick_lateness,15621.458
runtime,tick_lateness,38689.833
runtime,tick_lateness,52706.917
runtime,tick_lateness,2557.292
runtime,tick_lateness,51563.250
runtime,tick_lateness,2578.291
runtime,tick_lateness,59441.042
runtime,tick_lateness,59326.958
runtime,tick_lateness,17097.667
runtime,tick_lateness,29763.083
runtime,tick_lateness,2555.167
runtime,tick_lateness,59446.708
runtime,tick_lateness,39405.334
runtime,tick_lateness,13520.875
runtime,tick_lateness,44918.291
runtime,tick_lateness,9657.084
runtime,tick_lateness,60099.666
runtime,tick_lateness,60315.042
runtime,tick_lateness,57316.333
runtime,tick_lateness,58791.417
runtime,tick_lateness,51559.750
runtime,tick_lateness,2564.917
runtime,tick_lateness,57705.708
runtime,tick_lateness,27696.375
runtime,tick_lateness,27654.292
runtime,tick_lateness,59192.500
runtime,tick_lateness,59185.208
runtime,tick_lateness,51544.625
runtime,tick_lateness,2571.083
runtime,tick_lateness,58823.042
runtime,tick_lateness,6388.750
runtime,tick_lateness,46446.208
runtime,tick_lateness,52576.167
runtime,tick_lateness,2015.458
runtime,tick_lateness,51964.250
runtime,tick_lateness,2567.917
runtime,tick_lateness,58989.000
runtime,tick_lateness,58817.875
runtime,tick_lateness,5564.750
runtime,tick_lateness,26452.958
runtime,tick_lateness,18307.000
runtime,tick_lateness,57443.917
runtime,tick_lateness,51705.292
runtime,tick_lateness,2567.750
runtime,tick_lateness,12141.416
runtime,tick_lateness,34171.875
runtime,tick_lateness,2553.000
runtime,tick_lateness,58871.584
runtime,tick_lateness,51484.833
runtime,tick_lateness,2575.000
runtime,tick_lateness,59015.083
runtime,tick_lateness,15040.917
runtime,tick_lateness,39107.833
runtime,tick_lateness,51468.750
runtime,tick_lateness,838.334
runtime,tick_lateness,61491.458
runtime,tick_lateness,60554.125
runtime,tick_lateness,58987.333
runtime,tick_lateness,49817.292
runtime,tick_lateness,2537.333
runtime,tick_lateness,39005.917
runtime,tick_lateness,14553.375
runtime,tick_lateness,51551.833
runtime,tick_lateness,4099.625
runtime,tick_lateness,57609.167
runtime,tick_lateness,51209.750
runtime,tick_lateness,2565.583
runtime,tick_lateness,51347.459
runtime,tick_lateness,2558.083
runtime,tick_lateness,34837.875
runtime,tick_lateness,19199.458
runtime,tick_lateness,58056.750
runtime,tick_lateness,53080.709
runtime,tick_lateness,2450.791
runtime,tick_lateness,57824.875
runtime,tick_lateness,54002.375
runtime,tick_lateness,2566.792
runtime,tick_lateness,51697.250
runtime,tick_lateness,2561.292
runtime,tick_lateness,51659.041
runtime,tick_lateness,2520.167
runtime,tick_lateness,59146.958
runtime,tick_lateness,51762.917
runtime,tick_lateness,2560.583
runtime,tick_lateness,58992.000
runtime,tick_lateness,58976.584
runtime,tick_lateness,59320.375
runtime,tick_lateness,59134.666
runtime,tick_lateness,58883.417
runtime,tick_lateness,2083.458
runtime,tick_lateness,44277.959
runtime,tick_lateness,2552.791
runtime,tick_lateness,51412.667
runtime,tick_lateness,2570.000
runtime,tick_lateness,60522.042
runtime,tick_lateness,49928.625
runtime,tick_lateness,2569.666
runtime,tick_lateness,59204.709
runtime,tick_lateness,10007.875
runtime,tick_lateness,45687.750
runtime,tick_lateness,50118.416
runtime,tick_lateness,40987.792
runtime,tick_lateness,14648.333
runtime,tick_lateness,2505.458
runtime,tick_lateness,35735.167
runtime,tick_lateness,11019.667
runtime,tick_lateness,57474.708
runtime,tick_lateness,51738.250
runtime,tick_lateness,2555.708
runtime,tick_lateness,336.334
runtime,tick_lateness,53900.333
runtime,tick_lateness,60959.333
runtime,tick_lateness,58000.959
runtime,tick_lateness,60490.958
runtime,tick_lateness,59711.500
runtime,tick_lateness,59360.000
runtime,tick_lateness,59956.000
runtime,tick_lateness,59597.833
runtime,tick_lateness,32132.125
runtime,tick_lateness,23333.792
runtime,tick_lateness,51858.708
runtime,tick_lateness,3981.792
runtime,tick_lateness,44183.250
runtime,tick_lateness,9396.167
runtime,tick_lateness,19712.833
runtime,tick_lateness,27008.417
runtime,tick_lateness,2553.791
runtime,tick_lateness,61331.917
runtime,tick_lateness,40970.167
runtime,tick_lateness,11508.541
runtime,tick_lateness,52056.542
runtime,tick_lateness,2561.875
runtime,tick_lateness,34454.875
runtime,tick_lateness,20326.917
runtime,tick_lateness,30499.416
runtime,tick_lateness,16950.875
runtime,tick_lateness,2563.375
runtime,tick_lateness,61767.709
runtime,tick_lateness,59268.833
runtime,tick_lateness,58710.000
runtime,tick_lateness,51695.708
runtime,tick_lateness,2575.292
runtime,tick_lateness,61376.333
runtime,tick_lateness,25641.125
runtime,tick_lateness,27325.250
runtime,tick_lateness,59187.209
runtime,tick_lateness,22842.541
runtime,tick_lateness,30243.750
runtime,tick_lateness,52979.834
runtime,tick_lateness,2506.750
runtime,tick_lateness,51750.541
runtime,tick_lateness,2559.875
runtime,tick_lateness,35049.167
runtime,tick_lateness,11828.625
runtime,tick_lateness,2561.458
runtime,tick_lateness,57375.834
runtime,tick_lateness,54077.791
runtime,tick_lateness,2586.917
runtime,tick_lateness,13265.625
runtime,tick_lateness,10065.042
runtime,tick_lateness,18469.875
runtime,tick_lateness,2562.708
runtime,tick_lateness,59098.083
runtime,tick_lateness,33655.084
runtime,tick_lateness,13220.375
runtime,tick_lateness,2557.791
runtime,tick_lateness,16714.584
runtime,tick_lateness,29830.708
runtime,tick_lateness,2563.583
runtime,tick_lateness,6460.084
runtime,tick_lateness,49068.666
runtime,tick_lateness,50248.042
runtime,tick_lateness,4050.833
runtime,tick_lateness,49621.292
runtime,tick_lateness,2581.958
runtime,tick_lateness,60649.750
runtime,tick_lateness,50061.042
runtime,tick_lateness,2563.167
runtime,tick_lateness,60862.458
runtime,tick_lateness,2082.750
runtime,tick_lateness,42858.000
runtime,tick_lateness,2570.667
runtime,tick_lateness,59479.291
runtime,tick_lateness,58940.750
runtime,tick_lateness,59391.959
runtime,tick_lateness,60734.750
runtime,tick_lateness,50119.458
runtime,tick_lateness,4017.417
runtime,tick_lateness,49832.000
runtime,tick_lateness,2550.500
runtime,tick_lateness,59047.708
runtime,tick_lateness,61047.833
runtime,tick_lateness,50211.959
runtime,tick_lateness,4075.583
runtime,tick_lateness,57402.125
runtime,tick_lateness,51794.000
runtime,tick_lateness,2522.292
runtime,tick_lateness,59423.083
runtime,tick_lateness,59218.292
runtime,tick_lateness,2660.166
runtime,tick_lateness,59151.125
runtime,tick_lateness,9211.083
runtime,tick_lateness,45147.000
runtime,tick_lateness,60789.500
runtime,tick_lateness,57722.292
runtime,tick_lateness,33794.416
runtime,tick_lateness,2940.709
runtime,tick_lateness,6550.041
runtime,tick_lateness,4766.334
runtime,tick_lateness,58197.833
runtime,tick_lateness,53105.583
runtime,tick_lateness,2560.375
runtime,tick_lateness,59664.084
runtime,tick_lateness,52064.791
runtime,tick_lateness,2557.959
runtime,tick_lateness,16836.458
runtime,tick_lateness,37856.458
runtime,tick_lateness,51903.292
runtime,tick_lateness,4070.083
runtime,tick_lateness,49946.125
runtime,tick_lateness,2557.209
runtime,tick_lateness,51282.791
runtime,tick_lateness,2560.667
runtime,tick_lateness,8826.292
runtime,tick_lateness,45298.750
runtime,tick_lateness,1889.666
runtime,tick_lateness,44524.584
runtime,tick_lateness,2556.958
runtime,tick_lateness,60947.917
runtime,tick_lateness,6183.875
runtime,tick_lateness,26342.000
runtime,tick_lateness,7144.208
runtime,tick_lateness,2560.833
runtime,tick_lateness,51532.500
runtime,tick_lateness,2562.625
runtime,tick_lateness,60633.375
runtime,tick_lateness,57446.750
runtime,tick_lateness,51770.125
runtime,tick_lateness,2566.709
runtime,tick_lateness,58274.291
runtime,tick_lateness,16767.167
runtime,tick_lateness,1469.208
runtime,tick_lateness,24204.834
runtime,tick_lateness,2567.250
runtime,tick_lateness,59090.666
runtime,tick_lateness,51871.167
runtime,tick_lateness,2563.667
runtime,tick_lateness,51648.250
runtime,tick_lateness,4069.041
runtime,tick_lateness,50150.042
runtime,tick_lateness,2562.583
runtime,tick_lateness,35471.709
runtime,tick_lateness,18411.416
runtime,tick_lateness,51525.000
runtime,tick_lateness,2382.959
runtime,tick_lateness,22678.666
runtime,tick_lateness,23855.292
runtime,tick_lateness,4053.000
runtime,tick_lateness,50287.917
runtime,tick_lateness,2565.541
runtime,tick_lateness,29752.584
runtime,tick_lateness,2007.500
runtime,tick_lateness,17497.250
runtime,tick_lateness,58804.291
runtime,tick_lateness,59355.875
runtime,tick_lateness,2618.625
runtime,tick_lateness,51388.709
runtime,tick_lateness,59510.875
runtime,tick_lateness,59200.791
runtime,tick_lateness,59330.917
runtime,tick_lateness,59325.833
runtime,tick_lateness,2500.917
runtime,tick_lateness,4733.500
runtime,tick_lateness,42156.042
runtime,tick_lateness,34343.750
runtime,tick_lateness,9608.583
runtime,tick_lateness,5517.125
runtime,tick_lateness,59325.042
runtime,tick_lateness,5985.791
runtime,tick_lateness,46654.917
runtime,tick_lateness,53276.500
runtime,tick_lateness,2564.667
runtime,tick_lateness,52203.875
runtime,tick_lateness,2566.625
runtime,tick_lateness,51767.458
runtime,tick_lateness,2565.417
runtime,tick_lateness,52053.541
runtime,tick_lateness,2514.000
runtime,tick_lateness,50133.167
runtime,tick_lateness,4300.208
runtime,tick_lateness,58963.334
runtime,tick_lateness,38407.166
runtime,tick_lateness,16007.292
runtime,tick_lateness,8909.333
runtime,tick_lateness,44767.834
runtime,tick_lateness,44024.708
runtime,tick_lateness,3513.083
runtime,tick_lateness,4144.334
runtime,tick_lateness,58271.000
runtime,tick_lateness,59630.875
runtime,tick_lateness,59012.000
runtime,tick_lateness,52418.417
runtime,tick_lateness,2571.458
runtime,tick_lateness,51754.209
runtime,tick_lateness,4168.375
runtime,tick_lateness,39567.166
runtime,tick_lateness,5646.792
runtime,tick_lateness,4141.833
runtime,tick_lateness,25292.125
runtime,tick_lateness,27548.917
runtime,tick_lateness,59739.208
runtime,tick_lateness,47686.084
runtime,tick_lateness,6794.125
runtime,tick_lateness,2473.041
runtime,tick_lateness,51845.917
runtime,tick_lateness,51722.667
runtime,tick_lateness,2560.416
runtime,tick_lateness,59052.917
runtime,tick_lateness,22900.542
runtime,tick_lateness,31295.583
runtime,tick_lateness,42902.958
runtime,tick_lateness,11190.417
runtime,tick_lateness,45589.333
runtime,tick_lateness,10095.500
runtime,tick_lateness,50257.250
runtime,tick_lateness,4026.750
runtime,tick_lateness,50532.417
runtime,tick_lateness,2566.000
runtime,tick_lateness,51820.958
runtime,tick_lateness,2555.250
runtime,tick_lateness,61031.334
runtime,tick_lateness,1337.958
runtime,tick_lateness,43647.500
runtime,tick_lateness,4058.042
runtime,tick_lateness,49927.666
runtime,tick_lateness,2564.667
runtime,tick_lateness,51281.542
runtime,tick_lateness,2557.041
runtime,tick_lateness,51512.209
runtime,tick_lateness,2558.083
runtime,tick_lateness,1156.875
runtime,tick_lateness,45432.333
runtime,tick_lateness,2514.417
runtime,tick_lateness,59344.917
runtime,tick_lateness,59250.125
runtime,tick_lateness,9962.666
runtime,tick_lateness,42588.459
runtime,tick_lateness,45814.458
runtime,tick_lateness,2316.750
runtime,tick_lateness,2555.750
runtime,tick_lateness,60490.917
runtime,tick_lateness,50119.916
runtime,tick_lateness,2503.292
runtime,tick_lateness,59221.125
runtime,tick_lateness,51455.417
runtime,tick_lateness,2564.875
runtime,tick_lateness,51832.416
runtime,tick_lateness,4120.542
runtime,tick_lateness,24442.542
runtime,tick_lateness,20914.208
runtime,tick_lateness,4092.375
runtime,tick_lateness,15043.875
runtime,tick_lateness,30103.667
runtime,tick_lateness,2560.333
runtime,tick_lateness,51699.750
runtime,tick_lateness,3990.375
runtime,tick_lateness,31592.750
runtime,tick_lateness,13108.833
runtime,tick_lateness,2561.167
runtime,tick_lateness,51572.833
runtime,tick_lateness,2561.209
runtime,tick_lateness,60870.791
runtime,tick_lateness,59113.875
runtime,tick_lateness,8516.417
runtime,tick_lateness,11335.917
runtime,tick_lateness,12540.083
runtime,tick_lateness,10278.167
runtime,tick_lateness,59559.416
runtime,tick_lateness,15073.167
runtime,tick_lateness,31504.083
runtime,tick_lateness,2565.417
runtime,tick_lateness,51363.292
runtime,tick_lateness,2501.958
runtime,tick_lateness,60391.583
runtime,tick_lateness,57592.334
runtime,tick_lateness,25256.916
runtime,tick_lateness,29025.542
runtime,tick_lateness,59260.958
runtime,tick_lateness,59263.417
runtime,tick_lateness,59426.125
runtime,tick_lateness,60524.292
runtime,tick_lateness,46263.291
runtime,tick_lateness,6708.500
runtime,tick_lateness,57900.875
runtime,tick_lateness,62412.125
runtime,tick_lateness,25936.792
runtime,tick_lateness,27152.458
runtime,tick_lateness,46613.792
runtime,tick_lateness,50909.209
runtime,tick_lateness,2514.500
runtime,tick_lateness,60051.208
runtime,tick_lateness,61046.417
runtime,tick_lateness,921.458
runtime,tick_lateness,44415.250
runtime,tick_lateness,2565.333
runtime,tick_lateness,52166.959
runtime,tick_lateness,2564.375
runtime,tick_lateness,30704.708
runtime,tick_lateness,25402.583
runtime,tick_lateness,50368.250
runtime,tick_lateness,2559.917
runtime,tick_lateness,52267.708
runtime,tick_lateness,2564.750
runtime,tick_lateness,17491.709
runtime,tick_lateness,36876.375
runtime,tick_lateness,60750.791
runtime,tick_lateness,57557.625
runtime,tick_lateness,8916.500
runtime,tick_lateness,46941.084
runtime,tick_lateness,46411.375
runtime,tick_lateness,6218.333
runtime,tick_lateness,58999.958
runtime,tick_lateness,51776.292
runtime,tick_lateness,2544.250
runtime,tick_lateness,59112.875
runtime,tick_lateness,15043.208
runtime,tick_lateness,31543.625
runtime,tick_lateness,2563.000
runtime,tick_lateness,51692.625
runtime,tick_lateness,4072.542
runtime,tick_lateness,57742.375
runtime,tick_lateness,51468.125
runtime,tick_lateness,2514.375
runtime,tick_lateness,59465.917
runtime,tick_lateness,51781.625
runtime,tick_lateness,4098.125
runtime,tick_lateness,57987.416
runtime,tick_lateness,59300.584
runtime,tick_lateness,25773.833
runtime,tick_lateness,21189.542
runtime,tick_lateness,4155.291
runtime,tick_lateness,57582.500
runtime,tick_lateness,52045.459
runtime,tick_lateness,4098.916
runtime,tick_lateness,12355.375
runtime,tick_lateness,40283.750
runtime,tick_lateness,59571.167
runtime,tick_lateness,58670.875
runtime,tick_lateness,60250.333
runtime,tick_lateness,51752.084
runtime,tick_lateness,4196.875
runtime,tick_lateness,16822.125
runtime,tick_lateness,28284.666
runtime,tick_lateness,2572.042
runtime,tick_lateness,29450.000
runtime,tick_lateness,24961.333
runtime,tick_lateness,51531.834
runtime,tick_lateness,2562.750
runtime,tick_lateness,59693.583
runtime,tick_lateness,59642.083
runtime,tick_lateness,51395.209
runtime,tick_lateness,2517.458
runtime,tick_lateness,59701.542
runtime,tick_lateness,59413.500
runtime,tick_lateness,51606.458
runtime,tick_lateness,2564.125
runtime,tick_lateness,45676.458
runtime,tick_lateness,8698.875
runtime,tick_lateness,59182.125
runtime,tick_lateness,51964.167
runtime,tick_lateness,2567.208
runtime,tick_lateness,60498.792
runtime,tick_lateness,55859.250
runtime,tick_lateness,26395.625
runtime,tick_lateness,5026.000
runtime,tick_lateness,18173.875
runtime,tick_lateness,52873.458
runtime,tick_lateness,2524.750
runtime,tick_lateness,60354.959
runtime,tick_lateness,57927.208
runtime,tick_lateness,51470.333
runtime,tick_lateness,2562.375
runtime,tick_lateness,51589.500
runtime,tick_lateness,2569.459
runtime,tick_lateness,51364.791
runtime,tick_lateness,4146.584
runtime,tick_lateness,7746.125
runtime,tick_lateness,10181.291
runtime,tick_lateness,29173.375
runtime,tick_lateness,20600.709
runtime,tick_lateness,25804.083
runtime,tick_lateness,2558.750
runtime,tick_lateness,59006.917
runtime,tick_lateness,51130.166
runtime,tick_lateness,2553.084
runtime,tick_lateness,60315.166
runtime,tick_lateness,5172.709
runtime,tick_lateness,50331.542
runtime,tick_lateness,2560.875
runtime,tick_lateness,51128.125
runtime,tick_lateness,2567.625
runtime,tick_lateness,60096.416
runtime,tick_lateness,58467.167
runtime,tick_lateness,25067.208
runtime,tick_lateness,2661.625
runtime,tick_lateness,11958.375
runtime,tick_lateness,2556.709
runtime,tick_lateness,10975.916
runtime,tick_lateness,35365.375
runtime,tick_lateness,2585.334
runtime,tick_lateness,56990.541
runtime,tick_lateness,61153.625
runtime,tick_lateness,58851.625
runtime,tick_lateness,52147.417
runtime,tick_lateness,2561.625
runtime,tick_lateness,58851.708
runtime,tick_lateness,9535.459
runtime,tick_lateness,37111.125
runtime,tick_lateness,2560.416
runtime,tick_lateness,58509.917
runtime,tick_lateness,59283.750
runtime,tick_lateness,51606.917
runtime,tick_lateness,2555.541
runtime,tick_lateness,60462.667
runtime,tick_lateness,59062.125
runtime,tick_lateness,44644.833
runtime,tick_lateness,6896.334
runtime,tick_lateness,61304.041
runtime,tick_lateness,57663.125
runtime,tick_lateness,59352.709
runtime,tick_lateness,58770.375
runtime,tick_lateness,57342.250
runtime,tick_lateness,59600.916
runtime,tick_lateness,52322.959
runtime,tick_lateness,2559.333
runtime,tick_lateness,51375.875
runtime,tick_lateness,2566.167
runtime,tick_lateness,15477.666
runtime,tick_lateness,29017.375
runtime,tick_lateness,4715.959
runtime,tick_lateness,51433.500
runtime,tick_lateness,2564.583
runtime,tick_lateness,38352.083
runtime,tick_lateness,13338.000
runtime,tick_lateness,26632.917
runtime,tick_lateness,21991.542
runtime,tick_lateness,939.750
runtime,tick_lateness,60610.333
runtime,tick_lateness,29536.250
runtime,tick_lateness,16774.750
runtime,tick_lateness,2561.042
runtime,tick_lateness,60746.666
runtime,tick_lateness,49829.834
runtime,tick_lateness,2554.500
runtime,tick_lateness,20668.041
runtime,tick_lateness,34899.584
runtime,tick_lateness,49977.416
runtime,tick_lateness,2514.500
runtime,tick_lateness,25983.667
runtime,tick_lateness,29635.792
runtime,tick_lateness,50178.250
runtime,tick_lateness,2554.583
runtime,tick_lateness,21199.667
runtime,tick_lateness,25620.500
runtime,tick_lateness,2506.166
runtime,tick_lateness,16637.167
runtime,tick_lateness,29967.958
runtime,tick_lateness,2568.792
runtime,tick_lateness,35848.792
runtime,tick_lateness,10441.875
runtime,tick_lateness,2557.750
runtime,tick_lateness,59112.791
runtime,tick_lateness,12566.375
runtime,tick_lateness,33752.292
runtime,tick_lateness,1556.583
runtime,tick_lateness,61534.125
runtime,tick_lateness,49924.500
runtime,tick_lateness,2565.542
runtime,tick_lateness,16010.708
runtime,tick_lateness,30653.584
runtime,tick_lateness,2567.916
runtime,tick_lateness,25048.334
runtime,tick_lateness,21221.125
runtime,tick_lateness,2552.416
runtime,tick_lateness,60568.084
runtime,tick_lateness,22325.375
runtime,tick_lateness,28317.375
runtime,tick_lateness,53330.833
runtime,tick_lateness,2515.292
runtime,tick_lateness,51269.166
runtime,tick_lateness,2555.250
runtime,tick_lateness,51400.834
runtime,tick_lateness,2569.666
runtime,tick_lateness,51093.875
runtime,tick_lateness,2560.334
runtime,tick_lateness,56665.250
runtime,tick_lateness,45140.709
runtime,tick_lateness,9004.625
runtime,tick_lateness,50975.541
runtime,tick_lateness,2512.959
runtime,tick_lateness,60981.750
runtime,tick_lateness,50558.583
runtime,tick_lateness,2512.167
runtime,tick_lateness,59106.083
runtime,tick_lateness,51361.250
runtime,tick_lateness,2564.208
runtime,tick_lateness,29256.542
runtime,tick_lateness,25064.000
runtime,tick_lateness,27552.958
runtime,tick_lateness,11464.167
runtime,tick_lateness,11305.708
runtime,tick_lateness,57678.334
runtime,tick_lateness,51717.500
runtime,tick_lateness,2515.416
runtime,tick_lateness,18910.125
runtime,tick_lateness,27620.000
runtime,tick_lateness,2562.709
runtime,tick_lateness,37771.000
runtime,tick_lateness,8487.166
runtime,tick_lateness,2565.500
runtime,tick_lateness,21937.375
runtime,tick_lateness,3596.084
runtime,tick_lateness,23237.541
runtime,tick_lateness,59013.250
runtime,tick_lateness,12925.292
runtime,tick_lateness,41639.625
runtime,tick_lateness,60563.833
runtime,tick_lateness,57409.584
runtime,tick_lateness,58904.541
runtime,tick_lateness,59579.084
runtime,tick_lateness,58782.666
runtime,tick_lateness,58557.959
runtime,tick_lateness,47900.750
runtime,tick_lateness,5850.208
runtime,tick_lateness,33284.667
runtime,tick_lateness,12728.041
runtime,tick_lateness,2513.167
runtime,tick_lateness,58936.792
runtime,tick_lateness,60689.708
runtime,tick_lateness,42910.875
runtime,tick_lateness,10586.583
runtime,tick_lateness,49655.834
runtime,tick_lateness,2559.833
runtime,tick_lateness,51185.000
runtime,tick_lateness,2561.125
runtime,tick_lateness,51373.625
runtime,tick_lateness,2508.792
runtime,tick_lateness,10360.166
runtime,tick_lateness,43108.542
runtime,tick_lateness,58579.333
runtime,tick_lateness,60321.375
runtime,tick_lateness,57392.959
runtime,tick_lateness,56618.458
runtime,tick_lateness,61307.500
runtime,tick_lateness,59071.167
runtime,tick_lateness,56794.291
runtime,tick_lateness,31059.417
runtime,tick_lateness,24562.208
runtime,tick_lateness,13523.084
runtime,tick_lateness,41898.333
runtime,tick_lateness,49637.625
runtime,tick_lateness,2559.542
runtime,tick_lateness,4101.958
runtime,tick_lateness,42435.708
runtime,tick_lateness,2568.500
runtime,tick_lateness,59373.375
runtime,tick_lateness,51134.042
runtime,tick_lateness,2567.417
runtime,tick_lateness,58397.958
runtime,tick_lateness,59029.375
runtime,tick_lateness,58840.625
runtime,tick_lateness,58635.417
runtime,tick_lateness,59408.583
runtime,tick_lateness,51603.750
runtime,tick_lateness,4119.542
runtime,tick_lateness,56933.166
runtime,tick_lateness,13293.292
runtime,tick_lateness,41275.875
runtime,tick_lateness,15429.042
runtime,tick_lateness,15552.500
runtime,tick_lateness,10398.708
runtime,tick_lateness,2522.292
runtime,tick_lateness,58783.375
runtime,tick_lateness,60956.833
runtime,tick_lateness,57168.583
runtime,tick_lateness,26242.209
runtime,tick_lateness,2692.375
runtime,tick_lateness,20084.750
runtime,tick_lateness,51457.583
runtime,tick_lateness,2523.375
runtime,tick_lateness,51553.042
runtime,tick_lateness,2558.833
runtime,tick_lateness,52125.000
runtime,tick_lateness,2563.792
runtime,tick_lateness,59293.333
runtime,tick_lateness,61349.167
runtime,tick_lateness,59447.208
runtime,tick_lateness,45441.542
runtime,tick_lateness,9195.541
runtime,tick_lateness,47548.042
runtime,tick_lateness,7124.542
runtime,tick_lateness,3195.958
runtime,tick_lateness,50646.958
runtime,tick_lateness,51559.500
runtime,tick_lateness,2562.542
runtime,tick_lateness,59171.625
runtime,tick_lateness,22059.958
runtime,tick_lateness,23537.584
runtime,tick_lateness,3782.375
runtime,tick_lateness,59581.250
runtime,tick_lateness,53055.625
runtime,tick_lateness,2564.541
runtime,tick_lateness,59297.250
runtime,tick_lateness,35513.000
runtime,tick_lateness,7454.959
runtime,tick_lateness,5903.500
runtime,tick_lateness,58178.416
runtime,tick_lateness,52312.000
runtime,tick_lateness,2567.917
runtime,tick_lateness,51579.583
runtime,tick_lateness,2565.834
runtime,tick_lateness,58910.041
runtime,tick_lateness,45097.167
runtime,tick_lateness,9041.667
runtime,tick_lateness,59301.791
runtime,tick_lateness,58582.500
runtime,tick_lateness,51346.000
runtime,tick_lateness,2561.250
runtime,tick_lateness,51248.250
runtime,tick_lateness,2554.875
runtime,tick_lateness,51380.417
runtime,tick_lateness,2339.125
runtime,tick_lateness,51464.208
runtime,tick_lateness,2554.667
runtime,tick_lateness,58512.583
runtime,tick_lateness,51392.625
runtime,tick_lateness,2559.959
runtime,tick_lateness,58937.666
runtime,tick_lateness,60155.125
runtime,tick_lateness,57517.667
runtime,tick_lateness,51521.167
runtime,tick_lateness,2556.041
runtime,tick_lateness,12842.209
runtime,tick_lateness,41027.166
runtime,tick_lateness,51331.709
runtime,tick_lateness,2553.833
runtime,tick_lateness,20136.500
runtime,tick_lateness,26002.583
runtime,tick_lateness,2557.250
runtime,tick_lateness,51333.459
runtime,tick_lateness,2556.250
runtime,tick_lateness,58643.250
runtime,tick_lateness,59116.708
runtime,tick_lateness,51745.250
runtime,tick_lateness,2561.250
runtime,tick_lateness,51084.000
runtime,tick_lateness,2560.500
runtime,tick_lateness,2633.875
runtime,tick_lateness,29241.833
runtime,tick_lateness,17124.959
runtime,tick_lateness,58630.750
runtime,tick_lateness,25738.166
runtime,tick_lateness,28434.834
runtime,tick_lateness,58679.125
runtime,tick_lateness,40693.875
runtime,tick_lateness,13593.125
runtime,tick_lateness,33697.708
runtime,tick_lateness,22072.875
runtime,tick_lateness,49617.250
runtime,tick_lateness,2528.083
runtime,tick_lateness,39508.334
runtime,tick_lateness,14298.958
runtime,tick_lateness,42312.042
runtime,tick_lateness,11253.291
runtime,tick_lateness,52463.584
runtime,tick_lateness,2574.458
runtime,tick_lateness,30149.583
runtime,tick_lateness,25523.500
runtime,tick_lateness,50142.625
runtime,tick_lateness,2561.209
runtime,tick_lateness,51412.791
runtime,tick_lateness,2563.459
runtime,tick_lateness,59253.916
runtime,tick_lateness,22800.959
runtime,tick_lateness,23703.958
runtime,tick_lateness,4122.292
runtime,tick_lateness,57486.708
runtime,tick_lateness,14397.083
runtime,tick_lateness,9929.709
runtime,tick_lateness,26381.708
runtime,tick_lateness,57549.125
runtime,tick_lateness,51402.375
runtime,tick_lateness,2563.583
runtime,tick_lateness,5072.417
runtime,tick_lateness,58664.125
runtime,tick_lateness,45110.500
runtime,tick_lateness,9408.875
runtime,tick_lateness,58958.542
runtime,tick_lateness,51348.667
runtime,tick_lateness,2567.041
runtime,tick_lateness,51459.500
runtime,tick_lateness,2563.750
runtime,tick_lateness,59068.417
runtime,tick_lateness,57838.625
runtime,tick_lateness,28779.833
runtime,tick_lateness,19014.084
runtime,tick_lateness,2558.916
runtime,tick_lateness,51446.375
runtime,tick_lateness,2558.917
runtime,tick_lateness,58777.333
runtime,tick_lateness,60328.792
runtime,tick_lateness,58647.917
runtime,tick_lateness,56179.958
runtime,tick_lateness,59815.292
runtime,tick_lateness,58686.208
runtime,tick_lateness,33475.625
runtime,tick_lateness,21700.167
runtime,tick_lateness,59067.875
runtime,tick_lateness,49877.333
runtime,tick_lateness,2566.458
runtime,tick_lateness,58176.417
runtime,tick_lateness,58684.708
runtime,tick_lateness,52030.459
runtime,tick_lateness,2561.666
runtime,tick_lateness,51764.584
runtime,tick_lateness,2559.666
runtime,tick_lateness,51617.000
runtime,tick_lateness,2567.625
runtime,tick_lateness,56936.667
runtime,tick_lateness,21487.333
runtime,tick_lateness,33083.875
runtime,tick_lateness,60598.375
runtime,tick_lateness,58808.875
runtime,tick_lateness,59009.167
runtime,tick_lateness,37182.375
runtime,tick_lateness,15368.625
runtime,tick_lateness,52645.167
runtime,tick_lateness,2514.291
runtime,tick_lateness,57220.250
runtime,tick_lateness,11879.917
runtime,tick_lateness,43780.583
runtime,tick_lateness,51450.834
runtime,tick_lateness,2568.791
runtime,tick_lateness,59163.459
runtime,tick_lateness,58649.833
runtime,tick_lateness,59446.292
runtime,tick_lateness,59233.541
runtime,tick_lateness,16337.875
runtime,tick_lateness,20791.500
runtime,tick_lateness,10027.375
runtime,tick_lateness,61774.459
runtime,tick_lateness,59171.208
runtime,tick_lateness,51945.250
runtime,tick_lateness,2561.125
runtime,tick_lateness,25580.000
runtime,tick_lateness,29210.083
runtime,tick_lateness,19715.250
runtime,tick_lateness,34513.250
runtime,tick_lateness,52083.417
runtime,tick_lateness,2562.708
runtime,tick_lateness,51905.000
runtime,tick_lateness,615.834
runtime,tick_lateness,28404.625
runtime,tick_lateness,27884.250
runtime,tick_lateness,61160.416
runtime,tick_lateness,50415.334
runtime,tick_lateness,2553.291
runtime,tick_lateness,49574.834
runtime,tick_lateness,4704.208
runtime,tick_lateness,60616.000
runtime,tick_lateness,1324.083
runtime,tick_lateness,51547.459
runtime,tick_lateness,6930.750
runtime,tick_lateness,48868.083
runtime,tick_lateness,57718.542
runtime,tick_lateness,61021.541
runtime,tick_lateness,50126.042
runtime,tick_lateness,2558.333
runtime,tick_lateness,59151.167
runtime,tick_lateness,51777.792
runtime,tick_lateness,2555.333
runtime,tick_lateness,51448.167
runtime,tick_lateness,2552.916
runtime,tick_lateness,51691.792
runtime,tick_lateness,4073.958
runtime,tick_lateness,59230.750
runtime,tick_lateness,57742.917
runtime,tick_lateness,60542.042
runtime,tick_lateness,57794.291
runtime,tick_lateness,19393.750
runtime,tick_lateness,27000.667
runtime,tick_lateness,2562.250
runtime,tick_lateness,59333.458
pipeline,fast_path,50.583
pipeline,fast_path,21.166
pipeline,fast_path,14.459
pipeline,fast_path,11.667
pipeline,fast_path,11.333
pipeline,fast_path,10.084
pipeline,fast_path,9.917
pipeline,fast_path,9.750
pipeline,fast_path,10.041
pipeline,fast_path,9.833
pipeline,fast_path,9.375
pipeline,fast_path,10.042
pipeline,fast_path,9.666
pipeline,fast_path,9.083
pipeline,fast_path,11.041
pipeline,fast_path,10.083
pipeline,fast_path,9.709
pipeline,fast_path,9.791
pipeline,fast_path,9.792
pipeline,fast_path,43.000
pipeline,fast_path,93.292
pipeline,fast_path,43.125
pipeline,fast_path,35.708
pipeline,fast_path,32.625
pipeline,fast_path,32.417
pipeline,fast_path,31.833
pipeline,fast_path,30.250
pipeline,fast_path,32.250
pipeline,fast_path,30.583
pipeline,fast_path,30.375
pipeline,fast_path,31.333
pipeline,fast_path,29.875
pipeline,fast_path,31.375
pipeline,fast_path,31.584
pipeline,fast_path,29.708
pipeline,fast_path,30.583
pipeline,fast_path,30.125
pipeline,fast_path,32.375
pipeline,fast_path,30.167
pipeline,fast_path,30.459
pipeline,fast_path,84.042
pipeline,fast_path,50.542
pipeline,fast_path,42.917
pipeline,fast_path,39.750
pipeline,fast_path,38.667
pipeline,fast_path,38.500
pipeline,fast_path,7115.792
pipeline,fast_path,70.125
pipeline,fast_path,49.042
pipeline,fast_path,45.792
pipeline,fast_path,44.833
pipeline,fast_path,45.500
pipeline,fast_path,39.083
pipeline,fast_path,43.667
pipeline,fast_path,38.417
pipeline,fast_path,42.042
pipeline,fast_path,36.292
pipeline,fast_path,38.959
pipeline,fast_path,39.958
pipeline,fast_path,42.833
pipeline,fast_path,68.625
pipeline,fast_path,44.416
pipeline,fast_path,40.208
pipeline,fast_path,38.208
pipeline,fast_path,37.625
pipeline,fast_path,38.083
pipeline,fast_path,36.375
pipeline,fast_path,37.208
pipeline,fast_path,36.666
pipeline,fast_path,39.834
pipeline,fast_path,36.917
pipeline,fast_path,37.208
pipeline,fast_path,39.334
pipeline,fast_path,34.833
pipeline,fast_path,36.375
pipeline,fast_path,36.750
pipeline,fast_path,35.709
pipeline,fast_path,36.292
pipeline,fast_path,36.375
pipeline,fast_path,36.250
pipeline,fast_path,7599.750
pipeline,fast_path,47.166
pipeline,fast_path,41.833
pipeline,fast_path,39.083
pipeline,fast_path,76.083
pipeline,fast_path,41.125
pipeline,fast_path,38.417
pipeline,fast_path,38.583
pipeline,fast_path,38.417
pipeline,fast_path,36.667
pipeline,fast_path,37.916
pipeline,fast_path,37.084
pipeline,fast_path,37.625
pipeline,fast_path,37.875
pipeline,fast_path,37.000
pipeline,fast_path,36.042
pipeline,fast_path,36.625
pipeline,fast_path,36.375
pipeline,fast_path,35.958
pipeline,fast_path,36.709
pipeline,fast_path,78.250
pipeline,fast_path,47.417
pipeline,fast_path,43.500
pipeline,fast_path,41.959
pipeline,fast_path,41.166
pipeline,fast_path,40.083
pipeline,fast_path,38.542
pipeline,fast_path,39.000
pipeline,fast_path,36.542
pipeline,fast_path,38.125
pipeline,fast_path,61.417
pipeline,fast_path,59.625
pipeline,fast_path,59.459
pipeline,fast_path,58.167
pipeline,fast_path,58.084
pipeline,fast_path,57.125
pipeline,fast_path,56.834
pipeline,fast_path,55.583
pipeline,fast_path,56.958
pipeline,fast_path,56.583
pipeline,fast_path,104.875
pipeline,fast_path,66.542
pipeline,fast_path,62.625
pipeline,fast_path,60.625
pipeline,fast_path,59.083
pipeline,fast_path,58.583
pipeline,fast_path,59.416
pipeline,fast_path,57.250
pipeline,fast_path,57.459
pipeline,fast_path,58.458
pipeline,fast_path,56.625
pipeline,fast_path,57.708
pipeline,fast_path,58.208
pipeline,fast_path,62.166
pipeline,fast_path,59.459
pipeline,fast_path,57.458
pipeline,fast_path,56.417
pipeline,fast_path,56.875
pipeline,fast_path,56.500
pipeline,fast_path,56.833
pipeline,fast_path,112.375
pipeline,fast_path,76.041
pipeline,fast_path,66.792
pipeline,fast_path,66.833
pipeline,fast_path,60.833
pipeline,fast_path,60.125
pipeline,fast_path,66.583
pipeline,fast_path,63.417
pipeline,fast_path,59.000
pipeline,fast_path,58.917
pipeline,fast_path,58.750
pipeline,fast_path,58.083
pipeline,fast_path,58.083
pipeline,fast_path,57.750
pipeline,fast_path,59.083
pipeline,fast_path,57.417
pipeline,fast_path,56.250
pipeline,fast_path,57.292
pipeline,fast_path,56.875
pipeline,fast_path,56.959
pipeline,fast_path,99.500
pipeline,fast_path,87.000
pipeline,fast_path,69.584
pipeline,fast_path,61.500
pipeline,fast_path,57.709
pipeline,fast_path,60.125
pipeline,fast_path,61.917
pipeline,fast_path,57.916
pipeline,fast_path,58.125
pipeline,fast_path,58.625
pipeline,fast_path,58.833
pipeline,fast_path,58.375
pipeline,fast_path,57.625
pipeline,fast_path,58.625
pipeline,fast_path,58.292
pipeline,fast_path,58.167
pipeline,fast_path,56.292
pipeline,fast_path,57.917
pipeline,fast_path,57.208
pipeline,fast_path,56.708
pipeline,fast_path,98.417
pipeline,fast_path,67.250
pipeline,fast_path,63.250
pipeline,fast_path,61.000
pipeline,fast_path,57.833
pipeline,fast_path,60.875
pipeline,fast_path,59.292
pipeline,fast_path,79.833
pipeline,fast_path,59.625
pipeline,fast_path,58.500
pipeline,fast_path,58.583
pipeline,fast_path,58.834
pipeline,fast_path,59.416
pipeline,fast_path,60.792
pipeline,fast_path,60.833
pipeline,fast_path,59.708
pipeline,fast_path,61.375
pipeline,fast_path,61.250
pipeline,fast_path,61.084
pipeline,fast_path,65.500
pipeline,fast_path,97.375
pipeline,fast_path,73.167
pipeline,fast_path,65.083
pipeline,fast_path,61.167
pipeline,fast_path,62.833
pipeline,fast_path,66.959
pipeline,fast_path,69.625
pipeline,fast_path,62.166
pipeline,fast_path,60.125
pipeline,fast_path,59.417
pipeline,fast_path,59.083
pipeline,fast_path,58.375
pipeline,fast_path,57.583
pipeline,fast_path,57.834
pipeline,fast_path,57.458
pipeline,fast_path,58.708
pipeline,fast_path,57.250
pipeline,fast_path,56.667
pipeline,fast_path,57.708
pipeline,fast_path,58.083
pipeline,fast_path,92.500
pipeline,fast_path,66.750
pipeline,fast_path,61.209
pipeline,fast_path,62.000
pipeline,fast_path,60.959
pipeline,fast_path,61.500
pipeline,fast_path,59.875
pipeline,fast_path,60.250
pipeline,fast_path,61.750
pipeline,fast_path,63.000
pipeline,fast_path,57.125
pipeline,fast_path,58.541
pipeline,fast_path,57.125
pipeline,fast_path,58.417
pipeline,fast_path,58.084
pipeline,fast_path,58.542
pipeline,fast_path,58.583
pipeline,fast_path,57.625
pipeline,fast_path,58.542
pipeline,fast_path,58.750
pipeline,fast_path,95.625
pipeline,fast_path,68.667
pipeline,fast_path,64.417
pipeline,fast_path,61.750
pipeline,fast_path,62.833
pipeline,fast_path,60.042
pipeline,fast_path,60.333
pipeline,fast_path,61.667
pipeline,fast_path,59.209
pipeline,fast_path,59.708
pipeline,fast_path,59.375
pipeline,fast_path,59.500
pipeline,fast_path,58.375
pipeline,fast_path,59.750
pipeline,fast_path,59.459
pipeline,fast_path,60.084
pipeline,fast_path,59.416
pipeline,fast_path,58.875
pipeline,fast_path,58.500
pipeline,fast_path,59.708
pipeline,fast_path,97.042
pipeline,fast_path,68.583
pipeline,fast_path,63.583
pipeline,fast_path,63.041
pipeline,fast_path,61.500
pipeline,fast_path,61.375
pipeline,fast_path,59.958
pipeline,fast_path,61.875
pipeline,fast_path,59.500
pipeline,fast_path,60.709
pipeline,fast_path,59.834
pipeline,fast_path,60.292
pipeline,fast_path,59.833
pipeline,fast_path,59.333
pipeline,fast_path,59.542
pipeline,fast_path,58.666
pipeline,fast_path,59.166
pipeline,fast_path,59.875
pipeline,fast_path,59.000
pipeline,fast_path,59.333
pipeline,fast_path,90.292
pipeline,fast_path,68.916
pipeline,fast_path,64.542
pipeline,fast_path,62.583
pipeline,fast_path,63.291
pipeline,fast_path,60.541
pipeline,fast_path,60.209
pipeline,fast_path,64.750
pipeline,fast_path,64.500
pipeline,fast_path,60.792
pipeline,fast_path,61.584
pipeline,fast_path,59.333
pipeline,fast_path,59.375
pipeline,fast_path,80.667
pipeline,fast_path,63.916
pipeline,fast_path,62.250
pipeline,fast_path,58.709
pipeline,fast_path,60.583
pipeline,fast_path,61.625
pipeline,fast_path,60.125
pipeline,fast_path,94.042
pipeline,fast_path,69.334
pipeline,fast_path,65.791
pipeline,fast_path,62.459
pipeline,fast_path,62.625
pipeline,fast_path,61.666
pipeline,fast_path,62.666
pipeline,fast_path,59.958
pipeline,fast_path,60.375
pipeline,fast_path,61.000
pipeline,fast_path,60.209
pipeline,fast_path,59.167
pipeline,fast_path,61.875
pipeline,fast_path,60.625
pipeline,fast_path,60.916
pipeline,fast_path,59.917
pipeline,fast_path,59.958
pipeline,fast_path,57.958
pipeline,fast_path,59.500
pipeline,fast_path,59.667
pipeline,fast_path,91.709
pipeline,fast_path,71.625
pipeline,fast_path,66.792
pipeline,fast_path,67.583
pipeline,fast_path,61.084
pipeline,fast_path,67.000
pipeline,fast_path,62.083
pipeline,fast_path,62.125
pipeline,fast_path,60.625
pipeline,fast_path,59.750
pipeline,fast_path,61.791
pipeline,fast_path,61.750
pipeline,fast_path,60.166
pipeline,fast_path,61.542
pipeline,fast_path,60.708
pipeline,fast_path,60.542
pipeline,fast_path,59.708
pipeline,fast_path,57.542
pipeline,fast_path,59.459
pipeline,fast_path,59.750
pipeline,fast_path,94.875
pipeline,fast_path,68.917
pipeline,fast_path,65.875
pipeline,fast_path,63.709
pipeline,fast_path,62.166
pipeline,fast_path,63.625
pipeline,fast_path,61.042
pipeline,fast_path,61.791
pipeline,fast_path,62.583
pipeline,fast_path,61.834
pipeline,fast_path,62.709
pipeline,fast_path,62.417
pipeline,fast_path,65.250
pipeline,fast_path,62.500
pipeline,fast_path,61.959
pipeline,fast_path,63.250
pipeline,fast_path,60.875
pipeline,fast_path,59.084
pipeline,fast_path,59.916
pipeline,fast_path,59.042
pipeline,fast_path,89.375
pipeline,fast_path,70.125
pipeline,fast_path,64.417
pipeline,fast_path,65.958
pipeline,fast_path,64.417
pipeline,fast_path,63.042
pipeline,fast_path,61.792
pipeline,fast_path,62.333
pipeline,fast_path,61.042
pipeline,fast_path,61.625
pipeline,fast_path,62.000
pipeline,fast_path,59.792
pipeline,fast_path,62.083
pipeline,fast_path,67.666
pipeline,fast_path,62.000
pipeline,fast_path,61.333
pipeline,fast_path,61.708
pipeline,fast_path,60.792
pipeline,fast_path,59.209
pipeline,fast_path,59.792
pipeline,fast_path,85.792
pipeline,fast_path,66.583
pipeline,fast_path,66.125
pipeline,fast_path,61.916
pipeline,fast_path,64.333
pipeline,fast_path,62.875
pipeline,fast_path,62.084
pipeline,fast_path,63.667
pipeline,fast_path,61.500
pipeline,fast_path,61.083
pipeline,fast_path,61.708
pipeline,fast_path,60.875
pipeline,fast_path,59.584
pipeline,fast_path,60.417
pipeline,fast_path,61.833
pipeline,fast_path,62.083
pipeline,fast_path,59.583
pipeline,fast_path,60.083
pipeline,fast_path,60.666
pipeline,fast_path,64.375
pipeline,fast_path,110.458
pipeline,fast_path,71.750
pipeline,fast_path,66.041
pipeline,fast_path,62.917
pipeline,fast_path,63.417
pipeline,fast_path,64.125
pipeline,fast_path,61.250
pipeline,fast_path,62.458
pipeline,fast_path,61.375
pipeline,fast_path,61.709
pipeline,fast_path,62.500
pipeline,fast_path,61.667
pipeline,fast_path,61.541
pipeline,fast_path,61.958
pipeline,fast_path,61.750
pipeline,fast_path,61.792
pipeline,fast_path,66.916
pipeline,fast_path,64.917
pipeline,fast_path,62.834
pipeline,fast_path,62.625
pipeline,fast_path,102.500
pipeline,fast_path,74.500
pipeline,fast_path,68.125
pipeline,fast_path,68.292
pipeline,fast_path,65.292
pipeline,fast_path,76.250
pipeline,fast_path,68.667
pipeline,fast_path,64.250
pipeline,fast_path,62.250
pipeline,fast_path,63.250
pipeline,fast_path,62.583
pipeline,fast_path,62.916
pipeline,fast_path,62.292
pipeline,fast_path,63.375
pipeline,fast_path,62.458
pipeline,fast_path,64.459
pipeline,fast_path,62.792
pipeline,fast_path,61.584
pipeline,fast_path,62.542
pipeline,fast_path,62.292
pipeline,fast_path,97.792
pipeline,fast_path,76.292
pipeline,fast_path,68.416
pipeline,fast_path,65.375
pipeline,fast_path,65.958
pipeline,fast_path,75.083
pipeline,fast_path,65.000
pipeline,fast_path,62.542
pipeline,fast_path,62.667
pipeline,fast_path,62.625
pipeline,fast_path,63.083
pipeline,fast_path,63.500
pipeline,fast_path,63.875
pipeline,fast_path,61.875
pipeline,fast_path,63.125
pipeline,fast_path,63.750
pipeline,fast_path,62.917
pipeline,fast_path,61.958
pipeline,fast_path,60.291
pipeline,fast_path,62.125
pipeline,fast_path,123.666
pipeline,fast_path,79.083
pipeline,fast_path,70.875
pipeline,fast_path,69.834
pipeline,fast_path,77.833
pipeline,fast_path,65.416
pipeline,fast_path,73.334
pipeline,fast_path,67.708
pipeline,fast_path,69.417
pipeline,fast_path,75.625
pipeline,fast_path,78.625
pipeline,fast_path,67.750
pipeline,fast_path,63.709
pipeline,fast_path,63.542
pipeline,fast_path,63.083
pipeline,fast_path,63.458
pipeline,fast_path,62.875
pipeline,fast_path,63.791
pipeline,fast_path,62.250
pipeline,fast_path,66.042
pipeline,fast_path,112.166
pipeline,fast_path,74.750
pipeline,fast_path,69.416
pipeline,fast_path,66.250
pipeline,fast_path,65.041
pipeline,fast_path,64.292
pipeline,fast_path,67.417
pipeline,fast_path,63.542
pipeline,fast_path,63.667
pipeline,fast_path,64.334
pipeline,fast_path,69.333
pipeline,fast_path,97.500
pipeline,fast_path,82.667
pipeline,fast_path,72.834
pipeline,fast_path,66.417
pipeline,fast_path,71.500
pipeline,fast_path,78.458
pipeline,fast_path,66.167
pipeline,fast_path,63.459
pipeline,fast_path,64.416
pipeline,fast_path,91.375
pipeline,fast_path,72.125
pipeline,fast_path,70.500
pipeline,fast_path,66.750
pipeline,fast_path,64.833
pipeline,fast_path,65.542
pipeline,fast_path,64.042
pipeline,fast_path,86.750
pipeline,fast_path,64.917
pipeline,fast_path,65.750
pipeline,fast_path,67.875
pipeline,fast_path,63.875
pipeline,fast_path,64.250
pipeline,fast_path,63.542
pipeline,fast_path,63.375
pipeline,fast_path,63.458
pipeline,fast_path,62.667
pipeline,fast_path,63.167
pipeline,fast_path,63.458
pipeline,fast_path,68.750
pipeline,fast_path,99.834
pipeline,fast_path,72.459
pipeline,fast_path,68.375
pipeline,fast_path,67.875
pipeline,fast_path,64.458
pipeline,fast_path,66.209
pipeline,fast_path,64.916
pipeline,fast_path,66.000
pipeline,fast_path,63.666
pipeline,fast_path,65.042
pipeline,fast_path,64.458
pipeline,fast_path,64.500
pipeline,fast_path,63.416
pipeline,fast_path,66.416
pipeline,fast_path,67.417
pipeline,fast_path,63.250
pipeline,fast_path,62.750
pipeline,fast_path,61.458
pipeline,fast_path,62.166
pipeline,fast_path,62.500
pipeline,fast_path,98.500
pipeline,fast_path,71.708
pipeline,fast_path,67.584
pipeline,fast_path,66.125
pipeline,fast_path,64.416
pipeline,fast_path,65.542
pipeline,fast_path,63.833
pipeline,fast_path,63.708
pipeline,fast_path,63.458
pipeline,fast_path,64.042
pipeline,fast_path,64.458
pipeline,fast_path,63.000
pipeline,fast_path,64.709
pipeline,fast_path,62.458
pipeline,fast_path,64.083
pipeline,fast_path,63.500
pipeline,fast_path,61.834
pipeline,fast_path,63.667
pipeline,fast_path,63.417
pipeline,fast_path,63.583
pipeline,fast_path,90.083
pipeline,fast_path,69.000
pipeline,fast_path,75.584
pipeline,fast_path,68.084
pipeline,fast_path,64.500
pipeline,fast_path,62.750
pipeline,fast_path,63.708
pipeline,fast_path,63.583
pipeline,fast_path,63.166
pipeline,fast_path,64.666
pipeline,fast_path,64.709
pipeline,fast_path,63.583
pipeline,fast_path,64.000
pipeline,fast_path,64.250
pipeline,fast_path,64.291
pipeline,fast_path,63.500
pipeline,fast_path,62.500
pipeline,fast_path,62.084
pipeline,fast_path,62.292
pipeline,fast_path,62.125
pipeline,fast_path,93.208
pipeline,fast_path,71.542
pipeline,fast_path,67.333
pipeline,fast_path,64.917
pipeline,fast_path,65.084
pipeline,fast_path,65.125
pipeline,fast_path,64.541
pipeline,fast_path,64.875
pipeline,fast_path,63.250
pipeline,fast_path,65.000
pipeline,fast_path,63.750
pipeline,fast_path,62.750
pipeline,fast_path,64.208
pipeline,fast_path,63.833
pipeline,fast_path,62.917
pipeline,fast_path,70.000
pipeline,fast_path,63.000
pipeline,fast_path,62.750
pipeline,fast_path,62.334
pipeline,fast_path,62.709
pipeline,fast_path,95.791
pipeline,fast_path,70.875
pipeline,fast_path,66.334
pipeline,fast_path,66.125
pipeline,fast_path,63.667
pipeline,fast_path,63.875
pipeline,fast_path,64.375
pipeline,fast_path,63.000
pipeline,fast_path,64.708
pipeline,fast_path,63.875
pipeline,fast_path,63.125
pipeline,fast_path,63.625
pipeline,fast_path,63.708
pipeline,fast_path,88.458
pipeline,fast_path,66.500
pipeline,fast_path,64.917
pipeline,fast_path,64.209
pipeline,fast_path,61.917
pipeline,fast_path,62.750
pipeline,fast_path,63.375
pipeline,fast_path,94.375
pipeline,fast_path,74.625
pipeline,fast_path,68.500
pipeline,fast_path,68.375
pipeline,fast_path,67.292
pipeline,fast_path,64.375
pipeline,fast_path,62.208
pipeline,fast_path,66.542
pipeline,fast_path,68.041
pipeline,fast_path,64.291
pipeline,fast_path,64.958
pipeline,fast_path,63.708
pipeline,fast_path,63.250
pipeline,fast_path,61.958
pipeline,fast_path,64.417
pipeline,fast_path,65.958
pipeline,fast_path,63.625
pipeline,fast_path,62.375
pipeline,fast_path,62.916
pipeline,fast_path,63.167
pipeline,fast_path,93.375
pipeline,fast_path,70.291
pipeline,fast_path,67.208
pipeline,fast_path,66.583
pipeline,fast_path,65.167
pipeline,fast_path,65.125
pipeline,fast_path,63.834
pipeline,fast_path,63.791
pipeline,fast_path,62.750
pipeline,fast_path,64.041
pipeline,fast_path,63.250
pipeline,fast_path,62.083
pipeline,fast_path,62.875
pipeline,fast_path,63.000
pipeline,fast_path,62.750
pipeline,fast_path,61.250
pipeline,fast_path,62.625
pipeline,fast_path,62.542
pipeline,fast_path,62.916
pipeline,fast_path,63.208
pipeline,fast_path,128.042
pipeline,fast_path,81.667
pipeline,fast_path,75.625
pipeline,fast_path,67.166
pipeline,fast_path,67.000
pipeline,fast_path,65.125
pipeline,fast_path,65.584
pipeline,fast_path,65.375
pipeline,fast_path,64.292
pipeline,fast_path,65.791
pipeline,fast_path,64.416
pipeline,fast_path,64.791
pipeline,fast_path,64.875
pipeline,fast_path,64.917
pipeline,fast_path,64.542
pipeline,fast_path,64.791
pipeline,fast_path,66.542
pipeline,fast_path,64.291
pipeline,fast_path,63.625
pipeline,fast_path,65.500
pipeline,fast_path,89.542
pipeline,fast_path,68.291
pipeline,fast_path,67.000
pipeline,fast_path,66.666
pipeline,fast_path,65.208
pipeline,fast_path,63.958
pipeline,fast_path,63.875
pipeline,fast_path,62.917
pipeline,fast_path,63.041
pipeline,fast_path,63.583
pipeline,fast_path,63.958
pipeline,fast_path,62.875
pipeline,fast_path,64.291
pipeline,fast_path,63.667
pipeline,fast_path,61.666
pipeline,fast_path,63.917
pipeline,fast_path,62.666
pipeline,fast_path,60.542
pipeline,fast_path,61.959
pipeline,fast_path,62.083
pipeline,fast_path,87.333
pipeline,fast_path,69.750
pipeline,fast_path,65.250
pipeline,fast_path,63.541
pipeline,fast_path,63.125
pipeline,fast_path,63.250
pipeline,fast_path,63.500
pipeline,fast_path,65.792
pipeline,fast_path,66.500
pipeline,fast_path,62.292
pipeline,fast_path,62.000
pipeline,fast_path,62.417
pipeline,fast_path,62.958
pipeline,fast_path,62.416
pipeline,fast_path,66.292
pipeline,fast_path,61.958
pipeline,fast_path,61.625
pipeline,fast_path,60.583
pipeline,fast_path,62.250
pipeline,fast_path,62.459
pipeline,fast_path,227.084
pipeline,fast_path,75.750
pipeline,fast_path,70.209
pipeline,fast_path,68.833
pipeline,fast_path,66.125
pipeline,fast_path,63.791
pipeline,fast_path,63.250
pipeline,fast_path,65.458
pipeline,fast_path,65.416
pipeline,fast_path,65.625
pipeline,fast_path,65.083
pipeline,fast_path,63.917
pipeline,fast_path,64.208
pipeline,fast_path,63.250
pipeline,fast_path,64.459
pipeline,fast_path,63.125
pipeline,fast_path,63.000
pipeline,fast_path,63.167
pipeline,fast_path,61.708
pipeline,fast_path,63.583
pipeline,fast_path,96.292
pipeline,fast_path,73.542
pipeline,fast_path,69.375
pipeline,fast_path,66.667
pipeline,fast_path,64.250
pipeline,fast_path,66.750
pipeline,fast_path,65.292
pipeline,fast_path,65.292
pipeline,fast_path,65.459
pipeline,fast_path,63.125
pipeline,fast_path,65.083
pipeline,fast_path,67.709
pipeline,fast_path,67.834
pipeline,fast_path,64.750
pipeline,fast_path,64.625
pipeline,fast_path,64.667
pipeline,fast_path,62.042
pipeline,fast_path,63.167
pipeline,fast_path,63.417
pipeline,fast_path,62.667
pipeline,fast_path,96.042
pipeline,fast_path,75.584
pipeline,fast_path,68.208
pipeline,fast_path,64.459
pipeline,fast_path,65.291
pipeline,fast_path,65.375
pipeline,fast_path,63.542
pipeline,fast_path,64.417
pipeline,fast_path,62.292
pipeline,fast_path,64.084
pipeline,fast_path,63.916
pipeline,fast_path,63.500
pipeline,fast_path,64.709
pipeline,fast_path,68.791
pipeline,fast_path,63.625
pipeline,fast_path,63.333
pipeline,fast_path,62.542
pipeline,fast_path,65.542
pipeline,fast_path,65.417
pipeline,fast_path,63.333
pipeline,fast_path,85.416
pipeline,fast_path,73.417
pipeline,fast_path,66.000
pipeline,fast_path,67.875
pipeline,fast_path,71.000
pipeline,fast_path,71.750
pipeline,fast_path,66.625
pipeline,fast_path,67.417
pipeline,fast_path,63.291
pipeline,fast_path,63.666
pipeline,fast_path,61.625
pipeline,fast_path,62.750
pipeline,fast_path,63.500
pipeline,fast_path,63.542
pipeline,fast_path,62.833
pipeline,fast_path,61.625
pipeline,fast_path,62.917
pipeline,fast_path,63.083
pipeline,fast_path,62.250
pipeline,fast_path,63.625
pipeline,fast_path,97.625
pipeline,fast_path,73.291
pipeline,fast_path,68.083
pipeline,fast_path,65.792
pipeline,fast_path,64.541
pipeline,fast_path,64.500
pipeline,fast_path,63.250
pipeline,fast_path,62.416
pipeline,fast_path,72.833
pipeline,fast_path,96.375
pipeline,fast_path,79.084
pipeline,fast_path,68.250
pipeline,fast_path,66.667
pipeline,fast_path,65.625
pipeline,fast_path,64.916
pipeline,fast_path,63.667
pipeline,fast_path,62.250
pipeline,fast_path,63.791
pipeline,fast_path,64.791
pipeline,fast_path,63.459
pipeline,fast_path,90.167
pipeline,fast_path,69.958
pipeline,fast_path,66.875
pipeline,fast_path,66.167
pipeline,fast_path,63.167
pipeline,fast_path,64.833
pipeline,fast_path,82.416
pipeline,fast_path,65.625
pipeline,fast_path,62.917
pipeline,fast_path,63.250
pipeline,fast_path,62.833
pipeline,fast_path,61.625
pipeline,fast_path,65.000
pipeline,fast_path,62.791
pipeline,fast_path,62.791
pipeline,fast_path,63.000
pipeline,fast_path,62.000
pipeline,fast_path,62.291
pipeline,fast_path,60.875
pipeline,fast_path,62.500
pipeline,fast_path,102.125
pipeline,fast_path,71.750
pipeline,fast_path,67.917
pipeline,fast_path,66.125
pipeline,fast_path,64.500
pipeline,fast_path,65.833
pipeline,fast_path,64.834
pipeline,fast_path,63.750
pipeline,fast_path,64.083
pipeline,fast_path,64.083
pipeline,fast_path,63.417
pipeline,fast_path,62.958
pipeline,fast_path,63.750
pipeline,fast_path,63.292
pipeline,fast_path,63.500
pipeline,fast_path,63.417
pipeline,fast_path,61.959
pipeline,fast_path,61.917
pipeline,fast_path,62.334
pipeline,fast_path,62.500
pipeline,fast_path,101.959
pipeline,fast_path,78.000
pipeline,fast_path,70.167
pipeline,fast_path,66.916
pipeline,fast_path,70.084
pipeline,fast_path,68.209
pipeline,fast_path,69.625
pipeline,fast_path,74.459
pipeline,fast_path,63.875
pipeline,fast_path,63.417
pipeline,fast_path,62.417
pipeline,fast_path,63.125
pipeline,fast_path,62.458
pipeline,fast_path,63.125
pipeline,fast_path,63.542
pipeline,fast_path,61.084
pipeline,fast_path,63.084
pipeline,fast_path,62.750
pipeline,fast_path,62.958
pipeline,fast_path,61.666
pipeline,fast_path,88.542
pipeline,fast_path,70.417
pipeline,fast_path,66.375
pipeline,fast_path,64.959
pipeline,fast_path,65.334
pipeline,fast_path,62.708
pipeline,fast_path,63.334
pipeline,fast_path,63.583
pipeline,fast_path,63.834
pipeline,fast_path,62.583
pipeline,fast_path,63.250
pipeline,fast_path,61.292
pipeline,fast_path,61.167
pipeline,fast_path,63.375
pipeline,fast_path,63.541
pipeline,fast_path,61.959
pipeline,fast_path,62.833
pipeline,fast_path,60.291
pipeline,fast_path,62.375
pipeline,fast_path,63.458
pipeline,fast_path,92.959
pipeline,fast_path,70.750
pipeline,fast_path,67.167
pipeline,fast_path,64.875
pipeline,fast_path,64.875
pipeline,fast_path,64.375
pipeline,fast_path,62.958
pipeline,fast_path,66.959
pipeline,fast_path,64.750
pipeline,fast_path,63.167
pipeline,fast_path,63.875
pipeline,fast_path,63.250
pipeline,fast_path,63.083
pipeline,fast_path,62.417
pipeline,fast_path,63.000
pipeline,fast_path,62.750
pipeline,fast_path,62.083
pipeline,fast_path,62.625
pipeline,fast_path,61.916
pipeline,fast_path,65.834
pipeline,fast_path,88.167
pipeline,fast_path,69.708
pipeline,fast_path,67.333
pipeline,fast_path,65.083
pipeline,fast_path,63.875
pipeline,fast_path,62.833
pipeline,fast_path,64.000
pipeline,fast_path,62.583
pipeline,fast_path,63.167
pipeline,fast_path,63.792
pipeline,fast_path,61.208
pipeline,fast_path,63.166
pipeline,fast_path,65.542
pipeline,fast_path,84.542
pipeline,fast_path,65.292
pipeline,fast_path,62.500
pipeline,fast_path,62.875
pipeline,fast_path,63.292
pipeline,fast_path,62.000
pipeline,fast_path,62.959
pipeline,fast_path,88.166
pipeline,fast_path,68.334
pipeline,fast_path,67.375
pipeline,fast_path,64.083
pipeline,fast_path,64.584
pipeline,fast_path,64.375
pipeline,fast_path,63.875
pipeline,fast_path,62.708
pipeline,fast_path,63.708
pipeline,fast_path,63.125
pipeline,fast_path,62.125
pipeline,fast_path,62.375
pipeline,fast_path,65.167
pipeline,fast_path,66.083
pipeline,fast_path,61.834
pipeline,fast_path,62.208
pipeline,fast_path,61.875
pipeline,fast_path,61.417
pipeline,fast_path,61.542
pipeline,fast_path,61.334
pipeline,fast_path,91.500
pipeline,fast_path,71.000
pipeline,fast_path,67.583
pipeline,fast_path,66.000
pipeline,fast_path,65.791
pipeline,fast_path,64.709
pipeline,fast_path,62.041
pipeline,fast_path,63.333
pipeline,fast_path,61.542
pipeline,fast_path,62.959
pipeline,fast_path,63.208
pipeline,fast_path,61.167
pipeline,fast_path,62.584
pipeline,fast_path,62.500
pipeline,fast_path,63.917
pipeline,fast_path,62.917
pipeline,fast_path,61.000
pipeline,fast_path,62.333
pipeline,fast_path,61.791
pipeline,fast_path,65.458
pipeline,fast_path,96.041
pipeline,fast_path,72.292
pipeline,fast_path,67.542
pipeline,fast_path,65.500
pipeline,fast_path,65.417
pipeline,fast_path,65.208
pipeline,fast_path,62.542
pipeline,fast_path,65.125
pipeline,fast_path,64.791
pipeline,fast_path,64.833
pipeline,fast_path,65.125
pipeline,fast_path,71.458
pipeline,fast_path,71.958
pipeline,fast_path,65.167
pipeline,fast_path,63.250
pipeline,fast_path,63.875
pipeline,fast_path,63.791
pipeline,fast_path,61.708
pipeline,fast_path,62.042
pipeline,fast_path,63.791
pipeline,fast_path,93.250
pipeline,fast_path,74.750
pipeline,fast_path,71.166
pipeline,fast_path,65.084
pipeline,fast_path,64.083
pipeline,fast_path,64.917
pipeline,fast_path,64.583
pipeline,fast_path,64.625
pipeline,fast_path,63.166
pipeline,fast_path,62.708
pipeline,fast_path,63.958
pipeline,fast_path,62.709
pipeline,fast_path,62.000
pipeline,fast_path,65.042
pipeline,fast_path,63.667
pipeline,fast_path,63.959
pipeline,fast_path,61.375
pipeline,fast_path,62.667
pipeline,fast_path,62.083
pipeline,fast_path,62.333
pipeline,fast_path,105.250
pipeline,fast_path,75.959
pipeline,fast_path,68.500
pipeline,fast_path,67.708
pipeline,fast_path,66.209
pipeline,fast_path,66.833
pipeline,fast_path,70.792
pipeline,fast_path,63.666
pipeline,fast_path,64.958
pipeline,fast_path,64.708
pipeline,fast_path,65.041
pipeline,fast_path,62.250
pipeline,fast_path,63.291
pipeline,fast_path,61.583
pipeline,fast_path,64.542
pipeline,fast_path,63.625
pipeline,fast_path,63.250
pipeline,fast_path,61.625
pipeline,fast_path,63.167
pipeline,fast_path,63.417
pipeline,fast_path,90.667
pipeline,fast_path,72.000
pipeline,fast_path,67.291
pipeline,fast_path,64.166
pipeline,fast_path,64.083
pipeline,fast_path,67.792
pipeline,fast_path,83.250
pipeline,fast_path,66.250
pipeline,fast_path,64.959
pipeline,fast_path,63.625
pipeline,fast_path,63.875
pipeline,fast_path,62.791
pipeline,fast_path,61.959
pipeline,fast_path,63.500
pipeline,fast_path,63.000
pipeline,fast_path,63.042
pipeline,fast_path,61.750
pipeline,fast_path,63.167
pipeline,fast_path,63.166
pipeline,fast_path,63.750
pipeline,fast_path,127.375
pipeline,fast_path,78.667
pipeline,fast_path,74.542
pipeline,fast_path,66.333
pipeline,fast_path,70.000
pipeline,fast_path,70.459
pipeline,fast_path,67.333
pipeline,fast_path,67.125
pipeline,fast_path,63.709
pipeline,fast_path,63.416
pipeline,fast_path,63.084
pipeline,fast_path,63.334
pipeline,fast_path,62.042
pipeline,fast_path,63.292
pipeline,fast_path,61.541
pipeline,fast_path,62.875
pipeline,fast_path,62.792
pipeline,fast_path,62.542
pipeline,fast_path,61.792
pipeline,fast_path,63.083
pipeline,fast_path,93.666
pipeline,fast_path,72.125
pipeline,fast_path,66.292
pipeline,fast_path,66.041
pipeline,fast_path,64.458
pipeline,fast_path,64.459
pipeline,fast_path,68.750
pipeline,fast_path,103.125
pipeline,fast_path,76.458
pipeline,fast_path,70.583
pipeline,fast_path,67.208
pipeline,fast_path,68.625
pipeline,fast_path,76.417
pipeline,fast_path,70.000
pipeline,fast_path,67.542
pipeline,fast_path,64.583
pipeline,fast_path,61.666
pipeline,fast_path,64.041
pipeline,fast_path,65.250
pipeline,fast_path,63.125
pipeline,fast_path,87.167
pipeline,fast_path,69.709
pipeline,fast_path,66.666
pipeline,fast_path,64.792
pipeline,fast_path,65.958
pipeline,fast_path,63.583
pipeline,fast_path,62.167
pipeline,fast_path,66.917
pipeline,fast_path,65.667
pipeline,fast_path,69.750
pipeline,fast_path,63.167
pipeline,fast_path,63.166
pipeline,fast_path,62.584
pipeline,fast_path,62.750
pipeline,fast_path,62.875
pipeline,fast_path,62.708
pipeline,fast_path,61.667
pipeline,fast_path,89.500
pipeline,fast_path,86.000
pipeline,fast_path,75.375
pipeline,fast_path,96.625
pipeline,fast_path,71.834
pipeline,fast_path,68.000
pipeline,fast_path,65.291
pipeline,fast_path,64.667
pipeline,fast_path,64.959
pipeline,fast_path,64.833
pipeline,fast_path,62.459
pipeline,fast_path,64.250
pipeline,fast_path,63.417
pipeline,fast_path,64.042
pipeline,fast_path,62.375
pipeline,fast_path,63.625
pipeline,fast_path,63.750
pipeline,fast_path,63.458
pipeline,fast_path,63.458
pipeline,fast_path,62.417
pipeline,fast_path,62.875
pipeline,fast_path,61.500
pipeline,fast_path,64.000
pipeline,fast_path,95.084
pipeline,fast_path,71.917
pipeline,fast_path,68.209
pipeline,fast_path,69.833
pipeline,fast_path,65.292
pipeline,fast_path,65.625
pipeline,fast_path,64.583
pipeline,fast_path,64.209
pipeline,fast_path,63.458
pipeline,fast_path,64.041
pipeline,fast_path,62.541
pipeline,fast_path,64.000
pipeline,fast_path,63.959
pipeline,fast_path,63.166
pipeline,fast_path,68.208
pipeline,fast_path,63.333
pipeline,fast_path,65.833
pipeline,fast_path,65.917
pipeline,fast_path,62.500
pipeline,fast_path,61.667
pipeline,fast_path,93.417
pipeline,fast_path,72.666
pipeline,fast_path,67.042
pipeline,fast_path,66.458
pipeline,fast_path,64.125
pipeline,fast_path,63.166
pipeline,fast_path,63.791
pipeline,fast_path,63.375
pipeline,fast_path,63.500
pipeline,fast_path,63.458
pipeline,fast_path,66.917
pipeline,fast_path,65.375
pipeline,fast_path,86.333
pipeline,fast_path,62.042
pipeline,fast_path,63.625
pipeline,fast_path,63.458
pipeline,fast_path,62.791
pipeline,fast_path,62.500
pipeline,fast_path,61.833
pipeline,fast_path,62.250
pipeline,fast_path,94.834
pipeline,fast_path,71.792
pipeline,fast_path,67.416
pipeline,fast_path,65.083
pipeline,fast_path,64.667
pipeline,fast_path,63.834
pipeline,fast_path,63.958
pipeline,fast_path,63.833
pipeline,fast_path,64.625
pipeline,fast_path,63.584
pipeline,fast_path,63.750
pipeline,fast_path,63.041
pipeline,fast_path,62.875
pipeline,fast_path,61.833
pipeline,fast_path,62.791
pipeline,fast_path,63.125
pipeline,fast_path,62.417
pipeline,fast_path,62.958
pipeline,fast_path,61.958
pipeline,fast_path,63.083
pipeline,fast_path,92.667
pipeline,fast_path,72.375
pipeline,fast_path,66.375
pipeline,fast_path,64.042
pipeline,fast_path,64.792
pipeline,fast_path,65.334
pipeline,fast_path,62.125
pipeline,fast_path,67.625
pipeline,fast_path,65.833
pipeline,fast_path,61.666
pipeline,fast_path,64.000
pipeline,fast_path,63.500
pipeline,fast_path,63.500
pipeline,fast_path,61.375
pipeline,fast_path,62.750
pipeline,fast_path,63.209
pipeline,fast_path,63.292
pipeline,fast_path,62.708
pipeline,fast_path,61.833
pipeline,fast_path,62.834
pipeline,fast_path,93.583
pipeline,fast_path,77.583
pipeline,fast_path,70.041
pipeline,fast_path,67.042
pipeline,fast_path,65.750
pipeline,fast_path,65.334
pipeline,fast_path,64.875
pipeline,fast_path,66.625
pipeline,fast_path,68.042
pipeline,fast_path,64.125
pipeline,fast_path,64.292
pipeline,fast_path,62.459
pipeline,fast_path,63.458
pipeline,fast_path,69.583
pipeline,fast_path,63.625
pipeline,fast_path,64.083
pipeline,fast_path,63.250
pipeline,fast_path,62.500
pipeline,fast_path,63.000
pipeline,fast_path,61.750
pipeline,fast_path,92.708
pipeline,fast_path,71.000
pipeline,fast_path,67.083
pipeline,fast_path,63.750
pipeline,fast_path,65.333
pipeline,fast_path,63.834
pipeline,fast_path,64.000
pipeline,fast_path,63.833
pipeline,fast_path,61.375
pipeline,fast_path,64.000
pipeline,fast_path,63.541
pipeline,fast_path,62.709
pipeline,fast_path,63.458
pipeline,fast_path,62.042
pipeline,fast_path,62.917
pipeline,fast_path,64.291
pipeline,fast_path,63.292
pipeline,fast_path,63.000
pipeline,fast_path,61.500
pipeline,fast_path,63.750
pipeline,fast_path,95.209
pipeline,fast_path,71.625
pipeline,fast_path,66.083
pipeline,fast_path,67.000
pipeline,fast_path,66.000
pipeline,fast_path,67.166
pipeline,fast_path,69.875
pipeline,fast_path,66.125
pipeline,fast_path,66.458
pipeline,fast_path,66.375
pipeline,fast_path,63.667
pipeline,fast_path,62.334
pipeline,fast_path,63.375
pipeline,fast_path,62.625
pipeline,fast_path,62.667
pipeline,fast_path,63.167
pipeline,fast_path,61.709
pipeline,fast_path,62.708
pipeline,fast_path,62.833
pipeline,fast_path,63.292
pipeline,fast_path,96.792
pipeline,fast_path,72.000
pipeline,fast_path,69.083
pipeline,fast_path,66.584
pipeline,fast_path,69.417
pipeline,fast_path,64.792
pipeline,fast_path,65.667
pipeline,fast_path,64.625
pipeline,fast_path,64.042
pipeline,fast_path,65.042
pipeline,fast_path,64.500
pipeline,fast_path,63.458
pipeline,fast_path,63.291
pipeline,fast_path,63.417
pipeline,fast_path,63.208
pipeline,fast_path,66.917
pipeline,fast_path,61.708
pipeline,fast_path,63.584
pipeline,fast_path,86.500
pipeline,fast_path,64.167
pipeline,fast_path,94.500
pipeline,fast_path,70.541
pipeline,fast_path,68.125
pipeline,fast_path,65.375
pipeline,fast_path,64.625
pipeline,fast_path,64.833
pipeline,fast_path,64.292
pipeline,fast_path,64.292
pipeline,fast_path,63.334
pipeline,fast_path,63.208
pipeline,fast_path,62.792
pipeline,fast_path,67.625
pipeline,fast_path,64.917
pipeline,fast_path,63.417
pipeline,fast_path,63.583
pipeline,fast_path,62.292
pipeline,fast_path,62.584
pipeline,fast_path,62.291
pipeline,fast_path,61.333
pipeline,fast_path,63.333
pipeline,fast_path,95.042
pipeline,fast_path,72.834
pipeline,fast_path,69.416
pipeline,fast_path,66.417
pipeline,fast_path,64.375
pipeline,fast_path,65.625
pipeline,fast_path,64.041
pipeline,fast_path,64.417
pipeline,fast_path,63.167
pipeline,fast_path,63.792
pipeline,fast_path,65.292
pipeline,fast_path,68.709
pipeline,fast_path,65.125
pipeline,fast_path,68.625
pipeline,fast_path,62.917
pipeline,fast_path,64.458
pipeline,fast_path,61.750
pipeline,fast_path,62.625
pipeline,fast_path,63.000
pipeline,fast_path,63.167
pipeline,fast_path,91.792
pipeline,fast_path,69.792
pipeline,fast_path,67.375
pipeline,fast_path,65.084
pipeline,fast_path,64.500
pipeline,fast_path,65.291
pipeline,fast_path,63.000
pipeline,fast_path,67.542
pipeline,fast_path,66.042
pipeline,fast_path,64.042
pipeline,fast_path,64.083
pipeline,fast_path,63.500
pipeline,fast_path,63.750
pipeline,fast_path,61.708
pipeline,fast_path,63.250
pipeline,fast_path,63.000
pipeline,fast_path,68.458
pipeline,fast_path,62.042
pipeline,fast_path,62.375
pipeline,fast_path,63.000
pipeline,fast_path,93.417
pipeline,fast_path,70.709
pipeline,fast_path,67.500
pipeline,fast_path,65.375
pipeline,fast_path,64.250
pipeline,fast_path,63.958
pipeline,fast_path,64.167
pipeline,fast_path,63.208
pipeline,fast_path,63.750
pipeline,fast_path,63.334
pipeline,fast_path,67.625
pipeline,fast_path,63.500
pipeline,fast_path,63.125
pipeline,fast_path,63.083
pipeline,fast_path,62.084
pipeline,fast_path,62.792
pipeline,fast_path,62.667
pipeline,fast_path,62.375
pipeline,fast_path,68.166
pipeline,fast_path,63.208
pipeline,fast_path,91.292
pipeline,fast_path,71.750
pipeline,fast_path,68.167
pipeline,fast_path,66.458
pipeline,fast_path,67.083
pipeline,fast_path,68.209
pipeline,fast_path,64.375
pipeline,fast_path,64.500
pipeline,fast_path,63.208
pipeline,fast_path,64.417
pipeline,fast_path,62.500
pipeline,fast_path,64.458
pipeline,fast_path,63.750
pipeline,fast_path,62.833
pipeline,fast_path,63.292
pipeline,fast_path,65.167
pipeline,fast_path,64.250
pipeline,fast_path,62.792
pipeline,fast_path,62.709
pipeline,fast_path,64.833
pipeline,fast_path,93.458
pipeline,fast_path,71.542
pipeline,fast_path,70.958
pipeline,fast_path,70.750
pipeline,fast_path,65.292
pipeline,fast_path,64.917
pipeline,fast_path,64.584
pipeline,fast_path,64.000
pipeline,fast_path,63.000
pipeline,fast_path,62.917
pipeline,fast_path,64.292
pipeline,fast_path,62.333
pipeline,fast_path,62.708
pipeline,fast_path,62.917
pipeline,fast_path,62.500
pipeline,fast_path,63.209
pipeline,fast_path,63.166
pipeline,fast_path,68.166
pipeline,fast_path,64.209
pipeline,fast_path,62.791
pipeline,fast_path,94.625
pipeline,fast_path,92.916
pipeline,fast_path,68.584
pipeline,fast_path,65.167
pipeline,fast_path,64.042
pipeline,fast_path,65.416
pipeline,fast_path,62.291
pipeline,fast_path,64.041
pipeline,fast_path,63.500
pipeline,fast_path,62.875
pipeline,fast_path,63.708
pipeline,fast_path,62.334
pipeline,fast_path,61.750
pipeline,fast_path,62.458
pipeline,fast_path,62.833
pipeline,fast_path,62.167
pipeline,fast_path,62.375
pipeline,fast_path,61.583
pipeline,fast_path,62.000
pipeline,fast_path,62.166
pipeline,fast_path,101.833
pipeline,fast_path,71.041
pipeline,fast_path,68.458
pipeline,fast_path,65.166
pipeline,fast_path,64.834
pipeline,fast_path,64.834
pipeline,fast_path,64.750
pipeline,fast_path,64.000
pipeline,fast_path,64.041
pipeline,fast_path,63.625
pipeline,fast_path,64.500
pipeline,fast_path,63.750
pipeline,fast_path,63.458
pipeline,fast_path,62.167
pipeline,fast_path,63.375
pipeline,fast_path,63.750
pipeline,fast_path,62.417
pipeline,fast_path,61.875
pipeline,fast_path,62.416
pipeline,fast_path,62.958
pipeline,fast_path,93.875
pipeline,fast_path,72.333
pipeline,fast_path,67.666
pipeline,fast_path,65.167
pipeline,fast_path,64.125
pipeline,fast_path,63.333
pipeline,fast_path,64.292
pipeline,fast_path,64.000
pipeline,fast_path,63.208
pipeline,fast_path,63.375
pipeline,fast_path,63.167
pipeline,fast_path,62.583
pipeline,fast_path,63.750
pipeline,fast_path,63.084
pipeline,fast_path,63.708
pipeline,fast_path,67.000
pipeline,fast_path,63.125
pipeline,fast_path,62.667
pipeline,fast_path,62.500
pipeline,fast_path,70.417
pipeline,fast_path,91.792
pipeline,fast_path,74.041
pipeline,fast_path,66.750
pipeline,fast_path,64.458
pipeline,fast_path,69.042
pipeline,fast_path,66.875
pipeline,fast_path,64.916
pipeline,fast_path,62.791
pipeline,fast_path,63.083
pipeline,fast_path,63.417
pipeline,fast_path,63.291
pipeline,fast_path,63.083
pipeline,fast_path,63.959
pipeline,fast_path,65.875
pipeline,fast_path,63.041
pipeline,fast_path,63.417
pipeline,fast_path,64.041
pipeline,fast_path,69.292
pipeline,fast_path,62.541
pipeline,fast_path,62.750
pipeline,fast_path,97.750
pipeline,fast_path,73.458
pipeline,fast_path,65.583
pipeline,fast_path,78.542
pipeline,fast_path,71.625
pipeline,fast_path,65.500
pipeline,fast_path,65.500
pipeline,fast_path,65.458
pipeline,fast_path,67.958
pipeline,fast_path,64.083
pipeline,fast_path,64.375
pipeline,fast_path,63.542
pipeline,fast_path,62.250
pipeline,fast_path,64.125
pipeline,fast_path,63.833
pipeline,fast_path,62.291
pipeline,fast_path,63.709
pipeline,fast_path,63.083
pipeline,fast_path,62.667
pipeline,fast_path,63.167
pipeline,fast_path,92.916
pipeline,fast_path,72.125
pipeline,fast_path,69.000
pipeline,fast_path,65.792
pipeline,fast_path,63.708
pipeline,fast_path,63.666
pipeline,fast_path,64.333
pipeline,fast_path,64.250
pipeline,fast_path,69.333
pipeline,fast_path,70.625
pipeline,fast_path,64.417
pipeline,fast_path,71.125
pipeline,fast_path,64.959
pipeline,fast_path,63.791
pipeline,fast_path,79.708
pipeline,fast_path,68.625
pipeline,fast_path,63.375
pipeline,fast_path,62.292
pipeline,fast_path,62.750
pipeline,fast_path,62.292
pipeline,fast_path,103.584
pipeline,fast_path,76.958
pipeline,fast_path,71.125
pipeline,fast_path,67.583
pipeline,fast_path,66.583
pipeline,fast_path,65.250
pipeline,fast_path,66.167
pipeline,fast_path,90.542
pipeline,fast_path,67.125
pipeline,fast_path,67.125
pipeline,fast_path,68.875
pipeline,fast_path,68.375
pipeline,fast_path,65.542
pipeline,fast_path,65.208
pipeline,fast_path,64.916
pipeline,fast_path,64.917
pipeline,fast_path,63.584
pipeline,fast_path,63.833
pipeline,fast_path,64.000
pipeline,fast_path,64.750
pipeline,fast_path,92.167
pipeline,fast_path,75.917
pipeline,fast_path,82.375
pipeline,fast_path,67.958
pipeline,fast_path,66.583
pipeline,fast_path,66.208
pipeline,fast_path,64.709
pipeline,fast_path,65.500
pipeline,fast_path,63.625
pipeline,fast_path,64.916
pipeline,fast_path,64.000
pipeline,fast_path,64.667
pipeline,fast_path,64.542
pipeline,fast_path,63.834
pipeline,fast_path,63.083
pipeline,fast_path,63.916
pipeline,fast_path,63.083
pipeline,fast_path,63.875
pipeline,fast_path,63.625
pipeline,fast_path,63.083
pipeline,fast_path,99.541
pipeline,fast_path,72.250
pipeline,fast_path,70.209
pipeline,fast_path,65.375
pipeline,fast_path,65.500
pipeline,fast_path,65.833
pipeline,fast_path,66.208
pipeline,fast_path,67.792
pipeline,fast_path,68.041
pipeline,fast_path,64.375
pipeline,fast_path,63.792
pipeline,fast_path,64.459
pipeline,fast_path,63.667
pipeline,fast_path,66.708
pipeline,fast_path,66.709
pipeline,fast_path,64.750
pipeline,fast_path,63.833
pipeline,fast_path,63.750
pipeline,fast_path,61.875
pipeline,fast_path,64.042
pipeline,fast_path,101.292
pipeline,fast_path,73.166
pipeline,fast_path,67.583
pipeline,fast_path,65.542
pipeline,fast_path,64.500
pipeline,fast_path,65.458
pipeline,fast_path,65.375
pipeline,fast_path,67.208
pipeline,fast_path,66.958
pipeline,fast_path,63.834
pipeline,fast_path,63.750
pipeline,fast_path,63.875
pipeline,fast_path,63.750
pipeline,fast_path,63.750
pipeline,fast_path,62.709
pipeline,fast_path,64.917
pipeline,fast_path,65.042
pipeline,fast_path,63.917
pipeline,fast_path,62.167
pipeline,fast_path,63.709
pipeline,fast_path,97.833
pipeline,fast_path,69.209
pipeline,fast_path,68.083
pipeline,fast_path,64.417
pipeline,fast_path,65.625
pipeline,fast_path,65.084
pipeline,fast_path,64.417
pipeline,fast_path,68.584
pipeline,fast_path,63.333
pipeline,fast_path,64.083
pipeline,fast_path,64.500
pipeline,fast_path,63.875
pipeline,fast_path,64.416
pipeline,fast_path,63.917
pipeline,fast_path,63.791
pipeline,fast_path,64.042
pipeline,fast_path,63.584
pipeline,fast_path,63.542
pipeline,fast_path,63.666
pipeline,fast_path,63.667
pipeline,fast_path,93.459
pipeline,fast_path,73.041
pipeline,fast_path,69.458
pipeline,fast_path,70.958
pipeline,fast_path,65.916
pipeline,fast_path,65.417
pipeline,fast_path,65.292
pipeline,fast_path,63.250
pipeline,fast_path,64.167
pipeline,fast_path,62.917
pipeline,fast_path,64.208
pipeline,fast_path,64.416
pipeline,fast_path,63.666
pipeline,fast_path,64.791
pipeline,fast_path,63.667
pipeline,fast_path,63.542
pipeline,fast_path,63.084
pipeline,fast_path,62.333
pipeline,fast_path,63.625
pipeline,fast_path,63.583
pipeline,fast_path,99.292
pipeline,fast_path,75.791
pipeline,fast_path,72.125
pipeline,fast_path,69.792
pipeline,fast_path,65.875
pipeline,fast_path,66.167
pipeline,fast_path,64.041
pipeline,fast_path,68.542
pipeline,fast_path,68.083
pipeline,fast_path,64.084
pipeline,fast_path,64.292
pipeline,fast_path,62.083
pipeline,fast_path,64.958
pipeline,fast_path,85.625
pipeline,fast_path,64.083
pipeline,fast_path,61.750
pipeline,fast_path,61.792
pipeline,fast_path,61.625
pipeline,fast_path,62.917
pipeline,fast_path,66.666
pipeline,fast_path,94.209
pipeline,fast_path,71.291
pipeline,fast_path,67.959
pipeline,fast_path,66.417
pipeline,fast_path,64.875
pipeline,fast_path,63.750
pipeline,fast_path,63.375
pipeline,fast_path,65.166
pipeline,fast_path,65.208
pipeline,fast_path,62.083
pipeline,fast_path,65.250
pipeline,fast_path,63.750
pipeline,fast_path,63.792
pipeline,fast_path,62.666
pipeline,fast_path,63.375
pipeline,fast_path,61.833
pipeline,fast_path,63.709
pipeline,fast_path,63.875
pipeline,fast_path,63.125
pipeline,fast_path,63.625
pipeline,fast_path,94.542
pipeline,fast_path,75.459
pipeline,fast_path,72.833
pipeline,fast_path,70.375
pipeline,fast_path,66.750
pipeline,fast_path,67.125
pipeline,fast_path,65.875
pipeline,fast_path,65.000
pipeline,fast_path,67.709
pipeline,fast_path,68.125
pipeline,fast_path,65.209
pipeline,fast_path,65.667
pipeline,fast_path,64.208
pipeline,fast_path,64.625
pipeline,fast_path,65.125
pipeline,fast_path,65.750
pipeline,fast_path,64.541
pipeline,fast_path,63.625
pipeline,fast_path,64.083
pipeline,fast_path,64.000
pipeline,fast_path,101.250
pipeline,fast_path,71.500
pipeline,fast_path,68.708
pipeline,fast_path,67.542
pipeline,fast_path,66.667
pipeline,fast_path,64.500
pipeline,fast_path,64.500
pipeline,fast_path,67.083
pipeline,fast_path,67.875
pipeline,fast_path,62.917
pipeline,fast_path,64.750
pipeline,fast_path,64.250
pipeline,fast_path,63.625
pipeline,fast_path,62.792
pipeline,fast_path,64.167
pipeline,fast_path,64.583
pipeline,fast_path,63.666
pipeline,fast_path,64.625
pipeline,fast_path,63.792
pipeline,fast_path,63.917
pipeline,fast_path,96.083
pipeline,fast_path,72.750
pipeline,fast_path,69.542
pipeline,fast_path,67.709
pipeline,fast_path,65.333
pipeline,fast_path,65.292
pipeline,fast_path,66.833
pipeline,fast_path,70.125
pipeline,fast_path,65.375
pipeline,fast_path,62.833
pipeline,fast_path,63.084
pipeline,fast_path,62.583
pipeline,fast_path,63.333
pipeline,fast_path,62.167
pipeline,fast_path,62.291
pipeline,fast_path,62.167
pipeline,fast_path,62.458
pipeline,fast_path,62.625
pipeline,fast_path,62.458
pipeline,fast_path,62.625
pipeline,fast_path,101.417
pipeline,fast_path,74.042
pipeline,fast_path,69.625
pipeline,fast_path,67.000
pipeline,fast_path,68.500
pipeline,fast_path,66.792
pipeline,fast_path,64.541
pipeline,fast_path,68.208
pipeline,fast_path,66.708
pipeline,fast_path,66.167
pipeline,fast_path,64.958
pipeline,fast_path,64.792
pipeline,fast_path,64.625
pipeline,fast_path,64.541
pipeline,fast_path,64.959
pipeline,fast_path,65.166
pipeline,fast_path,64.500
pipeline,fast_path,64.292
pipeline,fast_path,64.458
pipeline,fast_path,64.750
pipeline,fast_path,92.417
pipeline,fast_path,74.125
pipeline,fast_path,69.292
pipeline,fast_path,67.584
pipeline,fast_path,65.666
pipeline,fast_path,66.417
pipeline,fast_path,67.750
pipeline,fast_path,70.542
pipeline,fast_path,66.083
pipeline,fast_path,64.167
pipeline,fast_path,64.250
pipeline,fast_path,62.750
pipeline,fast_path,63.709
pipeline,fast_path,63.333
pipeline,fast_path,63.625
pipeline,fast_path,64.167
pipeline,fast_path,64.125
pipeline,fast_path,64.375
pipeline,fast_path,61.875
pipeline,fast_path,88.083
pipeline,fast_path,96.708
pipeline,fast_path,71.042
pipeline,fast_path,69.500
pipeline,fast_path,66.417
pipeline,fast_path,67.375
pipeline,fast_path,67.083
pipeline,fast_path,66.709
pipeline,fast_path,65.000
pipeline,fast_path,64.333
pipeline,fast_path,65.709
pipeline,fast_path,65.125
pipeline,fast_path,64.000
pipeline,fast_path,65.208
pipeline,fast_path,64.417
pipeline,fast_path,63.625
pipeline,fast_path,64.292
pipeline,fast_path,61.625
pipeline,fast_path,63.167
pipeline,fast_path,63.875
pipeline,fast_path,64.125
pipeline,fast_path,97.042
pipeline,fast_path,72.667
pipeline,fast_path,69.000
pipeline,fast_path,66.125
pipeline,fast_path,65.208
pipeline,fast_path,66.791
pipeline,fast_path,62.625
pipeline,fast_path,68.041
pipeline,fast_path,67.791
pipeline,fast_path,64.292
pipeline,fast_path,64.917
pipeline,fast_path,62.417
pipeline,fast_path,63.750
pipeline,fast_path,63.292
pipeline,fast_path,63.000
pipeline,fast_path,63.500
pipeline,fast_path,61.750
pipeline,fast_path,63.708
pipeline,fast_path,61.917
pipeline,fast_path,63.750
pipeline,fast_path,81.250
pipeline,fast_path,74.792
pipeline,fast_path,67.084
pipeline,fast_path,66.250
pipeline,fast_path,66.959
pipeline,fast_path,64.791
pipeline,fast_path,64.459
pipeline,fast_path,65.333
pipeline,fast_path,64.916
pipeline,fast_path,64.042
pipeline,fast_path,64.791
pipeline,fast_path,63.875
pipeline,fast_path,67.125
pipeline,fast_path,66.708
pipeline,fast_path,63.834
pipeline,fast_path,63.334
pipeline,fast_path,61.792
pipeline,fast_path,62.958
pipeline,fast_path,63.250
pipeline,fast_path,62.625
pipeline,fast_path,97.041
pipeline,fast_path,73.000
pipeline,fast_path,68.375
pipeline,fast_path,66.083
pipeline,fast_path,65.833
pipeline,fast_path,72.667
pipeline,fast_path,109.500
pipeline,fast_path,75.541
pipeline,fast_path,71.083
pipeline,fast_path,67.000
pipeline,fast_path,67.500
pipeline,fast_path,64.500
pipeline,fast_path,66.292
pipeline,fast_path,63.292
pipeline,fast_path,66.042
pipeline,fast_path,65.750
pipeline,fast_path,64.167
pipeline,fast_path,63.000
pipeline,fast_path,64.041
pipeline,fast_path,65.750
pipeline,fast_path,89.458
pipeline,fast_path,71.625
pipeline,fast_path,68.167
pipeline,fast_path,65.416
pipeline,fast_path,66.416
pipeline,fast_path,64.334
pipeline,fast_path,62.417
pipeline,fast_path,65.750
pipeline,fast_path,63.042
pipeline,fast_path,64.500
pipeline,fast_path,63.291
pipeline,fast_path,64.375
pipeline,fast_path,64.375
pipeline,fast_path,63.833
pipeline,fast_path,63.834
pipeline,fast_path,64.958
pipeline,fast_path,64.792
pipeline,fast_path,64.459
pipeline,fast_path,62.000
pipeline,fast_path,64.750
pipeline,fast_path,104.500
pipeline,fast_path,77.542
pipeline,fast_path,72.292
pipeline,fast_path,66.958
pipeline,fast_path,66.500
pipeline,fast_path,66.750
pipeline,fast_path,66.041
pipeline,fast_path,64.584
pipeline,fast_path,64.291
pipeline,fast_path,65.459
pipeline,fast_path,66.125
pipeline,fast_path,64.042
pipeline,fast_path,68.292
pipeline,fast_path,64.750
pipeline,fast_path,67.791
pipeline,fast_path,65.500
pipeline,fast_path,64.834
pipeline,fast_path,64.083
pipeline,fast_path,67.917
pipeline,fast_path,74.750
pipeline,fast_path,98.875
pipeline,fast_path,95.458
pipeline,fast_path,68.541
pipeline,fast_path,67.333
pipeline,fast_path,65.334
pipeline,fast_path,66.916
pipeline,fast_path,67.958
pipeline,fast_path,67.875
pipeline,fast_path,67.459
pipeline,fast_path,63.834
pipeline,fast_path,63.250
pipeline,fast_path,64.167
pipeline,fast_path,63.125
pipeline,fast_path,62.250
pipeline,fast_path,64.375
pipeline,fast_path,65.000
pipeline,fast_path,63.416
pipeline,fast_path,64.333
pipeline,fast_path,62.583
pipeline,fast_path,62.500
pipeline,fast_path,98.375
pipeline,fast_path,72.125
pipeline,fast_path,70.750
pipeline,fast_path,65.292
pipeline,fast_path,66.292
pipeline,fast_path,66.500
pipeline,fast_path,62.708
pipeline,fast_path,64.500
pipeline,fast_path,63.500
pipeline,fast_path,64.042
pipeline,fast_path,63.542
pipeline,fast_path,63.458
pipeline,fast_path,64.417
pipeline,fast_path,62.917
pipeline,fast_path,63.917
pipeline,fast_path,62.834
pipeline,fast_path,62.708
pipeline,fast_path,62.666
pipeline,fast_path,62.042
pipeline,fast_path,62.208
pipeline,fast_path,107.750
pipeline,fast_path,74.334
pipeline,fast_path,68.542
pipeline,fast_path,66.250
pipeline,fast_path,64.917
pipeline,fast_path,64.959
pipeline,fast_path,64.166
pipeline,fast_path,64.959
pipeline,fast_path,65.708
pipeline,fast_path,62.959
pipeline,fast_path,65.625
pipeline,fast_path,64.125
pipeline,fast_path,63.334
pipeline,fast_path,63.875
pipeline,fast_path,63.125
pipeline,fast_path,64.667
pipeline,fast_path,63.750
pipeline,fast_path,63.041
pipeline,fast_path,63.541
pipeline,fast_path,61.917
pipeline,fast_path,90.417
pipeline,fast_path,71.875
pipeline,fast_path,68.875
pipeline,fast_path,65.542
pipeline,fast_path,64.167
pipeline,fast_path,64.750
pipeline,fast_path,68.875
pipeline,fast_path,62.958
pipeline,fast_path,63.958
pipeline,fast_path,64.375
pipeline,fast_path,63.500
pipeline,fast_path,63.209
pipeline,fast_path,63.333
pipeline,fast_path,63.666
pipeline,fast_path,62.667
pipeline,fast_path,64.125
pipeline,fast_path,63.417
pipeline,fast_path,63.083
pipeline,fast_path,63.875
pipeline,fast_path,64.167
pipeline,fast_path,94.625
pipeline,fast_path,74.541
pipeline,fast_path,70.667
pipeline,fast_path,68.000
pipeline,fast_path,66.792
pipeline,fast_path,64.584
pipeline,fast_path,65.625
pipeline,fast_path,65.208
pipeline,fast_path,63.292
pipeline,fast_path,63.750
pipeline,fast_path,65.291
pipeline,fast_path,64.875
pipeline,fast_path,63.625
pipeline,fast_path,63.792
pipeline,fast_path,63.417
pipeline,fast_path,63.542
pipeline,fast_path,62.458
pipeline,fast_path,64.708
pipeline,fast_path,62.041
pipeline,fast_path,64.250
pipeline,fast_path,94.000
pipeline,fast_path,71.916
pipeline,fast_path,67.708
pipeline,fast_path,66.708
pipeline,fast_path,66.125
pipeline,fast_path,65.792
pipeline,fast_path,65.416
pipeline,fast_path,63.958
pipeline,fast_path,64.542
pipeline,fast_path,64.208
pipeline,fast_path,64.750
pipeline,fast_path,63.958
pipeline,fast_path,63.084
pipeline,fast_path,63.917
pipeline,fast_path,63.917
pipeline,fast_path,62.500
pipeline,fast_path,64.042
pipeline,fast_path,64.584
pipeline,fast_path,64.792
pipeline,fast_path,62.791
pipeline,fast_path,94.875
pipeline,fast_path,70.750
pipeline,fast_path,68.291
pipeline,fast_path,66.666
pipeline,fast_path,65.167
pipeline,fast_path,65.083
pipeline,fast_path,65.583
pipeline,fast_path,64.666
pipeline,fast_path,63.833
pipeline,fast_path,64.833
pipeline,fast_path,63.667
pipeline,fast_path,63.084
pipeline,fast_path,64.792
pipeline,fast_path,63.500
pipeline,fast_path,62.666
pipeline,fast_path,89.500
pipeline,fast_path,65.708
pipeline,fast_path,62.667
pipeline,fast_path,63.708
pipeline,fast_path,62.333
pipeline,fast_path,94.083
pipeline,fast_path,71.334
pipeline,fast_path,69.125
pipeline,fast_path,68.458
pipeline,fast_path,65.834
pipeline,fast_path,65.792
pipeline,fast_path,63.916
pipeline,fast_path,64.292
pipeline,fast_path,61.958
pipeline,fast_path,64.541
pipeline,fast_path,63.208
pipeline,fast_path,64.042
pipeline,fast_path,63.583
pipeline,fast_path,63.084
pipeline,fast_path,62.750
pipeline,fast_path,62.958
pipeline,fast_path,62.625
pipeline,fast_path,62.667
pipeline,fast_path,62.542
pipeline,fast_path,62.708
pipeline,fast_path,91.375
pipeline,fast_path,70.250
pipeline,fast_path,68.375
pipeline,fast_path,65.333
pipeline,fast_path,64.792
pipeline,fast_path,65.042
pipeline,fast_path,64.834
pipeline,fast_path,65.708
pipeline,fast_path,67.958
pipeline,fast_path,66.125
pipeline,fast_path,64.458
pipeline,fast_path,63.083
pipeline,fast_path,63.417
pipeline,fast_path,63.541
pipeline,fast_path,63.917
pipeline,fast_path,62.709
pipeline,fast_path,63.333
pipeline,fast_path,62.708
pipeline,fast_path,62.333
pipeline,fast_path,62.166
pipeline,fast_path,97.000
pipeline,fast_path,72.584
pipeline,fast_path,68.792
pipeline,fast_path,65.542
pipeline,fast_path,65.167
pipeline,fast_path,64.958
pipeline,fast_path,62.833
pipeline,fast_path,63.583
pipeline,fast_path,63.542
pipeline,fast_path,63.459
pipeline,fast_path,64.208
pipeline,fast_path,63.334
pipeline,fast_path,63.000
pipeline,fast_path,62.833
pipeline,fast_path,63.042
pipeline,fast_path,63.417
pipeline,fast_path,62.959
pipeline,fast_path,60.916
pipeline,fast_path,61.750
pipeline,fast_path,62.250
pipeline,fast_path,92.917
pipeline,fast_path,70.958
pipeline,fast_path,67.334
pipeline,fast_path,65.542
pipeline,fast_path,67.625
pipeline,fast_path,64.084
pipeline,fast_path,63.958
pipeline,fast_path,66.125
pipeline,fast_path,66.458
pipeline,fast_path,62.959
pipeline,fast_path,63.625
pipeline,fast_path,62.708
pipeline,fast_path,61.417
pipeline,fast_path,62.709
pipeline,fast_path,62.750
pipeline,fast_path,60.792
pipeline,fast_path,62.334
pipeline,fast_path,62.791
pipeline,fast_path,60.459
pipeline,fast_path,63.083
pipeline,fast_path,98.583
pipeline,fast_path,76.500
pipeline,fast_path,73.875
pipeline,fast_path,70.625
pipeline,fast_path,66.000
pipeline,fast_path,65.875
pipeline,fast_path,65.208
pipeline,fast_path,67.916
pipeline,fast_path,69.167
pipeline,fast_path,65.250
pipeline,fast_path,65.167
pipeline,fast_path,63.584
pipeline,fast_path,65.000
pipeline,fast_path,63.834
pipeline,fast_path,62.916
pipeline,fast_path,64.625
pipeline,fast_path,62.250
pipeline,fast_path,63.541
pipeline,fast_path,63.625
pipeline,fast_path,63.750
pipeline,fast_path,98.709
pipeline,fast_path,71.792
pipeline,fast_path,68.000
pipeline,fast_path,66.167
pipeline,fast_path,65.750
pipeline,fast_path,66.250
pipeline,fast_path,64.334
pipeline,fast_path,65.917
pipeline,fast_path,63.667
pipeline,fast_path,64.500
pipeline,fast_path,63.708
pipeline,fast_path,62.917
pipeline,fast_path,61.875
pipeline,fast_path,63.708
pipeline,fast_path,63.625
pipeline,fast_path,63.708
pipeline,fast_path,61.375
pipeline,fast_path,62.959
pipeline,fast_path,62.833
pipeline,fast_path,62.167
pipeline,fast_path,118.041
pipeline,fast_path,76.708
pipeline,fast_path,69.875
pipeline,fast_path,66.792
pipeline,fast_path,65.584
pipeline,fast_path,64.875
pipeline,fast_path,64.500
pipeline,fast_path,65.958
pipeline,fast_path,63.875
pipeline,fast_path,63.167
pipeline,fast_path,64.625
pipeline,fast_path,64.209
pipeline,fast_path,63.625
pipeline,fast_path,63.458
pipeline,fast_path,66.209
pipeline,fast_path,65.750
pipeline,fast_path,63.000
pipeline,fast_path,60.792
pipeline,fast_path,61.584
pipeline,fast_path,61.959
pipeline,fast_path,95.833
pipeline,fast_path,73.375
pipeline,fast_path,70.042
pipeline,fast_path,66.625
pipeline,fast_path,64.167
pipeline,fast_path,66.250
pipeline,fast_path,64.583
pipeline,fast_path,64.958
pipeline,fast_path,230.292
pipeline,fast_path,66.875
pipeline,fast_path,65.625
pipeline,fast_path,65.458
pipeline,fast_path,62.875
pipeline,fast_path,64.417
pipeline,fast_path,64.584
pipeline,fast_path,65.000
pipeline,fast_path,64.500
pipeline,fast_path,65.708
pipeline,fast_path,63.625
pipeline,fast_path,64.334
pipeline,fast_path,92.084
pipeline,fast_path,69.292
pipeline,fast_path,67.667
pipeline,fast_path,65.417
pipeline,fast_path,64.417
pipeline,fast_path,64.958
pipeline,fast_path,63.292
pipeline,fast_path,63.541
pipeline,fast_path,61.500
pipeline,fast_path,64.500
pipeline,fast_path,63.209
pipeline,fast_path,64.250
pipeline,fast_path,61.500
pipeline,fast_path,63.375
pipeline,fast_path,63.000
pipeline,fast_path,63.292
pipeline,fast_path,62.584
pipeline,fast_path,63.083
pipeline,fast_path,62.041
pipeline,fast_path,62.708
pipeline,fast_path,92.209
pipeline,fast_path,71.917
pipeline,fast_path,67.792
pipeline,fast_path,66.208
pipeline,fast_path,66.500
pipeline,fast_path,65.750
pipeline,fast_path,64.625
pipeline,fast_path,64.458
pipeline,fast_path,64.375
pipeline,fast_path,63.500
pipeline,fast_path,64.208
pipeline,fast_path,63.084
pipeline,fast_path,62.708
pipeline,fast_path,61.292
pipeline,fast_path,64.250
pipeline,fast_path,63.375
pipeline,fast_path,67.000
pipeline,fast_path,61.208
pipeline,fast_path,61.625
pipeline,fast_path,62.875
pipeline,fast_path,99.625
pipeline,fast_path,74.375
pipeline,fast_path,69.042
pipeline,fast_path,66.167
pipeline,fast_path,64.708
pipeline,fast_path,64.959
pipeline,fast_path,65.458
pipeline,fast_path,64.625
pipeline,fast_path,63.834
pipeline,fast_path,63.500
pipeline,fast_path,63.334
pipeline,fast_path,63.000
pipeline,fast_path,64.125
pipeline,fast_path,63.833
pipeline,fast_path,63.250
pipeline,fast_path,62.041
pipeline,fast_path,62.875
pipeline,fast_path,62.333
pipeline,fast_path,63.291
pipeline,fast_path,63.375
pipeline,fast_path,93.792
pipeline,fast_path,71.834
pipeline,fast_path,70.166
pipeline,fast_path,67.542
pipeline,fast_path,64.958
pipeline,fast_path,66.750
pipeline,fast_path,66.083
pipeline,fast_path,66.375
pipeline,fast_path,64.208
pipeline,fast_path,65.250
pipeline,fast_path,65.875
pipeline,fast_path,65.417
pipeline,fast_path,65.084
pipeline,fast_path,64.750
pipeline,fast_path,65.000
pipeline,fast_path,64.792
pipeline,fast_path,64.500
pipeline,fast_path,64.500
pipeline,fast_path,64.459
pipeline,fast_path,64.250
pipeline,fast_path,99.125
pipeline,fast_path,70.542
pipeline,fast_path,67.542
pipeline,fast_path,66.708
pipeline,fast_path,66.875
pipeline,fast_path,65.875
pipeline,fast_path,65.250
pipeline,fast_path,64.791
pipeline,fast_path,64.666
pipeline,fast_path,64.167
pipeline,fast_path,64.667
pipeline,fast_path,62.875
pipeline,fast_path,64.583
pipeline,fast_path,63.833
pipeline,fast_path,64.041
pipeline,fast_path,63.833
pipeline,fast_path,63.167
pipeline,fast_path,63.250
pipeline,fast_path,64.166
pipeline,fast_path,62.458
pipeline,fast_path,102.291
pipeline,fast_path,73.334
pipeline,fast_path,74.208
pipeline,fast_path,69.125
pipeline,fast_path,65.833
pipeline,fast_path,78.250
pipeline,fast_path,72.000
pipeline,fast_path,63.958
pipeline,fast_path,64.542
pipeline,fast_path,65.167
pipeline,fast_path,64.584
pipeline,fast_path,64.375
pipeline,fast_path,64.250
pipeline,fast_path,64.291
pipeline,fast_path,64.542
pipeline,fast_path,63.292
pipeline,fast_path,61.917
pipeline,fast_path,63.375
pipeline,fast_path,62.375
pipeline,fast_path,63.917
pipeline,fast_path,95.417
pipeline,fast_path,71.750
pipeline,fast_path,69.917
pipeline,fast_path,66.000
pipeline,fast_path,77.458
pipeline,fast_path,66.958
pipeline,fast_path,65.167
pipeline,fast_path,64.250
pipeline,fast_path,67.166
pipeline,fast_path,65.042
pipeline,fast_path,63.375
pipeline,fast_path,63.542
pipeline,fast_path,63.500
pipeline,fast_path,63.417
pipeline,fast_path,63.416
pipeline,fast_path,62.208
pipeline,fast_path,62.875
pipeline,fast_path,67.042
pipeline,fast_path,62.792
pipeline,fast_path,62.958
pipeline,fast_path,99.459
pipeline,fast_path,103.916
pipeline,fast_path,71.125
pipeline,fast_path,69.083
pipeline,fast_path,71.625
pipeline,fast_path,83.917
pipeline,fast_path,69.458
pipeline,fast_path,65.583
pipeline,fast_path,64.291
pipeline,fast_path,64.667
pipeline,fast_path,65.125
pipeline,fast_path,67.625
pipeline,fast_path,63.125
pipeline,fast_path,64.167
pipeline,fast_path,63.292
pipeline,fast_path,64.167
pipeline,fast_path,62.833
pipeline,fast_path,62.500
pipeline,fast_path,66.041
pipeline,fast_path,61.542
pipeline,fast_path,95.917
pipeline,fast_path,71.500
pipeline,fast_path,67.833
pipeline,fast_path,67.041
pipeline,fast_path,65.875
pipeline,fast_path,66.708
pipeline,fast_path,65.375
pipeline,fast_path,65.125
pipeline,fast_path,64.125
pipeline,fast_path,63.583
pipeline,fast_path,64.833
pipeline,fast_path,62.791
pipeline,fast_path,67.250
pipeline,fast_path,67.125
pipeline,fast_path,63.791
pipeline,fast_path,64.125
pipeline,fast_path,63.209
pipeline,fast_path,62.166
pipeline,fast_path,74.416
pipeline,fast_path,67.042
pipeline,fast_path,96.292
pipeline,fast_path,73.083
pipeline,fast_path,73.833
pipeline,fast_path,75.792
pipeline,fast_path,67.917
pipeline,fast_path,65.667
pipeline,fast_path,64.209
pipeline,fast_path,64.125
pipeline,fast_path,62.375
pipeline,fast_path,65.042
pipeline,fast_path,63.041
pipeline,fast_path,64.292
pipeline,fast_path,63.500
pipeline,fast_path,65.584
pipeline,fast_path,64.750
pipeline,fast_path,63.834
pipeline,fast_path,61.833
pipeline,fast_path,62.000
pipeline,fast_path,62.708
pipeline,fast_path,62.792
pipeline,fast_path,98.541
pipeline,fast_path,77.542
pipeline,fast_path,72.125
pipeline,fast_path,68.292
pipeline,fast_path,69.041
pipeline,fast_path,64.875
pipeline,fast_path,68.334
pipeline,fast_path,67.166
pipeline,fast_path,66.000
pipeline,fast_path,60.834
pipeline,fast_path,89.083
pipeline,fast_path,77.416
pipeline,fast_path,70.208
pipeline,fast_path,70.666
pipeline,fast_path,65.834
pipeline,fast_path,74.584
pipeline,fast_path,83.166
pipeline,fast_path,67.958
pipeline,fast_path,63.792
pipeline,fast_path,64.375
pipeline,fast_path,94.250
pipeline,fast_path,71.583
pipeline,fast_path,67.458
pipeline,fast_path,65.708
pipeline,fast_path,69.333
pipeline,fast_path,65.750
pipeline,fast_path,63.625
pipeline,fast_path,64.708
pipeline,fast_path,63.042
pipeline,fast_path,64.208
pipeline,fast_path,63.333
pipeline,fast_path,64.292
pipeline,fast_path,64.125
pipeline,fast_path,63.459
pipeline,fast_path,63.083
pipeline,fast_path,70.416
pipeline,fast_path,85.625
pipeline,fast_path,78.334
pipeline,fast_path,71.708
pipeline,fast_path,71.167
pipeline,fast_path,90.125
pipeline,fast_path,75.333
pipeline,fast_path,66.791
pipeline,fast_path,65.000
pipeline,fast_path,65.584
pipeline,fast_path,65.292
pipeline,fast_path,63.250
pipeline,fast_path,66.583
pipeline,fast_path,64.834
pipeline,fast_path,63.584
pipeline,fast_path,63.375
pipeline,fast_path,61.833
pipeline,fast_path,63.334
pipeline,fast_path,62.708
pipeline,fast_path,62.416
pipeline,fast_path,62.750
pipeline,fast_path,63.000
pipeline,fast_path,62.875
pipeline,fast_path,63.250
pipeline,fast_path,62.958
pipeline,fast_path,100.708
pipeline,fast_path,71.417
pipeline,fast_path,69.209
pipeline,fast_path,67.584
pipeline,fast_path,65.709
pipeline,fast_path,65.459
pipeline,fast_path,66.333
pipeline,fast_path,67.291
pipeline,fast_path,65.625
pipeline,fast_path,64.708
pipeline,fast_path,64.916
pipeline,fast_path,64.875
pipeline,fast_path,64.583
pipeline,fast_path,63.000
pipeline,fast_path,65.291
pipeline,fast_path,64.959
pipeline,fast_path,63.916
pipeline,fast_path,64.583
pipeline,fast_path,63.250
pipeline,fast_path,62.417
pipeline,fast_path,90.250
pipeline,fast_path,72.250
pipeline,fast_path,70.792
pipeline,fast_path,66.667
pipeline,fast_path,66.291
pipeline,fast_path,65.458
pipeline,fast_path,65.500
pipeline,fast_path,64.584
pipeline,fast_path,64.375
pipeline,fast_path,63.000
pipeline,fast_path,65.791
pipeline,fast_path,65.250
pipeline,fast_path,64.667
pipeline,fast_path,63.959
pipeline,fast_path,64.541
pipeline,fast_path,89.250
pipeline,fast_path,65.250
pipeline,fast_path,64.042
pipeline,fast_path,64.000
pipeline,fast_path,64.209
pipeline,fast_path,94.250
pipeline,fast_path,69.167
pipeline,fast_path,68.000
pipeline,fast_path,66.125
pipeline,fast_path,64.291
pipeline,fast_path,64.292
pipeline,fast_path,63.708
pipeline,fast_path,64.250
pipeline,fast_path,64.042
pipeline,fast_path,63.917
pipeline,fast_path,65.042
pipeline,fast_path,63.750
pipeline,fast_path,64.583
pipeline,fast_path,63.250
pipeline,fast_path,62.791
pipeline,fast_path,63.000
pipeline,fast_path,63.167
pipeline,fast_path,63.000
pipeline,fast_path,62.083
pipeline,fast_path,63.375
pipeline,fast_path,93.459
pipeline,fast_path,72.375
pipeline,fast_path,68.542
pipeline,fast_path,67.459
pipeline,fast_path,65.458
pipeline,fast_path,65.500
pipeline,fast_path,63.375
pipeline,fast_path,65.459
pipeline,fast_path,65.125
pipeline,fast_path,65.125
pipeline,fast_path,63.000
pipeline,fast_path,63.584
pipeline,fast_path,64.375
pipeline,fast_path,62.208
pipeline,fast_path,63.709
pipeline,fast_path,63.958
pipeline,fast_path,63.166
pipeline,fast_path,63.083
pipeline,fast_path,65.958
pipeline,fast_path,66.959
pipeline,fast_path,90.959
pipeline,fast_path,70.958
pipeline,fast_path,67.416
pipeline,fast_path,65.709
pipeline,fast_path,66.041
pipeline,fast_path,66.042
pipeline,fast_path,64.417
pipeline,fast_path,65.458
pipeline,fast_path,64.208
pipeline,fast_path,64.125
pipeline,fast_path,63.417
pipeline,fast_path,64.084
pipeline,fast_path,66.500
pipeline,fast_path,63.167
pipeline,fast_path,63.709
pipeline,fast_path,63.833
pipeline,fast_path,64.334
pipeline,fast_path,61.750
pipeline,fast_path,63.209
pipeline,fast_path,63.750
pipeline,fast_path,7632.250
pipeline,fast_path,77.042
pipeline,fast_path,68.875
pipeline,fast_path,65.666
pipeline,fast_path,64.250
pipeline,fast_path,65.167
pipeline,fast_path,63.875
pipeline,fast_path,64.375
pipeline,fast_path,62.833
pipeline,fast_path,62.875
pipeline,fast_path,63.750
pipeline,fast_path,63.416
pipeline,fast_path,64.250
pipeline,fast_path,63.958
pipeline,fast_path,64.042
pipeline,fast_path,62.209
pipeline,fast_path,62.917
pipeline,fast_path,62.791
pipeline,fast_path,62.291
pipeline,fast_path,63.083
pipeline,fast_path,97.000
pipeline,fast_path,73.417
pipeline,fast_path,69.125
pipeline,fast_path,65.208
pipeline,fast_path,65.375
pipeline,fast_path,66.084
pipeline,fast_path,65.709
pipeline,fast_path,64.166
pipeline,fast_path,64.000
pipeline,fast_path,64.416
pipeline,fast_path,64.583
pipeline,fast_path,63.792
pipeline,fast_path,64.292
pipeline,fast_path,68.083
pipeline,fast_path,64.792
pipeline,fast_path,64.750
pipeline,fast_path,65.375
pipeline,fast_path,67.833
pipeline,fast_path,65.875
pipeline,fast_path,64.375
pipeline,fast_path,97.542
pipeline,fast_path,71.500
pipeline,fast_path,67.000
pipeline,fast_path,66.875
pipeline,fast_path,65.792
pipeline,fast_path,66.458
pipeline,fast_path,66.250
pipeline,fast_path,65.708
pipeline,fast_path,62.750
pipeline,fast_path,64.375
pipeline,fast_path,64.791
pipeline,fast_path,64.708
pipeline,fast_path,65.041
pipeline,fast_path,63.875
pipeline,fast_path,64.542
pipeline,fast_path,64.125
pipeline,fast_path,64.167
pipeline,fast_path,63.458
pipeline,fast_path,64.750
pipeline,fast_path,64.750
pipeline,fast_path,96.083
pipeline,fast_path,71.250
pipeline,fast_path,67.458
pipeline,fast_path,64.458
pipeline,fast_path,64.666
pipeline,fast_path,65.333
pipeline,fast_path,63.875
pipeline,fast_path,64.167
pipeline,fast_path,64.208
pipeline,fast_path,63.459
pipeline,fast_path,63.875
pipeline,fast_path,64.875
pipeline,fast_path,63.625
pipeline,fast_path,61.583
pipeline,fast_path,63.417
pipeline,fast_path,63.292
pipeline,fast_path,62.667
pipeline,fast_path,63.000
pipeline,fast_path,62.042
pipeline,fast_path,63.334
pipeline,fast_path,97.583
pipeline,fast_path,72.083
pipeline,fast_path,70.375
pipeline,fast_path,65.459
pipeline,fast_path,65.417
pipeline,fast_path,64.417
pipeline,fast_path,64.625
pipeline,fast_path,67.875
pipeline,fast_path,95.333
pipeline,fast_path,66.000
pipeline,fast_path,63.333
pipeline,fast_path,64.333
pipeline,fast_path,64.750
pipeline,fast_path,65.708
pipeline,fast_path,66.417
pipeline,fast_path,62.875
pipeline,fast_path,62.041
pipeline,fast_path,62.792
pipeline,fast_path,62.917
pipeline,fast_path,63.208
pipeline,fast_path,96.500
pipeline,fast_path,72.333
pipeline,fast_path,69.709
pipeline,fast_path,68.125
pipeline,fast_path,67.583
pipeline,fast_path,65.750
pipeline,fast_path,63.542
pipeline,fast_path,64.125
pipeline,fast_path,63.917
pipeline,fast_path,63.541
pipeline,fast_path,64.625
pipeline,fast_path,63.333
pipeline,fast_path,64.834
pipeline,fast_path,64.334
pipeline,fast_path,63.416
pipeline,fast_path,64.083
pipeline,fast_path,63.250
pipeline,fast_path,64.500
pipeline,fast_path,63.708
pipeline,fast_path,63.958
pipeline,fast_path,88.083
pipeline,fast_path,70.250
pipeline,fast_path,67.750
pipeline,fast_path,65.083
pipeline,fast_path,64.583
pipeline,fast_path,64.833
pipeline,fast_path,64.125
pipeline,fast_path,62.541
pipeline,fast_path,63.333
pipeline,fast_path,63.542
pipeline,fast_path,63.500
pipeline,fast_path,63.041
pipeline,fast_path,63.458
pipeline,fast_path,63.958
pipeline,fast_path,63.500
pipeline,fast_path,64.083
pipeline,fast_path,62.917
pipeline,fast_path,64.084
pipeline,fast_path,63.416
pipeline,fast_path,63.833
pipeline,fast_path,108.250
pipeline,fast_path,78.542
pipeline,fast_path,68.583
pipeline,fast_path,67.167
pipeline,fast_path,66.042
pipeline,fast_path,66.250
pipeline,fast_path,65.208
pipeline,fast_path,64.375
pipeline,fast_path,64.791
pipeline,fast_path,64.542
pipeline,fast_path,64.792
pipeline,fast_path,65.541
pipeline,fast_path,65.458
pipeline,fast_path,65.000
pipeline,fast_path,64.625
pipeline,fast_path,65.125
pipeline,fast_path,62.458
pipeline,fast_path,63.541
pipeline,fast_path,64.166
pipeline,fast_path,64.125
pipeline,fast_path,93.167
pipeline,fast_path,76.250
pipeline,fast_path,69.583
pipeline,fast_path,67.125
pipeline,fast_path,66.667
pipeline,fast_path,66.333
pipeline,fast_path,64.709
pipeline,fast_path,67.709
pipeline,fast_path,67.667
pipeline,fast_path,64.625
pipeline,fast_path,64.041
pipeline,fast_path,63.667
pipeline,fast_path,63.375
pipeline,fast_path,62.958
pipeline,fast_path,64.917
pipeline,fast_path,64.792
pipeline,fast_path,64.042
pipeline,fast_path,64.125
pipeline,fast_path,61.917
pipeline,fast_path,65.500
pipeline,fast_path,94.542
pipeline,fast_path,71.583
pipeline,fast_path,67.458
pipeline,fast_path,65.584
pipeline,fast_path,65.583
pipeline,fast_path,66.458
pipeline,fast_path,64.625
pipeline,fast_path,65.250
pipeline,fast_path,64.625
pipeline,fast_path,63.084
pipeline,fast_path,63.833
pipeline,fast_path,64.291
pipeline,fast_path,63.541
pipeline,fast_path,63.458
pipeline,fast_path,63.417
pipeline,fast_path,63.167
pipeline,fast_path,62.459
pipeline,fast_path,62.209
pipeline,fast_path,62.792
pipeline,fast_path,62.375
pipeline,fast_path,91.833
pipeline,fast_path,72.000
pipeline,fast_path,69.542
pipeline,fast_path,66.375
pipeline,fast_path,65.166
pipeline,fast_path,63.625
pipeline,fast_path,64.750
pipeline,fast_path,64.917
pipeline,fast_path,63.875
pipeline,fast_path,61.875
pipeline,fast_path,69.333
pipeline,fast_path,64.167
pipeline,fast_path,63.458
pipeline,fast_path,64.375
pipeline,fast_path,64.208
pipeline,fast_path,63.291
pipeline,fast_path,62.833
pipeline,fast_path,62.500
pipeline,fast_path,63.791
pipeline,fast_path,63.791
pipeline,fast_path,95.125
pipeline,fast_path,71.334
pipeline,fast_path,67.625
pipeline,fast_path,64.166
pipeline,fast_path,65.292
pipeline,fast_path,64.958
pipeline,fast_path,68.625
pipeline,fast_path,65.458
pipeline,fast_path,64.833
pipeline,fast_path,64.208
pipeline,fast_path,64.958
pipeline,fast_path,63.708
pipeline,fast_path,65.250
pipeline,fast_path,63.792
pipeline,fast_path,64.125
pipeline,fast_path,63.583
pipeline,fast_path,63.167
pipeline,fast_path,65.166
pipeline,fast_path,66.625
pipeline,fast_path,63.791
pipeline,fast_path,94.584
pipeline,fast_path,95.250
pipeline,fast_path,66.625
pipeline,fast_path,66.000
pipeline,fast_path,65.333
pipeline,fast_path,64.917
pipeline,fast_path,63.875
pipeline,fast_path,63.416
pipeline,fast_path,63.959
pipeline,fast_path,63.500
pipeline,fast_path,64.291
pipeline,fast_path,62.333
pipeline,fast_path,63.459
pipeline,fast_path,66.375
pipeline,fast_path,66.791
pipeline,fast_path,63.542
pipeline,fast_path,62.708
pipeline,fast_path,61.375
pipeline,fast_path,62.791
pipeline,fast_path,64.333
pipeline,fast_path,90.375
pipeline,fast_path,77.250
pipeline,fast_path,69.000
pipeline,fast_path,70.750
pipeline,fast_path,68.584
pipeline,fast_path,88.667
pipeline,fast_path,75.667
pipeline,fast_path,64.708
pipeline,fast_path,65.292
pipeline,fast_path,65.333
pipeline,fast_path,65.042
pipeline,fast_path,63.875
pipeline,fast_path,65.125
pipeline,fast_path,61.833
pipeline,fast_path,64.833
pipeline,fast_path,64.666
pipeline,fast_path,64.416
pipeline,fast_path,64.000
pipeline,fast_path,62.167
pipeline,fast_path,64.125
pipeline,fast_path,118.125
pipeline,fast_path,81.083
pipeline,fast_path,76.208
pipeline,fast_path,69.708
pipeline,fast_path,79.666
pipeline,fast_path,74.500
pipeline,fast_path,67.042
pipeline,fast_path,66.625
pipeline,fast_path,65.292
pipeline,fast_path,65.750
pipeline,fast_path,65.958
pipeline,fast_path,64.542
pipeline,fast_path,63.833
pipeline,fast_path,64.459
pipeline,fast_path,65.291
pipeline,fast_path,64.500
pipeline,fast_path,64.375
pipeline,fast_path,63.958
pipeline,fast_path,63.000
pipeline,fast_path,64.167
pipeline,fast_path,92.083
pipeline,fast_path,72.917
pipeline,fast_path,68.291
pipeline,fast_path,66.166
pipeline,fast_path,63.333
pipeline,fast_path,65.792
pipeline,fast_path,63.916
pipeline,fast_path,64.917
pipeline,fast_path,64.333
pipeline,fast_path,64.416
pipeline,fast_path,66.500
pipeline,fast_path,63.583
pipeline,fast_path,62.917
pipeline,fast_path,62.375
pipeline,fast_path,63.708
pipeline,fast_path,63.541
pipeline,fast_path,61.792
pipeline,fast_path,63.166
pipeline,fast_path,63.250
pipeline,fast_path,62.750
pipeline,fast_path,95.000
pipeline,fast_path,89.500
pipeline,fast_path,69.542
pipeline,fast_path,66.000
pipeline,fast_path,64.000
pipeline,fast_path,66.750
pipeline,fast_path,64.750
pipeline,fast_path,67.834
pipeline,fast_path,64.042
pipeline,fast_path,65.750
pipeline,fast_path,67.416
pipeline,fast_path,64.125
pipeline,fast_path,67.125
pipeline,fast_path,64.875
pipeline,fast_path,63.709
pipeline,fast_path,64.083
pipeline,fast_path,62.625
pipeline,fast_path,62.750
pipeline,fast_path,61.250
pipeline,fast_path,63.750
pipeline,fast_path,101.167
pipeline,fast_path,75.042
pipeline,fast_path,67.583
pipeline,fast_path,70.000
pipeline,fast_path,65.416
pipeline,fast_path,82.708
pipeline,fast_path,70.958
pipeline,fast_path,64.917
pipeline,fast_path,63.875
pipeline,fast_path,63.666
pipeline,fast_path,64.250
pipeline,fast_path,63.958
pipeline,fast_path,63.500
pipeline,fast_path,62.791
pipeline,fast_path,63.375
pipeline,fast_path,62.292
pipeline,fast_path,62.500
pipeline,fast_path,62.042
pipeline,fast_path,61.750
pipeline,fast_path,63.958
pipeline,fast_path,102.208
pipeline,fast_path,80.000
pipeline,fast_path,69.500
pipeline,fast_path,71.292
pipeline,fast_path,69.958
pipeline,fast_path,79.833
pipeline,fast_path,72.583
pipeline,fast_path,68.708
pipeline,fast_path,70.375
pipeline,fast_path,63.416
pipeline,fast_path,65.208
pipeline,fast_path,62.958
pipeline,fast_path,62.791
pipeline,fast_path,64.375
pipeline,fast_path,64.083
pipeline,fast_path,64.584
pipeline,fast_path,64.083
pipeline,fast_path,64.792
pipeline,fast_path,64.416
pipeline,fast_path,63.875
pipeline,fast_path,88.000
pipeline,fast_path,71.083
pipeline,fast_path,68.209
pipeline,fast_path,66.709
pipeline,fast_path,64.375
pipeline,fast_path,64.875
pipeline,fast_path,63.750
pipeline,fast_path,64.917
pipeline,fast_path,64.042
pipeline,fast_path,63.667
pipeline,fast_path,64.209
pipeline,fast_path,63.750
pipeline,fast_path,63.333
pipeline,fast_path,63.958
pipeline,fast_path,63.334
pipeline,fast_path,90.042
pipeline,fast_path,65.667
pipeline,fast_path,63.708
pipeline,fast_path,63.833
pipeline,fast_path,67.750
pipeline,fast_path,99.500
pipeline,fast_path,72.625
pipeline,fast_path,66.792
pipeline,fast_path,66.875
pipeline,fast_path,66.708
pipeline,fast_path,69.166
pipeline,fast_path,64.459
pipeline,fast_path,64.417
pipeline,fast_path,64.708
pipeline,fast_path,65.667
pipeline,fast_path,65.334
pipeline,fast_path,63.708
pipeline,fast_path,65.292
pipeline,fast_path,63.875
pipeline,fast_path,64.458
pipeline,fast_path,64.500
pipeline,fast_path,63.375
pipeline,fast_path,62.875
pipeline,fast_path,63.125
pipeline,fast_path,63.041
pipeline,fast_path,93.958
pipeline,fast_path,72.667
pipeline,fast_path,72.083
pipeline,fast_path,71.042
pipeline,fast_path,67.542
pipeline,fast_path,67.292
pipeline,fast_path,66.041
pipeline,fast_path,64.084
pipeline,fast_path,64.083
pipeline,fast_path,65.041
pipeline,fast_path,65.292
pipeline,fast_path,64.084
pipeline,fast_path,64.417
pipeline,fast_path,64.792
pipeline,fast_path,62.292
pipeline,fast_path,64.208
pipeline,fast_path,63.667
pipeline,fast_path,63.000
pipeline,fast_path,62.958
pipeline,fast_path,62.916
pipeline,fast_path,90.750
pipeline,fast_path,74.708
pipeline,fast_path,70.750
pipeline,fast_path,68.750
pipeline,fast_path,70.875
pipeline,fast_path,63.292
pipeline,fast_path,64.083
pipeline,fast_path,62.667
pipeline,fast_path,63.125
pipeline,fast_path,62.000
pipeline,fast_path,63.084
pipeline,fast_path,66.708
pipeline,fast_path,66.417
pipeline,fast_path,63.041
pipeline,fast_path,61.875
pipeline,fast_path,62.583
pipeline,fast_path,63.375
pipeline,fast_path,60.958
pipeline,fast_path,62.500
pipeline,fast_path,62.667
pipeline,fast_path,95.291
pipeline,fast_path,70.167
pipeline,fast_path,66.959
pipeline,fast_path,64.917
pipeline,fast_path,64.875
pipeline,fast_path,64.791
pipeline,fast_path,64.125
pipeline,fast_path,64.208
pipeline,fast_path,64.250
pipeline,fast_path,63.875
pipeline,fast_path,62.958
pipeline,fast_path,63.542
pipeline,fast_path,63.625
pipeline,fast_path,63.125
pipeline,fast_path,63.833
pipeline,fast_path,62.250
pipeline,fast_path,62.458
pipeline,fast_path,62.667
pipeline,fast_path,62.958
pipeline,fast_path,61.791
pipeline,fast_path,97.250
pipeline,fast_path,72.875
pipeline,fast_path,67.209
pipeline,fast_path,67.708
pipeline,fast_path,65.000
pipeline,fast_path,64.625
pipeline,fast_path,63.166
pipeline,fast_path,64.625
pipeline,fast_path,64.125
pipeline,fast_path,62.250
pipeline,fast_path,62.958
pipeline,fast_path,64.542
pipeline,fast_path,64.833
pipeline,fast_path,63.125
pipeline,fast_path,67.708
pipeline,fast_path,64.000
pipeline,fast_path,63.750
pipeline,fast_path,62.458
pipeline,fast_path,62.208
pipeline,fast_path,63.584
pipeline,fast_path,100.375
pipeline,fast_path,75.542
pipeline,fast_path,70.833
pipeline,fast_path,67.333
pipeline,fast_path,65.459
pipeline,fast_path,64.417
pipeline,fast_path,65.084
pipeline,fast_path,63.792
pipeline,fast_path,67.459
pipeline,fast_path,65.792
pipeline,fast_path,65.292
pipeline,fast_path,64.500
pipeline,fast_path,65.084
pipeline,fast_path,62.666
pipeline,fast_path,64.209
pipeline,fast_path,64.375
pipeline,fast_path,63.250
pipeline,fast_path,62.250
pipeline,fast_path,61.125
pipeline,fast_path,63.791
pipeline,fast_path,98.000
pipeline,fast_path,72.750
pipeline,fast_path,69.000
pipeline,fast_path,66.792
pipeline,fast_path,66.583
pipeline,fast_path,65.542
pipeline,fast_path,64.500
pipeline,fast_path,65.292
pipeline,fast_path,62.541
pipeline,fast_path,64.000
pipeline,fast_path,62.333
pipeline,fast_path,62.250
pipeline,fast_path,64.083
pipeline,fast_path,63.375
pipeline,fast_path,64.584
pipeline,fast_path,63.625
pipeline,fast_path,63.458
pipeline,fast_path,61.542
pipeline,fast_path,64.458
pipeline,fast_path,63.417
pipeline,fast_path,97.959
pipeline,fast_path,72.000
pipeline,fast_path,69.292
pipeline,fast_path,66.125
pipeline,fast_path,65.083
pipeline,fast_path,64.709
pipeline,fast_path,64.792
pipeline,fast_path,65.333
pipeline,fast_path,90.834
pipeline,fast_path,65.250
pipeline,fast_path,65.083
pipeline,fast_path,65.250
pipeline,fast_path,65.000
pipeline,fast_path,63.875
pipeline,fast_path,62.500
pipeline,fast_path,64.959
pipeline,fast_path,63.416
pipeline,fast_path,62.166
pipeline,fast_path,62.875
pipeline,fast_path,64.208
pipeline,fast_path,91.041
pipeline,fast_path,71.875
pipeline,fast_path,66.208
pipeline,fast_path,67.167
pipeline,fast_path,64.250
pipeline,fast_path,64.875
pipeline,fast_path,64.125
pipeline,fast_path,68.375
pipeline,fast_path,63.750
pipeline,fast_path,64.541
pipeline,fast_path,64.459
pipeline,fast_path,62.834
pipeline,fast_path,62.208
pipeline,fast_path,63.917
pipeline,fast_path,62.333
pipeline,fast_path,63.250
pipeline,fast_path,61.500
pipeline,fast_path,62.041
pipeline,fast_path,62.959
pipeline,fast_path,63.042
pipeline,fast_path,122.459
pipeline,fast_path,74.542
pipeline,fast_path,70.333
pipeline,fast_path,68.500
pipeline,fast_path,66.250
pipeline,fast_path,66.208
pipeline,fast_path,65.166
pipeline,fast_path,64.417
pipeline,fast_path,63.916
pipeline,fast_path,64.625
pipeline,fast_path,65.125
pipeline,fast_path,65.042
pipeline,fast_path,64.042
pipeline,fast_path,64.042
pipeline,fast_path,64.000
pipeline,fast_path,64.042
pipeline,fast_path,63.791
pipeline,fast_path,62.875
pipeline,fast_path,62.833
pipeline,fast_path,63.916
pipeline,fast_path,95.625
pipeline,fast_path,88.417
pipeline,fast_path,76.584
pipeline,fast_path,67.250
pipeline,fast_path,64.417
pipeline,fast_path,66.000
pipeline,fast_path,67.083
pipeline,fast_path,63.041
pipeline,fast_path,64.792
pipeline,fast_path,64.083
pipeline,fast_path,64.000
pipeline,fast_path,63.292
pipeline,fast_path,63.208
pipeline,fast_path,63.583
pipeline,fast_path,62.166
pipeline,fast_path,62.916
pipeline,fast_path,63.042
pipeline,fast_path,61.458
pipeline,fast_path,63.042
pipeline,fast_path,63.084
pipeline,fast_path,91.042
pipeline,fast_path,70.459
pipeline,fast_path,68.709
pipeline,fast_path,70.000
pipeline,fast_path,66.166
pipeline,fast_path,67.792
pipeline,fast_path,64.875
pipeline,fast_path,62.833
pipeline,fast_path,64.458
pipeline,fast_path,64.084
pipeline,fast_path,63.875
pipeline,fast_path,63.042
pipeline,fast_path,62.416
pipeline,fast_path,62.625
pipeline,fast_path,63.000
pipeline,fast_path,63.084
pipeline,fast_path,62.542
pipeline,fast_path,62.250
pipeline,fast_path,62.541
pipeline,fast_path,63.041
pipeline,fast_path,93.333
pipeline,fast_path,71.291
pipeline,fast_path,67.000
pipeline,fast_path,65.459
pipeline,fast_path,63.750
pipeline,fast_path,65.041
pipeline,fast_path,63.958
pipeline,fast_path,63.750
pipeline,fast_path,67.042
pipeline,fast_path,66.125
pipeline,fast_path,63.250
pipeline,fast_path,62.750
pipeline,fast_path,63.167
pipeline,fast_path,62.750
pipeline,fast_path,66.750
pipeline,fast_path,64.000
pipeline,fast_path,64.083
pipeline,fast_path,62.459
pipeline,fast_path,62.625
pipeline,fast_path,64.000
pipeline,fast_path,104.292
pipeline,fast_path,74.542
pipeline,fast_path,70.208
pipeline,fast_path,67.208
pipeline,fast_path,69.208
pipeline,fast_path,69.334
pipeline,fast_path,65.209
pipeline,fast_path,67.625
pipeline,fast_path,67.250
pipeline,fast_path,63.750
pipeline,fast_path,64.208
pipeline,fast_path,63.750
pipeline,fast_path,63.541
pipeline,fast_path,63.958
pipeline,fast_path,62.083
pipeline,fast_path,63.417
pipeline,fast_path,62.750
pipeline,fast_path,62.333
pipeline,fast_path,61.959
pipeline,fast_path,63.500
pipeline,fast_path,102.166
pipeline,fast_path,75.958
pipeline,fast_path,66.709
pipeline,fast_path,65.834
pipeline,fast_path,65.125
pipeline,fast_path,66.000
pipeline,fast_path,64.833
pipeline,fast_path,67.666
pipeline,fast_path,68.500
pipeline,fast_path,63.500
pipeline,fast_path,62.375
pipeline,fast_path,64.583
pipeline,fast_path,64.250
pipeline,fast_path,66.500
pipeline,fast_path,63.625
pipeline,fast_path,61.792
pipeline,fast_path,62.625
pipeline,fast_path,63.125
pipeline,fast_path,62.500
pipeline,fast_path,63.000
pipeline,fast_path,93.542
pipeline,fast_path,100.291
pipeline,fast_path,71.042
pipeline,fast_path,66.125
pipeline,fast_path,65.167
pipeline,fast_path,64.791
pipeline,fast_path,63.875
pipeline,fast_path,64.208
pipeline,fast_path,63.041
pipeline,fast_path,63.791
pipeline,fast_path,63.792
pipeline,fast_path,62.917
pipeline,fast_path,63.875
pipeline,fast_path,61.291
pipeline,fast_path,63.875
pipeline,fast_path,63.250
pipeline,fast_path,63.875
pipeline,fast_path,63.417
pipeline,fast_path,63.125
pipeline,fast_path,63.250
pipeline,fast_path,110.041
pipeline,fast_path,78.541
pipeline,fast_path,68.625
pipeline,fast_path,67.583
pipeline,fast_path,65.833
pipeline,fast_path,66.125
pipeline,fast_path,63.709
pipeline,fast_path,64.208
pipeline,fast_path,64.750
pipeline,fast_path,64.417
pipeline,fast_path,63.125
pipeline,fast_path,63.375
pipeline,fast_path,63.750
pipeline,fast_path,62.709
pipeline,fast_path,63.667
pipeline,fast_path,65.458
pipeline,fast_path,64.250
pipeline,fast_path,63.541
pipeline,fast_path,63.666
pipeline,fast_path,63.458
pipeline,fast_path,94.416
pipeline,fast_path,71.791
pipeline,fast_path,69.291
pipeline,fast_path,67.750
pipeline,fast_path,65.500
pipeline,fast_path,65.791
pipeline,fast_path,63.334
pipeline,fast_path,64.792
pipeline,fast_path,64.208
pipeline,fast_path,62.500
pipeline,fast_path,64.417
pipeline,fast_path,64.167
pipeline,fast_path,65.042
pipeline,fast_path,64.000
pipeline,fast_path,62.375
pipeline,fast_path,64.709
pipeline,fast_path,65.875
pipeline,fast_path,62.875
pipeline,fast_path,61.750
pipeline,fast_path,63.667
pipeline,fast_path,101.666
pipeline,fast_path,78.084
pipeline,fast_path,69.750
pipeline,fast_path,67.625
pipeline,fast_path,65.875
pipeline,fast_path,64.833
pipeline,fast_path,64.292
pipeline,fast_path,62.250
pipeline,fast_path,63.500
pipeline,fast_path,63.666
pipeline,fast_path,64.000
pipeline,fast_path,62.166
pipeline,fast_path,63.750
pipeline,fast_path,63.125
pipeline,fast_path,63.542
pipeline,fast_path,62.917
pipeline,fast_path,62.375
pipeline,fast_path,62.291
pipeline,fast_path,63.458
pipeline,fast_path,61.542
pipeline,fast_path,90.792
pipeline,fast_path,71.875
pipeline,fast_path,67.417
pipeline,fast_path,67.250
pipeline,fast_path,65.916
pipeline,fast_path,65.041
pipeline,fast_path,64.250
pipeline,fast_path,64.417
pipeline,fast_path,62.709
pipeline,fast_path,63.750
pipeline,fast_path,64.000
pipeline,fast_path,65.958
pipeline,fast_path,65.583
pipeline,fast_path,63.292
pipeline,fast_path,63.583
pipeline,fast_path,63.334
pipeline,fast_path,68.167
pipeline,fast_path,60.792
pipeline,fast_path,62.291
pipeline,fast_path,61.000
pipeline,fast_path,99.417
pipeline,fast_path,76.042
pipeline,fast_path,67.000
pipeline,fast_path,66.917
pipeline,fast_path,66.625
pipeline,fast_path,63.625
pipeline,fast_path,64.542
pipeline,fast_path,64.542
pipeline,fast_path,62.875
pipeline,fast_path,65.834
pipeline,fast_path,64.541
pipeline,fast_path,63.000
pipeline,fast_path,63.791
pipeline,fast_path,63.083
pipeline,fast_path,62.583
pipeline,fast_path,64.208
pipeline,fast_path,65.666
pipeline,fast_path,60.333
pipeline,fast_path,63.416
pipeline,fast_path,67.375
pipeline,fast_path,101.667
pipeline,fast_path,72.708
pipeline,fast_path,68.417
pipeline,fast_path,67.250
pipeline,fast_path,65.458
pipeline,fast_path,63.916
pipeline,fast_path,65.417
pipeline,fast_path,64.833
pipeline,fast_path,64.500
pipeline,fast_path,63.958
pipeline,fast_path,64.375
pipeline,fast_path,64.833
pipeline,fast_path,64.625
pipeline,fast_path,64.083
pipeline,fast_path,66.000
pipeline,fast_path,65.000
pipeline,fast_path,63.875
pipeline,fast_path,63.166
pipeline,fast_path,61.625
pipeline,fast_path,64.958
pipeline,fast_path,97.667
pipeline,fast_path,72.166
pipeline,fast_path,69.958
pipeline,fast_path,66.959
pipeline,fast_path,65.000
pipeline,fast_path,66.125
pipeline,fast_path,66.500
pipeline,fast_path,66.417
pipeline,fast_path,65.167
pipeline,fast_path,66.084
pipeline,fast_path,64.750
pipeline,fast_path,64.500
pipeline,fast_path,63.750
pipeline,fast_path,63.209
pipeline,fast_path,63.958
pipeline,fast_path,93.125
pipeline,fast_path,66.250
pipeline,fast_path,65.041
pipeline,fast_path,64.417
pipeline,fast_path,62.583
pipeline,fast_path,97.916
pipeline,fast_path,72.125
pipeline,fast_path,68.583
pipeline,fast_path,66.458
pipeline,fast_path,64.875
pipeline,fast_path,65.583
pipeline,fast_path,65.875
pipeline,fast_path,65.625
pipeline,fast_path,63.958
pipeline,fast_path,64.709
pipeline,fast_path,64.875
pipeline,fast_path,64.416
pipeline,fast_path,63.667
pipeline,fast_path,63.708
pipeline,fast_path,64.125
pipeline,fast_path,64.292
pipeline,fast_path,62.791
pipeline,fast_path,62.791
pipeline,fast_path,61.125
pipeline,fast_path,64.333
pipeline,fast_path,94.958
pipeline,fast_path,71.334
pipeline,fast_path,66.958
pipeline,fast_path,68.583
pipeline,fast_path,67.917
pipeline,fast_path,65.458
pipeline,fast_path,63.750
pipeline,fast_path,64.375
pipeline,fast_path,62.625
pipeline,fast_path,63.542
pipeline,fast_path,65.333
pipeline,fast_path,63.500
pipeline,fast_path,64.292
pipeline,fast_path,62.959
pipeline,fast_path,63.458
pipeline,fast_path,62.583
pipeline,fast_path,62.833
pipeline,fast_path,61.334
pipeline,fast_path,63.083
pipeline,fast_path,64.458
pipeline,fast_path,97.291
pipeline,fast_path,72.666
pipeline,fast_path,68.750
pipeline,fast_path,67.000
pipeline,fast_path,65.875
pipeline,fast_path,64.209
pipeline,fast_path,65.041
pipeline,fast_path,67.000
pipeline,fast_path,67.583
pipeline,fast_path,64.250
pipeline,fast_path,64.958
pipeline,fast_path,63.625
pipeline,fast_path,65.333
pipeline,fast_path,62.833
pipeline,fast_path,64.417
pipeline,fast_path,63.791
pipeline,fast_path,64.667
pipeline,fast_path,66.667
pipeline,fast_path,62.334
pipeline,fast_path,63.333
pipeline,fast_path,95.958
pipeline,fast_path,72.458
pipeline,fast_path,68.167
pipeline,fast_path,66.000
pipeline,fast_path,71.208
pipeline,fast_path,72.750
pipeline,fast_path,64.375
pipeline,fast_path,65.875
pipeline,fast_path,64.584
pipeline,fast_path,62.750
pipeline,fast_path,65.292
pipeline,fast_path,62.584
pipeline,fast_path,67.625
pipeline,fast_path,61.667
pipeline,fast_path,63.625
pipeline,fast_path,64.916
pipeline,fast_path,63.625
pipeline,fast_path,63.333
pipeline,fast_path,62.958
pipeline,fast_path,63.875
pipeline,fast_path,94.125
pipeline,fast_path,71.250
pipeline,fast_path,67.792
pipeline,fast_path,64.625
pipeline,fast_path,64.166
pipeline,fast_path,65.958
pipeline,fast_path,64.875
pipeline,fast_path,66.750
pipeline,fast_path,67.334
pipeline,fast_path,64.542
pipeline,fast_path,63.208
pipeline,fast_path,64.500
pipeline,fast_path,62.292
pipeline,fast_path,63.875
pipeline,fast_path,63.208
pipeline,fast_path,63.416
pipeline,fast_path,67.250
pipeline,fast_path,63.166
pipeline,fast_path,62.583
pipeline,fast_path,63.417
pipeline,fast_path,91.709
pipeline,fast_path,70.125
pipeline,fast_path,67.833
pipeline,fast_path,67.625
pipeline,fast_path,66.208
pipeline,fast_path,65.000
pipeline,fast_path,66.000
pipeline,fast_path,64.042
pipeline,fast_path,64.833
pipeline,fast_path,64.250
pipeline,fast_path,63.917
pipeline,fast_path,68.125
pipeline,fast_path,65.500
pipeline,fast_path,63.542
pipeline,fast_path,63.709
pipeline,fast_path,64.083
pipeline,fast_path,62.833
pipeline,fast_path,63.083
pipeline,fast_path,62.250
pipeline,fast_path,63.834
pipeline,fast_path,93.875
pipeline,fast_path,72.625
pipeline,fast_path,68.375
pipeline,fast_path,66.709
pipeline,fast_path,66.875
pipeline,fast_path,66.000
pipeline,fast_path,68.875
pipeline,fast_path,67.875
pipeline,fast_path,63.709
pipeline,fast_path,64.417
pipeline,fast_path,63.958
pipeline,fast_path,63.833
pipeline,fast_path,63.042
pipeline,fast_path,62.917
pipeline,fast_path,63.500
pipeline,fast_path,63.791
pipeline,fast_path,64.417
pipeline,fast_path,65.667
pipeline,fast_path,63.333
pipeline,fast_path,63.125
pipeline,fast_path,111.542
pipeline,fast_path,77.208
pipeline,fast_path,70.250
pipeline,fast_path,66.917
pipeline,fast_path,63.917
pipeline,fast_path,64.250
pipeline,fast_path,65.125
pipeline,fast_path,64.458
pipeline,fast_path,91.833
pipeline,fast_path,66.417
pipeline,fast_path,65.417
pipeline,fast_path,65.500
pipeline,fast_path,62.583
pipeline,fast_path,63.500
pipeline,fast_path,64.209
pipeline,fast_path,64.000
pipeline,fast_path,61.708
pipeline,fast_path,63.417
pipeline,fast_path,63.750
pipeline,fast_path,64.041
pipeline,fast_path,90.334
pipeline,fast_path,71.000
pipeline,fast_path,68.958
pipeline,fast_path,65.333
pipeline,fast_path,64.375
pipeline,fast_path,64.666
pipeline,fast_path,62.584
pipeline,fast_path,66.667
pipeline,fast_path,67.000
pipeline,fast_path,63.375
pipeline,fast_path,63.708
pipeline,fast_path,63.667
pipeline,fast_path,62.709
pipeline,fast_path,61.625
pipeline,fast_path,62.625
pipeline,fast_path,66.833
pipeline,fast_path,66.958
pipeline,fast_path,69.833
pipeline,fast_path,63.083
pipeline,fast_path,63.584
pipeline,fast_path,90.917
pipeline,fast_path,74.834
pipeline,fast_path,68.167
pipeline,fast_path,65.541
pipeline,fast_path,68.792
pipeline,fast_path,63.916
pipeline,fast_path,63.666
pipeline,fast_path,64.333
pipeline,fast_path,63.834
pipeline,fast_path,64.167
pipeline,fast_path,64.208
pipeline,fast_path,62.792
pipeline,fast_path,63.959
pipeline,fast_path,62.875
pipeline,fast_path,63.208
pipeline,fast_path,62.916
pipeline,fast_path,62.833
pipeline,fast_path,62.709
pipeline,fast_path,62.250
pipeline,fast_path,63.459
pipeline,fast_path,106.125
pipeline,fast_path,80.208
pipeline,fast_path,73.209
pipeline,fast_path,65.375
pipeline,fast_path,66.125
pipeline,fast_path,65.375
pipeline,fast_path,63.458
pipeline,fast_path,65.125
pipeline,fast_path,67.042
pipeline,fast_path,63.875
pipeline,fast_path,64.083
pipeline,fast_path,64.500
pipeline,fast_path,64.750
pipeline,fast_path,63.625
pipeline,fast_path,64.209
pipeline,fast_path,62.542
pipeline,fast_path,63.333
pipeline,fast_path,63.250
pipeline,fast_path,63.458
pipeline,fast_path,63.000
pipeline,fast_path,92.625
pipeline,fast_path,72.500
pipeline,fast_path,66.458
pipeline,fast_path,66.167
pipeline,fast_path,65.666
pipeline,fast_path,66.042
pipeline,fast_path,64.042
pipeline,fast_path,63.333
pipeline,fast_path,63.583
pipeline,fast_path,63.958
pipeline,fast_path,64.000
pipeline,fast_path,64.125
pipeline,fast_path,64.167
pipeline,fast_path,63.666
pipeline,fast_path,63.916
pipeline,fast_path,63.584
pipeline,fast_path,62.833
pipeline,fast_path,63.209
pipeline,fast_path,62.666
pipeline,fast_path,62.833
pipeline,fast_path,96.291
pipeline,fast_path,75.833
pipeline,fast_path,70.208
pipeline,fast_path,67.459
pipeline,fast_path,65.333
pipeline,fast_path,66.166
pipeline,fast_path,64.417
pipeline,fast_path,64.917
pipeline,fast_path,63.083
pipeline,fast_path,67.500
pipeline,fast_path,78.375
pipeline,fast_path,72.333
pipeline,fast_path,68.167
pipeline,fast_path,64.916
pipeline,fast_path,64.583
pipeline,fast_path,63.708
pipeline,fast_path,62.833
pipeline,fast_path,62.959
pipeline,fast_path,62.792
pipeline,fast_path,63.708
pipeline,fast_path,102.750
pipeline,fast_path,73.458
pipeline,fast_path,67.417
pipeline,fast_path,67.667
pipeline,fast_path,66.542
pipeline,fast_path,66.541
pipeline,fast_path,65.583
pipeline,fast_path,64.417
pipeline,fast_path,68.917
pipeline,fast_path,63.708
pipeline,fast_path,64.833
pipeline,fast_path,63.750
pipeline,fast_path,64.459
pipeline,fast_path,69.584
pipeline,fast_path,110.333
pipeline,fast_path,89.291
pipeline,fast_path,70.083
pipeline,fast_path,67.709
pipeline,fast_path,77.042
pipeline,fast_path,71.459
pipeline,fast_path,95.792
pipeline,fast_path,76.542
pipeline,fast_path,78.041
pipeline,fast_path,73.250
pipeline,fast_path,68.917
pipeline,fast_path,77.500
pipeline,fast_path,77.792
pipeline,fast_path,68.125
pipeline,fast_path,63.791
pipeline,fast_path,64.250
pipeline,fast_path,63.625
pipeline,fast_path,64.458
pipeline,fast_path,63.917
pipeline,fast_path,63.208
pipeline,fast_path,64.042
pipeline,fast_path,63.667
pipeline,fast_path,68.250
pipeline,fast_path,64.209
pipeline,fast_path,61.542
pipeline,fast_path,63.667
pipeline,fast_path,100.917
pipeline,fast_path,107.708
pipeline,fast_path,72.750
pipeline,fast_path,67.375
pipeline,fast_path,68.375
pipeline,fast_path,67.083
pipeline,fast_path,70.708
pipeline,fast_path,79.750
pipeline,fast_path,67.417
pipeline,fast_path,63.708
pipeline,fast_path,65.208
pipeline,fast_path,64.500
pipeline,fast_path,62.208
pipeline,fast_path,63.416
pipeline,fast_path,63.250
pipeline,fast_path,69.958
pipeline,fast_path,67.000
pipeline,fast_path,62.250
pipeline,fast_path,63.125
pipeline,fast_path,63.750
pipeline,fast_path,108.584
pipeline,fast_path,79.666
pipeline,fast_path,75.583
pipeline,fast_path,71.084
pipeline,fast_path,71.625
pipeline,fast_path,83.500
pipeline,fast_path,67.625
pipeline,fast_path,65.000
pipeline,fast_path,64.792
pipeline,fast_path,65.042
pipeline,fast_path,64.584
pipeline,fast_path,64.541
pipeline,fast_path,65.125
pipeline,fast_path,63.667
pipeline,fast_path,65.625
pipeline,fast_path,64.666
pipeline,fast_path,64.167
pipeline,fast_path,63.834
pipeline,fast_path,64.000
pipeline,fast_path,64.583
pipeline,fast_path,91.250
pipeline,fast_path,72.083
pipeline,fast_path,66.792
pipeline,fast_path,67.084
pipeline,fast_path,64.000
pipeline,fast_path,65.500
pipeline,fast_path,64.625
pipeline,fast_path,64.250
pipeline,fast_path,63.833
pipeline,fast_path,64.292
pipeline,fast_path,64.541
pipeline,fast_path,64.209
pipeline,fast_path,64.666
pipeline,fast_path,63.083
pipeline,fast_path,68.584
pipeline,fast_path,63.250
pipeline,fast_path,64.208
pipeline,fast_path,64.584
pipeline,fast_path,62.917
pipeline,fast_path,66.625
pipeline,fast_path,96.792
pipeline,fast_path,73.375
pipeline,fast_path,69.333
pipeline,fast_path,67.125
pipeline,fast_path,67.167
pipeline,fast_path,67.042
pipeline,fast_path,65.833
pipeline,fast_path,65.125
pipeline,fast_path,65.000
pipeline,fast_path,64.959
pipeline,fast_path,63.666
pipeline,fast_path,66.708
pipeline,fast_path,64.000
pipeline,fast_path,68.750
pipeline,fast_path,63.833
pipeline,fast_path,64.417
pipeline,fast_path,64.083
pipeline,fast_path,61.917
pipeline,fast_path,62.291
pipeline,fast_path,63.208
pipeline,fast_path,91.166
pipeline,fast_path,73.500
pipeline,fast_path,70.083
pipeline,fast_path,71.708
pipeline,fast_path,66.750
pipeline,fast_path,65.875
pipeline,fast_path,64.958
pipeline,fast_path,68.500
pipeline,fast_path,67.292
pipeline,fast_path,65.834
pipeline,fast_path,64.667
pipeline,fast_path,64.500
pipeline,fast_path,65.458
pipeline,fast_path,64.875
pipeline,fast_path,63.834
pipeline,fast_path,65.125
pipeline,fast_path,62.333
pipeline,fast_path,64.125
pipeline,fast_path,67.875
pipeline,fast_path,67.208
pipeline,fast_path,97.416
pipeline,fast_path,73.125
pipeline,fast_path,66.500
pipeline,fast_path,66.500
pipeline,fast_path,66.208
pipeline,fast_path,66.083
pipeline,fast_path,66.042
pipeline,fast_path,65.417
pipeline,fast_path,64.500
pipeline,fast_path,64.208
pipeline,fast_path,68.375
pipeline,fast_path,63.583
pipeline,fast_path,63.625
pipeline,fast_path,63.125
pipeline,fast_path,64.416
pipeline,fast_path,64.584
pipeline,fast_path,63.000
pipeline,fast_path,63.209
pipeline,fast_path,62.500
pipeline,fast_path,63.167
pipeline,fast_path,100.292
pipeline,fast_path,68.000
pipeline,fast_path,66.542
pipeline,fast_path,65.458
pipeline,fast_path,65.791
pipeline,fast_path,67.792
pipeline,fast_path,64.833
pipeline,fast_path,65.208
pipeline,fast_path,64.208
pipeline,fast_path,64.459
pipeline,fast_path,64.125
pipeline,fast_path,63.584
pipeline,fast_path,64.584
pipeline,fast_path,63.375
pipeline,fast_path,63.750
pipeline,fast_path,62.667
pipeline,fast_path,62.292
pipeline,fast_path,62.417
pipeline,fast_path,63.750
pipeline,fast_path,64.209
pipeline,fast_path,98.959
pipeline,fast_path,73.500
pipeline,fast_path,69.583
pipeline,fast_path,68.250
pipeline,fast_path,67.291
pipeline,fast_path,66.000
pipeline,fast_path,65.333
pipeline,fast_path,66.500
pipeline,fast_path,65.250
pipeline,fast_path,64.875
pipeline,fast_path,63.000
pipeline,fast_path,65.292
pipeline,fast_path,65.959
pipeline,fast_path,65.000
pipeline,fast_path,64.625
pipeline,fast_path,93.667
pipeline,fast_path,65.958
pipeline,fast_path,64.833
pipeline,fast_path,63.958
pipeline,fast_path,65.000
pipeline,fast_path,93.833
pipeline,fast_path,70.042
pipeline,fast_path,67.750
pipeline,fast_path,65.458
pipeline,fast_path,66.875
pipeline,fast_path,65.542
pipeline,fast_path,64.708
pipeline,fast_path,65.667
pipeline,fast_path,63.667
pipeline,fast_path,64.459
pipeline,fast_path,63.625
pipeline,fast_path,63.667
pipeline,fast_path,63.667
pipeline,fast_path,63.584
pipeline,fast_path,63.125
pipeline,fast_path,63.333
pipeline,fast_path,62.000
pipeline,fast_path,66.792
pipeline,fast_path,64.750
pipeline,fast_path,63.250
pipeline,fast_path,102.042
pipeline,fast_path,73.792
pipeline,fast_path,70.334
pipeline,fast_path,67.959
pipeline,fast_path,67.958
pipeline,fast_path,66.458
pipeline,fast_path,63.375
pipeline,fast_path,65.833
pipeline,fast_path,64.083
pipeline,fast_path,65.583
pipeline,fast_path,64.708
pipeline,fast_path,67.875
pipeline,fast_path,64.208
pipeline,fast_path,63.500
pipeline,fast_path,64.500
pipeline,fast_path,65.125
pipeline,fast_path,63.875
pipeline,fast_path,63.292
pipeline,fast_path,64.000
pipeline,fast_path,64.625
pipeline,fast_path,102.291
pipeline,fast_path,74.958
pipeline,fast_path,71.584
pipeline,fast_path,66.875
pipeline,fast_path,69.833
pipeline,fast_path,66.458
pipeline,fast_path,63.375
pipeline,fast_path,66.250
pipeline,fast_path,64.417
pipeline,fast_path,70.916
pipeline,fast_path,64.458
pipeline,fast_path,64.209
pipeline,fast_path,64.875
pipeline,fast_path,65.500
pipeline,fast_path,64.791
pipeline,fast_path,64.167
pipeline,fast_path,64.334
pipeline,fast_path,63.958
pipeline,fast_path,64.125
pipeline,fast_path,65.125
pipeline,fast_path,90.541
pipeline,fast_path,72.125
pipeline,fast_path,69.209
pipeline,fast_path,72.917
pipeline,fast_path,67.000
pipeline,fast_path,66.541
pipeline,fast_path,64.708
pipeline,fast_path,65.791
pipeline,fast_path,65.083
pipeline,fast_path,64.750
pipeline,fast_path,64.833
pipeline,fast_path,63.792
pipeline,fast_path,62.958
pipeline,fast_path,64.458
pipeline,fast_path,63.833
pipeline,fast_path,63.708
pipeline,fast_path,63.708
pipeline,fast_path,63.125
pipeline,fast_path,62.125
pipeline,fast_path,66.625
pipeline,fast_path,93.458
pipeline,fast_path,68.541
pipeline,fast_path,67.042
pipeline,fast_path,66.458
pipeline,fast_path,64.000
pipeline,fast_path,65.291
pipeline,fast_path,64.333
pipeline,fast_path,64.625
pipeline,fast_path,64.250
pipeline,fast_path,64.333
pipeline,fast_path,66.750
pipeline,fast_path,64.125
pipeline,fast_path,65.667
pipeline,fast_path,62.875
pipeline,fast_path,63.792
pipeline,fast_path,63.209
pipeline,fast_path,63.500
pipeline,fast_path,62.708
pipeline,fast_path,63.250
pipeline,fast_path,63.500
pipeline,fast_path,102.750
pipeline,fast_path,72.041
pipeline,fast_path,68.167
pipeline,fast_path,68.167
pipeline,fast_path,66.917
pipeline,fast_path,66.583
pipeline,fast_path,66.791
pipeline,fast_path,66.375
pipeline,fast_path,64.209
pipeline,fast_path,65.333
pipeline,fast_path,65.042
pipeline,fast_path,63.375
pipeline,fast_path,65.042
pipeline,fast_path,63.959
pipeline,fast_path,64.875
pipeline,fast_path,64.917
pipeline,fast_path,64.167
pipeline,fast_path,63.125
pipeline,fast_path,63.791
pipeline,fast_path,63.916
pipeline,fast_path,90.875
pipeline,fast_path,72.375
pipeline,fast_path,66.541
pipeline,fast_path,64.125
pipeline,fast_path,64.625
pipeline,fast_path,65.541
pipeline,fast_path,62.125
pipeline,fast_path,64.584
pipeline,fast_path,67.709
pipeline,fast_path,64.000
pipeline,fast_path,64.333
pipeline,fast_path,63.167
pipeline,fast_path,64.458
pipeline,fast_path,66.709
pipeline,fast_path,64.083
pipeline,fast_path,63.792
pipeline,fast_path,63.833
pipeline,fast_path,63.041
pipeline,fast_path,62.791
pipeline,fast_path,63.083
pipeline,fast_path,92.958
pipeline,fast_path,71.417
pipeline,fast_path,68.041
pipeline,fast_path,66.209
pipeline,fast_path,64.583
pipeline,fast_path,66.000
pipeline,fast_path,66.167
pipeline,fast_path,65.875
pipeline,fast_path,232.792
pipeline,fast_path,67.875
pipeline,fast_path,66.333
pipeline,fast_path,69.084
pipeline,fast_path,65.083
pipeline,fast_path,63.375
pipeline,fast_path,64.166
pipeline,fast_path,63.708
pipeline,fast_path,62.042
pipeline,fast_path,65.541
pipeline,fast_path,65.625
pipeline,fast_path,63.958
pipeline,fast_path,96.292
pipeline,fast_path,73.250
pipeline,fast_path,69.833
pipeline,fast_path,68.000
pipeline,fast_path,67.208
pipeline,fast_path,65.833
pipeline,fast_path,66.583
pipeline,fast_path,66.583
pipeline,fast_path,63.458
pipeline,fast_path,65.042
pipeline,fast_path,65.583
pipeline,fast_path,64.083
pipeline,fast_path,64.375
pipeline,fast_path,63.584
pipeline,fast_path,64.250
pipeline,fast_path,63.334
pipeline,fast_path,65.000
pipeline,fast_path,64.042
pipeline,fast_path,64.500
pipeline,fast_path,64.167
pipeline,fast_path,95.792
pipeline,fast_path,73.917
pipeline,fast_path,69.167
pipeline,fast_path,70.625
pipeline,fast_path,66.334
pipeline,fast_path,64.167
pipeline,fast_path,65.917
pipeline,fast_path,66.333
pipeline,fast_path,67.333
pipeline,fast_path,64.125
pipeline,fast_path,64.333
pipeline,fast_path,64.750
pipeline,fast_path,64.417
pipeline,fast_path,64.291
pipeline,fast_path,64.125
pipeline,fast_path,64.125
pipeline,fast_path,62.917
pipeline,fast_path,62.750
pipeline,fast_path,62.750
pipeline,fast_path,63.541
pipeline,fast_path,98.791
pipeline,fast_path,75.583
pipeline,fast_path,71.917
pipeline,fast_path,67.708
pipeline,fast_path,66.916
pipeline,fast_path,66.625
pipeline,fast_path,66.459
pipeline,fast_path,66.291
pipeline,fast_path,63.959
pipeline,fast_path,66.541
pipeline,fast_path,71.333
pipeline,fast_path,68.625
pipeline,fast_path,63.542
pipeline,fast_path,64.208
pipeline,fast_path,63.291
pipeline,fast_path,64.791
pipeline,fast_path,65.208
pipeline,fast_path,63.083
pipeline,fast_path,64.292
pipeline,fast_path,65.459
pipeline,fast_path,97.333
pipeline,fast_path,71.583
pipeline,fast_path,68.083
pipeline,fast_path,65.958
pipeline,fast_path,65.875
pipeline,fast_path,65.375
pipeline,fast_path,64.125
pipeline,fast_path,65.625
pipeline,fast_path,64.750
pipeline,fast_path,65.125
pipeline,fast_path,63.833
pipeline,fast_path,63.916
pipeline,fast_path,63.750
pipeline,fast_path,64.541
pipeline,fast_path,66.833
pipeline,fast_path,63.959
pipeline,fast_path,74.500
pipeline,fast_path,67.083
pipeline,fast_path,63.583
pipeline,fast_path,63.625
pipeline,fast_path,96.416
pipeline,fast_path,75.584
pipeline,fast_path,69.584
pipeline,fast_path,67.292
pipeline,fast_path,66.459
pipeline,fast_path,66.959
pipeline,fast_path,66.625
pipeline,fast_path,65.792
pipeline,fast_path,64.584
pipeline,fast_path,65.167
pipeline,fast_path,65.750
pipeline,fast_path,66.167
pipeline,fast_path,64.625
pipeline,fast_path,64.916
pipeline,fast_path,64.667
pipeline,fast_path,65.291
pipeline,fast_path,63.541
pipeline,fast_path,64.083
pipeline,fast_path,64.041
pipeline,fast_path,64.458
pipeline,fast_path,98.625
pipeline,fast_path,70.958
pipeline,fast_path,68.459
pipeline,fast_path,66.458
pipeline,fast_path,65.167
pipeline,fast_path,65.958
pipeline,fast_path,63.875
pipeline,fast_path,65.084
pipeline,fast_path,63.667
pipeline,fast_path,64.541
pipeline,fast_path,64.667
pipeline,fast_path,63.375
pipeline,fast_path,63.084
pipeline,fast_path,64.167
pipeline,fast_path,64.583
pipeline,fast_path,64.125
pipeline,fast_path,63.667
pipeline,fast_path,63.375
pipeline,fast_path,63.000
pipeline,fast_path,61.708
pipeline,fast_path,101.375
pipeline,fast_path,74.375
pipeline,fast_path,69.833
pipeline,fast_path,68.125
pipeline,fast_path,67.083
pipeline,fast_path,64.625
pipeline,fast_path,66.208
pipeline,fast_path,65.709
pipeline,fast_path,64.167
pipeline,fast_path,64.834
pipeline,fast_path,64.209
pipeline,fast_path,63.416
pipeline,fast_path,64.959
pipeline,fast_path,65.042
pipeline,fast_path,64.792
pipeline,fast_path,64.542
pipeline,fast_path,64.291
pipeline,fast_path,63.042
pipeline,fast_path,63.416
pipeline,fast_path,64.000
pipeline,fast_path,99.125
pipeline,fast_path,95.542
pipeline,fast_path,72.208
pipeline,fast_path,70.750
pipeline,fast_path,65.625
pipeline,fast_path,64.875
pipeline,fast_path,65.584
pipeline,fast_path,63.833
pipeline,fast_path,63.208
pipeline,fast_path,65.000
pipeline,fast_path,64.708
pipeline,fast_path,64.542
pipeline,fast_path,64.625
pipeline,fast_path,63.875
pipeline,fast_path,63.625
pipeline,fast_path,63.208
pipeline,fast_path,68.333
pipeline,fast_path,64.292
pipeline,fast_path,64.834
pipeline,fast_path,73.042
pipeline,fast_path,94.042
pipeline,fast_path,73.291
pipeline,fast_path,69.583
pipeline,fast_path,66.500
pipeline,fast_path,65.375
pipeline,fast_path,65.417
pipeline,fast_path,64.625
pipeline,fast_path,72.625
pipeline,fast_path,67.750
pipeline,fast_path,64.916
pipeline,fast_path,65.125
pipeline,fast_path,64.291
pipeline,fast_path,62.083
pipeline,fast_path,63.583
pipeline,fast_path,63.959
pipeline,fast_path,63.208
pipeline,fast_path,63.791
pipeline,fast_path,64.208
pipeline,fast_path,62.750
pipeline,fast_path,62.500
pipeline,fast_path,93.584
pipeline,fast_path,72.500
pipeline,fast_path,69.000
pipeline,fast_path,65.792
pipeline,fast_path,65.000
pipeline,fast_path,65.042
pipeline,fast_path,65.458
pipeline,fast_path,67.125
pipeline,fast_path,67.333
pipeline,fast_path,62.625
pipeline,fast_path,64.416
pipeline,fast_path,63.667
pipeline,fast_path,64.208
pipeline,fast_path,62.791
pipeline,fast_path,62.083
pipeline,fast_path,63.333
pipeline,fast_path,61.084
pipeline,fast_path,63.084
pipeline,fast_path,62.167
pipeline,fast_path,62.208
pipeline,fast_path,89.666
pipeline,fast_path,70.959
pipeline,fast_path,66.750
pipeline,fast_path,66.375
pipeline,fast_path,64.958
pipeline,fast_path,62.750
pipeline,fast_path,64.166
pipeline,fast_path,67.166
pipeline,fast_path,63.125
pipeline,fast_path,64.500
pipeline,fast_path,63.417
pipeline,fast_path,63.958
pipeline,fast_path,63.625
pipeline,fast_path,63.000
pipeline,fast_path,63.416
pipeline,fast_path,63.417
pipeline,fast_path,62.834
pipeline,fast_path,63.000
pipeline,fast_path,62.000
pipeline,fast_path,61.542
pipeline,fast_path,97.625
pipeline,fast_path,73.125
pipeline,fast_path,69.583
pipeline,fast_path,66.834
pipeline,fast_path,64.458
pipeline,fast_path,65.500
pipeline,fast_path,68.125
pipeline,fast_path,64.917
pipeline,fast_path,64.375
pipeline,fast_path,64.500
pipeline,fast_path,64.709
pipeline,fast_path,63.500
pipeline,fast_path,62.916
pipeline,fast_path,69.375
pipeline,fast_path,64.833
pipeline,fast_path,64.625
pipeline,fast_path,63.917
pipeline,fast_path,62.833
pipeline,fast_path,63.250
pipeline,fast_path,62.375
pipeline,fast_path,98.334
pipeline,fast_path,76.500
pipeline,fast_path,71.000
pipeline,fast_path,69.042
pipeline,fast_path,66.625
pipeline,fast_path,65.916
pipeline,fast_path,62.708
pipeline,fast_path,65.459
pipeline,fast_path,63.333
pipeline,fast_path,64.458
pipeline,fast_path,63.875
pipeline,fast_path,63.250
pipeline,fast_path,63.917
pipeline,fast_path,62.166
pipeline,fast_path,63.209
pipeline,fast_path,63.334
pipeline,fast_path,63.417
pipeline,fast_path,63.333
pipeline,fast_path,62.916
pipeline,fast_path,63.875
pipeline,fast_path,93.000
pipeline,fast_path,74.167
pipeline,fast_path,69.166
pipeline,fast_path,67.666
pipeline,fast_path,67.042
pipeline,fast_path,65.750
pipeline,fast_path,65.250
pipeline,fast_path,65.625
pipeline,fast_path,64.792
pipeline,fast_path,64.208
pipeline,fast_path,64.791
pipeline,fast_path,63.500
pipeline,fast_path,64.291
pipeline,fast_path,64.583
pipeline,fast_path,64.083
pipeline,fast_path,64.209
pipeline,fast_path,65.125
pipeline,fast_path,63.875
pipeline,fast_path,64.583
pipeline,fast_path,63.875
pipeline,fast_path,91.917
pipeline,fast_path,72.209
pipeline,fast_path,66.667
pipeline,fast_path,67.292
pipeline,fast_path,66.375
pipeline,fast_path,65.667
pipeline,fast_path,65.792
pipeline,fast_path,64.417
pipeline,fast_path,65.250
pipeline,fast_path,65.000
pipeline,fast_path,68.666
pipeline,fast_path,64.625
pipeline,fast_path,63.792
pipeline,fast_path,62.125
pipeline,fast_path,64.125
pipeline,fast_path,88.000
pipeline,fast_path,65.417
pipeline,fast_path,62.209
pipeline,fast_path,63.416
pipeline,fast_path,63.958
pipeline,fast_path,94.916
pipeline,fast_path,70.041
pipeline,fast_path,67.125
pipeline,fast_path,64.250
pipeline,fast_path,64.208
pipeline,fast_path,63.875
pipeline,fast_path,63.042
pipeline,fast_path,64.875
pipeline,fast_path,64.583
pipeline,fast_path,64.500
pipeline,fast_path,63.917
pipeline,fast_path,64.250
pipeline,fast_path,63.417
pipeline,fast_path,63.000
pipeline,fast_path,63.208
pipeline,fast_path,63.625
pipeline,fast_path,61.333
pipeline,fast_path,62.708
pipeline,fast_path,62.459
pipeline,fast_path,63.250
pipeline,fast_path,98.916
pipeline,fast_path,71.625
pipeline,fast_path,66.958
pipeline,fast_path,64.125
pipeline,fast_path,65.750
pipeline,fast_path,63.458
pipeline,fast_path,64.459
pipeline,fast_path,64.417
pipeline,fast_path,64.333
pipeline,fast_path,62.833
pipeline,fast_path,63.708
pipeline,fast_path,63.750
pipeline,fast_path,64.125
pipeline,fast_path,63.459
pipeline,fast_path,62.792
pipeline,fast_path,62.875
pipeline,fast_path,61.917
pipeline,fast_path,62.292
pipeline,fast_path,62.208
pipeline,fast_path,63.083
pipeline,fast_path,93.625
pipeline,fast_path,69.583
pipeline,fast_path,66.708
pipeline,fast_path,65.125
pipeline,fast_path,64.084
pipeline,fast_path,64.750
pipeline,fast_path,63.459
pipeline,fast_path,64.333
pipeline,fast_path,62.750
pipeline,fast_path,63.084
pipeline,fast_path,61.917
pipeline,fast_path,63.583
pipeline,fast_path,62.917
pipeline,fast_path,63.083
pipeline,fast_path,62.625
pipeline,fast_path,64.750
pipeline,fast_path,72.291
pipeline,fast_path,66.208
pipeline,fast_path,61.334
pipeline,fast_path,63.416
pipeline,fast_path,103.500
pipeline,fast_path,73.708
pipeline,fast_path,70.875
pipeline,fast_path,67.792
pipeline,fast_path,65.792
pipeline,fast_path,65.125
pipeline,fast_path,65.250
pipeline,fast_path,64.333
pipeline,fast_path,64.792
pipeline,fast_path,64.083
pipeline,fast_path,64.250
pipeline,fast_path,67.000
pipeline,fast_path,64.708
pipeline,fast_path,66.208
pipeline,fast_path,68.042
pipeline,fast_path,64.417
pipeline,fast_path,62.958
pipeline,fast_path,63.458
pipeline,fast_path,62.666
pipeline,fast_path,63.750
pipeline,fast_path,100.000
pipeline,fast_path,74.084
pipeline,fast_path,71.916
pipeline,fast_path,67.333
pipeline,fast_path,65.583
pipeline,fast_path,65.375
pipeline,fast_path,64.959
pipeline,fast_path,65.125
pipeline,fast_path,64.250
pipeline,fast_path,64.959
pipeline,fast_path,65.917
pipeline,fast_path,63.541
pipeline,fast_path,64.792
pipeline,fast_path,68.334
pipeline,fast_path,64.791
pipeline,fast_path,62.584
pipeline,fast_path,62.333
pipeline,fast_path,62.333
pipeline,fast_path,63.500
pipeline,fast_path,63.750
pipeline,fast_path,89.375
pipeline,fast_path,72.250
pipeline,fast_path,67.125
pipeline,fast_path,66.917
pipeline,fast_path,64.583
pipeline,fast_path,65.667
pipeline,fast_path,62.834
pipeline,fast_path,64.959
pipeline,fast_path,64.208
pipeline,fast_path,64.958
pipeline,fast_path,64.584
pipeline,fast_path,64.375
pipeline,fast_path,63.417
pipeline,fast_path,63.000
pipeline,fast_path,63.083
pipeline,fast_path,65.042
pipeline,fast_path,62.667
pipeline,fast_path,62.834
pipeline,fast_path,63.250
pipeline,fast_path,66.709
pipeline,fast_path,99.542
pipeline,fast_path,72.292
pipeline,fast_path,67.500
pipeline,fast_path,65.334
pipeline,fast_path,65.208
pipeline,fast_path,65.750
pipeline,fast_path,64.583
pipeline,fast_path,66.292
pipeline,fast_path,64.334
pipeline,fast_path,67.041
pipeline,fast_path,67.417
pipeline,fast_path,63.000
pipeline,fast_path,63.375
pipeline,fast_path,63.042
pipeline,fast_path,63.250
pipeline,fast_path,62.458
pipeline,fast_path,62.583
pipeline,fast_path,62.000
pipeline,fast_path,62.333
pipeline,fast_path,62.500
pipeline,fast_path,87.667
pipeline,fast_path,69.375
pipeline,fast_path,66.583
pipeline,fast_path,64.375
pipeline,fast_path,63.542
pipeline,fast_path,64.708
pipeline,fast_path,63.375
pipeline,fast_path,64.041
pipeline,fast_path,89.084
pipeline,fast_path,63.042
pipeline,fast_path,63.625
pipeline,fast_path,63.375
pipeline,fast_path,61.750
pipeline,fast_path,63.208
pipeline,fast_path,63.125
pipeline,fast_path,62.917
pipeline,fast_path,62.875
pipeline,fast_path,62.875
pipeline,fast_path,62.542
pipeline,fast_path,62.416
pipeline,fast_path,97.792
pipeline,fast_path,69.791
pipeline,fast_path,68.042
pipeline,fast_path,66.792
pipeline,fast_path,63.500
pipeline,fast_path,65.000
pipeline,fast_path,64.916
pipeline,fast_path,64.708
pipeline,fast_path,63.208
pipeline,fast_path,62.792
pipeline,fast_path,63.375
pipeline,fast_path,64.083
pipeline,fast_path,62.667
pipeline,fast_path,63.792
pipeline,fast_path,63.917
pipeline,fast_path,64.042
pipeline,fast_path,63.042
pipeline,fast_path,63.250
pipeline,fast_path,63.166
pipeline,fast_path,62.541
pipeline,fast_path,101.833
pipeline,fast_path,74.083
pipeline,fast_path,69.666
pipeline,fast_path,65.208
pipeline,fast_path,65.375
pipeline,fast_path,66.792
pipeline,fast_path,64.583
pipeline,fast_path,66.041
pipeline,fast_path,64.209
pipeline,fast_path,64.208
pipeline,fast_path,64.625
pipeline,fast_path,64.125
pipeline,fast_path,62.958
pipeline,fast_path,64.584
pipeline,fast_path,67.625
pipeline,fast_path,64.125
pipeline,fast_path,63.250
pipeline,fast_path,62.709
pipeline,fast_path,63.208
pipeline,fast_path,63.083
pipeline,fast_path,95.292
pipeline,fast_path,71.750
pipeline,fast_path,65.792
pipeline,fast_path,66.000
pipeline,fast_path,65.417
pipeline,fast_path,64.000
pipeline,fast_path,63.875
pipeline,fast_path,62.458
pipeline,fast_path,64.167
pipeline,fast_path,64.459
pipeline,fast_path,62.333
pipeline,fast_path,61.208
pipeline,fast_path,64.250
pipeline,fast_path,66.125
pipeline,fast_path,62.500
pipeline,fast_path,64.458
pipeline,fast_path,61.167
pipeline,fast_path,63.375
pipeline,fast_path,63.291
pipeline,fast_path,62.833
pipeline,fast_path,83.375
pipeline,fast_path,72.000
pipeline,fast_path,66.959
pipeline,fast_path,64.917
pipeline,fast_path,64.375
pipeline,fast_path,64.875
pipeline,fast_path,63.125
pipeline,fast_path,63.667
pipeline,fast_path,63.708
pipeline,fast_path,64.666
pipeline,fast_path,63.500
pipeline,fast_path,63.208
pipeline,fast_path,63.833
pipeline,fast_path,61.542
pipeline,fast_path,63.334
pipeline,fast_path,65.541
pipeline,fast_path,64.042
pipeline,fast_path,62.750
pipeline,fast_path,63.292
pipeline,fast_path,64.250
pipeline,fast_path,93.958
pipeline,fast_path,70.875
pipeline,fast_path,69.000
pipeline,fast_path,66.750
pipeline,fast_path,65.208
pipeline,fast_path,66.542
pipeline,fast_path,64.000
pipeline,fast_path,64.667
pipeline,fast_path,64.292
pipeline,fast_path,63.917
pipeline,fast_path,64.084
pipeline,fast_path,63.084
pipeline,fast_path,63.917
pipeline,fast_path,61.875
pipeline,fast_path,64.333
pipeline,fast_path,65.500
pipeline,fast_path,62.000
pipeline,fast_path,63.125
pipeline,fast_path,61.459
pipeline,fast_path,63.625
pipeline,fast_path,105.750
pipeline,fast_path,75.792
pipeline,fast_path,70.375
pipeline,fast_path,69.666
pipeline,fast_path,71.042
pipeline,fast_path,65.208
pipeline,fast_path,64.875
pipeline,fast_path,64.958
pipeline,fast_path,64.375
pipeline,fast_path,65.500
pipeline,fast_path,64.458
pipeline,fast_path,63.834
pipeline,fast_path,64.917
pipeline,fast_path,64.167
pipeline,fast_path,63.084
pipeline,fast_path,64.333
pipeline,fast_path,63.583
pipeline,fast_path,64.375
pipeline,fast_path,62.917
pipeline,fast_path,63.916
pipeline,fast_path,93.041
pipeline,fast_path,72.667
pipeline,fast_path,68.917
pipeline,fast_path,65.875
pipeline,fast_path,64.875
pipeline,fast_path,64.750
pipeline,fast_path,64.167
pipeline,fast_path,63.125
pipeline,fast_path,63.959
pipeline,fast_path,62.542
pipeline,fast_path,64.792
pipeline,fast_path,63.500
pipeline,fast_path,72.708
pipeline,fast_path,66.750
pipeline,fast_path,63.000
pipeline,fast_path,63.917
pipeline,fast_path,63.709
pipeline,fast_path,63.709
pipeline,fast_path,63.916
pipeline,fast_path,62.375
pipeline,fast_path,102.500
pipeline,fast_path,99.500
pipeline,fast_path,70.625
pipeline,fast_path,66.917
pipeline,fast_path,65.708
pipeline,fast_path,65.708
pipeline,fast_path,65.417
pipeline,fast_path,64.333
pipeline,fast_path,63.042
pipeline,fast_path,69.041
pipeline,fast_path,64.834
pipeline,fast_path,63.750
pipeline,fast_path,64.042
pipeline,fast_path,62.833
pipeline,fast_path,63.250
pipeline,fast_path,63.542
pipeline,fast_path,62.792
pipeline,fast_path,62.833
pipeline,fast_path,62.375
pipeline,fast_path,63.083
pipeline,fast_path,94.417
pipeline,fast_path,72.500
pipeline,fast_path,68.583
pipeline,fast_path,65.875
pipeline,fast_path,63.792
pipeline,fast_path,64.917
pipeline,fast_path,63.208
pipeline,fast_path,62.125
pipeline,fast_path,63.542
pipeline,fast_path,63.042
pipeline,fast_path,63.875
pipeline,fast_path,62.833
pipeline,fast_path,64.125
pipeline,fast_path,62.709
pipeline,fast_path,62.500
pipeline,fast_path,64.083
pipeline,fast_path,63.166
pipeline,fast_path,62.334
pipeline,fast_path,62.459
pipeline,fast_path,63.458
pipeline,fast_path,90.625
pipeline,fast_path,73.792
pipeline,fast_path,67.917
pipeline,fast_path,65.292
pipeline,fast_path,63.625
pipeline,fast_path,64.750
pipeline,fast_path,63.833
pipeline,fast_path,63.709
pipeline,fast_path,62.917
pipeline,fast_path,62.916
pipeline,fast_path,63.500
pipeline,fast_path,62.375
pipeline,fast_path,62.875
pipeline,fast_path,62.458
pipeline,fast_path,62.583
pipeline,fast_path,63.041
pipeline,fast_path,62.750
pipeline,fast_path,62.250
pipeline,fast_path,61.959
pipeline,fast_path,61.334
pipeline,fast_path,93.625
pipeline,fast_path,69.250
pipeline,fast_path,65.125
pipeline,fast_path,64.458
pipeline,fast_path,64.583
pipeline,fast_path,64.791
pipeline,fast_path,64.625
pipeline,fast_path,63.208
pipeline,fast_path,63.042
pipeline,fast_path,62.667
pipeline,fast_path,62.250
pipeline,fast_path,62.542
pipeline,fast_path,63.292
pipeline,fast_path,62.209
pipeline,fast_path,62.750
pipeline,fast_path,61.417
pipeline,fast_path,62.959
pipeline,fast_path,62.041
pipeline,fast_path,62.041
pipeline,fast_path,62.125
pipeline,fast_path,96.125
pipeline,fast_path,71.459
pipeline,fast_path,72.125
pipeline,fast_path,66.917
pipeline,fast_path,68.417
pipeline,fast_path,65.583
pipeline,fast_path,64.833
pipeline,fast_path,64.584
pipeline,fast_path,63.750
pipeline,fast_path,63.416
pipeline,fast_path,63.583
pipeline,fast_path,62.959
pipeline,fast_path,63.916
pipeline,fast_path,61.791
pipeline,fast_path,62.041
pipeline,fast_path,63.375
pipeline,fast_path,63.416
pipeline,fast_path,63.667
pipeline,fast_path,62.792
pipeline,fast_path,63.541
pipeline,fast_path,99.834
pipeline,fast_path,72.834
pipeline,fast_path,69.042
pipeline,fast_path,66.417
pipeline,fast_path,64.333
pipeline,fast_path,64.166
pipeline,fast_path,64.292
pipeline,fast_path,62.250
pipeline,fast_path,63.917
pipeline,fast_path,64.917
pipeline,fast_path,64.334
pipeline,fast_path,66.458
pipeline,fast_path,62.917
pipeline,fast_path,63.208
pipeline,fast_path,61.250
pipeline,fast_path,64.416
pipeline,fast_path,63.166
pipeline,fast_path,63.125
pipeline,fast_path,62.292
pipeline,fast_path,62.791
pipeline,fast_path,117.833
pipeline,fast_path,79.250
pipeline,fast_path,70.458
pipeline,fast_path,68.250
pipeline,fast_path,67.416
pipeline,fast_path,66.333
pipeline,fast_path,65.750
pipeline,fast_path,65.333
pipeline,fast_path,65.167
pipeline,fast_path,63.916
pipeline,fast_path,66.083
pipeline,fast_path,64.000
pipeline,fast_path,64.417
pipeline,fast_path,63.625
pipeline,fast_path,64.083
pipeline,fast_path,68.417
pipeline,fast_path,63.000
pipeline,fast_path,61.917
pipeline,fast_path,62.250
pipeline,fast_path,63.125
pipeline,fast_path,96.750
pipeline,fast_path,74.708
pipeline,fast_path,66.291
pipeline,fast_path,72.250
pipeline,fast_path,73.708
pipeline,fast_path,70.417
pipeline,fast_path,67.334
pipeline,fast_path,66.500
pipeline,fast_path,64.666
pipeline,fast_path,63.500
pipeline,fast_path,76.542
pipeline,fast_path,63.167
pipeline,fast_path,63.000
pipeline,fast_path,62.584
pipeline,fast_path,65.708
pipeline,fast_path,91.125
pipeline,fast_path,63.333
pipeline,fast_path,63.166
pipeline,fast_path,68.375
pipeline,fast_path,64.666
pipeline,fast_path,95.958
pipeline,fast_path,71.209
pipeline,fast_path,66.125
pipeline,fast_path,65.750
pipeline,fast_path,63.792
pipeline,fast_path,66.000
pipeline,fast_path,63.917
pipeline,fast_path,64.333
pipeline,fast_path,62.875
pipeline,fast_path,63.667
pipeline,fast_path,63.791
pipeline,fast_path,63.667
pipeline,fast_path,64.500
pipeline,fast_path,64.250
pipeline,fast_path,63.500
pipeline,fast_path,63.125
pipeline,fast_path,61.792
pipeline,fast_path,62.416
pipeline,fast_path,63.083
pipeline,fast_path,62.625
pipeline,fast_path,114.625
pipeline,fast_path,78.250
pipeline,fast_path,70.917
pipeline,fast_path,67.916
pipeline,fast_path,64.500
pipeline,fast_path,67.125
pipeline,fast_path,64.667
pipeline,fast_path,64.041
pipeline,fast_path,63.958
pipeline,fast_path,64.792
pipeline,fast_path,67.459
pipeline,fast_path,63.375
pipeline,fast_path,64.167
pipeline,fast_path,64.208
pipeline,fast_path,63.750
pipeline,fast_path,64.125
pipeline,fast_path,62.083
pipeline,fast_path,63.667
pipeline,fast_path,62.750
pipeline,fast_path,64.125
pipeline,fast_path,93.125
pipeline,fast_path,72.791
pipeline,fast_path,69.167
pipeline,fast_path,66.333
pipeline,fast_path,67.542
pipeline,fast_path,64.333
pipeline,fast_path,62.250
pipeline,fast_path,64.250
pipeline,fast_path,65.542
pipeline,fast_path,66.167
pipeline,fast_path,63.709
pipeline,fast_path,63.167
pipeline,fast_path,63.292
pipeline,fast_path,62.500
pipeline,fast_path,63.458
pipeline,fast_path,62.792
pipeline,fast_path,62.375
pipeline,fast_path,62.041
pipeline,fast_path,62.583
pipeline,fast_path,62.958
pipeline,fast_path,102.542
pipeline,fast_path,76.792
pipeline,fast_path,72.083
pipeline,fast_path,66.250
pipeline,fast_path,70.542
pipeline,fast_path,77.250
pipeline,fast_path,71.208
pipeline,fast_path,63.834
pipeline,fast_path,62.584
pipeline,fast_path,63.667
pipeline,fast_path,63.208
pipeline,fast_path,63.500
pipeline,fast_path,63.208
pipeline,fast_path,63.500
pipeline,fast_path,63.167
pipeline,fast_path,64.208
pipeline,fast_path,63.542
pipeline,fast_path,64.292
pipeline,fast_path,63.334
pipeline,fast_path,63.333
pipeline,fast_path,115.417
pipeline,fast_path,78.875
pipeline,fast_path,74.917
pipeline,fast_path,68.417
pipeline,fast_path,69.667
pipeline,fast_path,75.958
pipeline,fast_path,68.375
pipeline,fast_path,65.375
pipeline,fast_path,64.708
pipeline,fast_path,64.875
pipeline,fast_path,64.083
pipeline,fast_path,64.250
pipeline,fast_path,64.209
pipeline,fast_path,64.792
pipeline,fast_path,65.208
pipeline,fast_path,64.250
pipeline,fast_path,66.125
pipeline,fast_path,66.292
pipeline,fast_path,61.875
pipeline,fast_path,64.417
pipeline,fast_path,90.042
pipeline,fast_path,72.125
pipeline,fast_path,69.083
pipeline,fast_path,67.083
pipeline,fast_path,64.917
pipeline,fast_path,64.750
pipeline,fast_path,64.292
pipeline,fast_path,66.708
pipeline,fast_path,67.750
pipeline,fast_path,63.375
pipeline,fast_path,65.625
pipeline,fast_path,64.292
pipeline,fast_path,66.042
pipeline,fast_path,63.208
pipeline,fast_path,72.542
pipeline,fast_path,69.042
pipeline,fast_path,66.625
pipeline,fast_path,61.916
pipeline,fast_path,61.875
pipeline,fast_path,61.875
pipeline,fast_path,99.333
pipeline,fast_path,77.750
pipeline,fast_path,69.042
pipeline,fast_path,66.708
pipeline,fast_path,65.959
pipeline,fast_path,77.583
pipeline,fast_path,71.042
pipeline,fast_path,63.917
pipeline,fast_path,64.542
pipeline,fast_path,66.209
pipeline,fast_path,63.625
pipeline,fast_path,63.417
pipeline,fast_path,63.709
pipeline,fast_path,62.166
pipeline,fast_path,63.084
pipeline,fast_path,63.500
pipeline,fast_path,62.417
pipeline,fast_path,61.583
pipeline,fast_path,60.875
pipeline,fast_path,64.250
pipeline,fast_path,105.458
pipeline,fast_path,79.458
pipeline,fast_path,72.416
pipeline,fast_path,67.167
pipeline,fast_path,70.500
pipeline,fast_path,78.417
pipeline,fast_path,69.959
pipeline,fast_path,63.875
pipeline,fast_path,92.208
pipeline,fast_path,66.041
pipeline,fast_path,65.916
pipeline,fast_path,67.417
pipeline,fast_path,67.292
pipeline,fast_path,64.333
pipeline,fast_path,64.417
pipeline,fast_path,63.959
pipeline,fast_path,63.417
pipeline,fast_path,63.167
pipeline,fast_path,64.542
pipeline,fast_path,64.417
pipeline,fast_path,102.584
pipeline,fast_path,84.500
pipeline,fast_path,69.958
pipeline,fast_path,70.917
pipeline,fast_path,75.125
pipeline,fast_path,76.334
pipeline,fast_path,67.791
pipeline,fast_path,65.083
pipeline,fast_path,64.834
pipeline,fast_path,64.750
pipeline,fast_path,64.792
pipeline,fast_path,63.375
pipeline,fast_path,64.541
pipeline,fast_path,63.167
pipeline,fast_path,64.083
pipeline,fast_path,63.375
pipeline,fast_path,62.291
pipeline,fast_path,67.833
pipeline,fast_path,63.833
pipeline,fast_path,63.542
pipeline,fast_path,107.750
pipeline,fast_path,84.375
pipeline,fast_path,73.500
pipeline,fast_path,70.083
pipeline,fast_path,79.000
pipeline,fast_path,74.667
pipeline,fast_path,65.500
pipeline,fast_path,65.375
pipeline,fast_path,64.208
pipeline,fast_path,63.584
pipeline,fast_path,65.125
pipeline,fast_path,63.667
pipeline,fast_path,64.500
pipeline,fast_path,66.000
pipeline,fast_path,66.792
pipeline,fast_path,64.041
pipeline,fast_path,61.459
pipeline,fast_path,62.750
pipeline,fast_path,67.209
pipeline,fast_path,63.459
pipeline,fast_path,94.875
pipeline,fast_path,71.791
pipeline,fast_path,68.083
pipeline,fast_path,72.042
pipeline,fast_path,70.083
pipeline,fast_path,72.375
pipeline,fast_path,70.083
pipeline,fast_path,70.417
pipeline,fast_path,68.125
pipeline,fast_path,72.333
pipeline,fast_path,64.500
pipeline,fast_path,69.958
pipeline,fast_path,75.750
pipeline,fast_path,66.958
pipeline,fast_path,64.125
pipeline,fast_path,69.708
pipeline,fast_path,63.375
pipeline,fast_path,63.417
pipeline,fast_path,63.000
pipeline,fast_path,63.583
pipeline,fast_path,141.667
pipeline,fast_path,81.292
pipeline,fast_path,72.458
pipeline,fast_path,67.250
pipeline,fast_path,76.583
pipeline,fast_path,70.209
pipeline,fast_path,69.375
pipeline,fast_path,65.667
pipeline,fast_path,63.334
pipeline,fast_path,63.500
pipeline,fast_path,64.500
pipeline,fast_path,64.125
pipeline,fast_path,64.500
pipeline,fast_path,63.500
pipeline,fast_path,63.792
pipeline,fast_path,64.541
pipeline,fast_path,64.458
pipeline,fast_path,63.084
pipeline,fast_path,63.292
pipeline,fast_path,63.375
pipeline,fast_path,7636.666
pipeline,fast_path,77.792
pipeline,fast_path,68.958
pipeline,fast_path,68.000
pipeline,fast_path,66.417
pipeline,fast_path,66.041
pipeline,fast_path,65.250
pipeline,fast_path,64.583
pipeline,fast_path,62.500
pipeline,fast_path,63.792
pipeline,fast_path,64.875
pipeline,fast_path,66.709
pipeline,fast_path,64.333
pipeline,fast_path,63.917
pipeline,fast_path,63.250
pipeline,fast_path,63.708
pipeline,fast_path,66.084
pipeline,fast_path,65.875
pipeline,fast_path,63.417
pipeline,fast_path,62.083
pipeline,fast_path,102.583
pipeline,fast_path,77.625
pipeline,fast_path,68.916
pipeline,fast_path,71.667
pipeline,fast_path,64.167
pipeline,fast_path,82.375
pipeline,fast_path,71.083
pipeline,fast_path,62.583
pipeline,fast_path,64.459
pipeline,fast_path,63.958
pipeline,fast_path,64.125
pipeline,fast_path,66.666
pipeline,fast_path,63.959
pipeline,fast_path,63.208
pipeline,fast_path,63.458
pipeline,fast_path,63.042
pipeline,fast_path,63.250
pipeline,fast_path,62.584
pipeline,fast_path,62.458
pipeline,fast_path,62.500
pipeline,fast_path,93.166
pipeline,fast_path,78.292
pipeline,fast_path,68.333
pipeline,fast_path,70.458
pipeline,fast_path,66.334
pipeline,fast_path,78.958
pipeline,fast_path,69.625
pipeline,fast_path,65.750
pipeline,fast_path,65.250
pipeline,fast_path,62.875
pipeline,fast_path,65.375
pipeline,fast_path,64.000
pipeline,fast_path,64.250
pipeline,fast_path,64.459
pipeline,fast_path,63.542
pipeline,fast_path,64.708
pipeline,fast_path,63.833
pipeline,fast_path,63.958
pipeline,fast_path,63.125
pipeline,fast_path,68.334
pipeline,fast_path,105.708
pipeline,fast_path,117.708
pipeline,fast_path,74.750
pipeline,fast_path,70.708
pipeline,fast_path,76.209
pipeline,fast_path,66.041
pipeline,fast_path,69.250
pipeline,fast_path,65.708
pipeline,fast_path,71.292
pipeline,fast_path,72.125
pipeline,fast_path,68.250
pipeline,fast_path,63.833
pipeline,fast_path,63.750
pipeline,fast_path,65.584
pipeline,fast_path,65.125
pipeline,fast_path,64.042
pipeline,fast_path,63.709
pipeline,fast_path,62.875
pipeline,fast_path,63.666
pipeline,fast_path,63.917
pipeline,fast_path,104.541
pipeline,fast_path,77.583
pipeline,fast_path,70.292
pipeline,fast_path,72.541
pipeline,fast_path,66.708
pipeline,fast_path,79.750
pipeline,fast_path,69.500
pipeline,fast_path,63.500
pipeline,fast_path,67.958
pipeline,fast_path,64.875
pipeline,fast_path,66.041
pipeline,fast_path,64.959
pipeline,fast_path,65.417
pipeline,fast_path,64.125
pipeline,fast_path,64.500
pipeline,fast_path,64.583
pipeline,fast_path,64.000
pipeline,fast_path,63.709
pipeline,fast_path,63.458
pipeline,fast_path,63.125
pipeline,fast_path,93.959
pipeline,fast_path,71.875
pipeline,fast_path,71.875
pipeline,fast_path,77.209
pipeline,fast_path,67.292
pipeline,fast_path,65.250
pipeline,fast_path,68.333
pipeline,fast_path,76.584
pipeline,fast_path,65.708
pipeline,fast_path,65.000
pipeline,fast_path,63.291
pipeline,fast_path,66.750
pipeline,fast_path,64.792
pipeline,fast_path,72.583
pipeline,fast_path,63.500
pipeline,fast_path,64.250
pipeline,fast_path,62.792
pipeline,fast_path,62.916
pipeline,fast_path,63.291
pipeline,fast_path,63.291
pipeline,fast_path,95.209
pipeline,fast_path,72.667
pipeline,fast_path,68.792
pipeline,fast_path,65.625
pipeline,fast_path,66.250
pipeline,fast_path,64.125
pipeline,fast_path,64.000
pipeline,fast_path,64.833
pipeline,fast_path,64.709
pipeline,fast_path,64.833
pipeline,fast_path,64.291
pipeline,fast_path,63.959
pipeline,fast_path,63.875
pipeline,fast_path,63.708
pipeline,fast_path,64.167
pipeline,fast_path,64.000
pipeline,fast_path,63.542
pipeline,fast_path,63.833
pipeline,fast_path,63.166
pipeline,fast_path,64.417
pipeline,fast_path,7637.875
pipeline,fast_path,87.500
pipeline,fast_path,72.625
pipeline,fast_path,67.375
pipeline,fast_path,64.083
pipeline,fast_path,64.125
pipeline,fast_path,65.959
pipeline,fast_path,63.750
pipeline,fast_path,63.666
pipeline,fast_path,65.584
pipeline,fast_path,63.292
pipeline,fast_path,62.750
pipeline,fast_path,61.875
pipeline,fast_path,61.375
pipeline,fast_path,62.209
pipeline,fast_path,62.208
pipeline,fast_path,64.000
pipeline,fast_path,63.416
pipeline,fast_path,63.209
pipeline,fast_path,62.833
pipeline,fast_path,113.334
pipeline,fast_path,77.083
pipeline,fast_path,70.375
pipeline,fast_path,67.959
pipeline,fast_path,66.625
pipeline,fast_path,67.625
pipeline,fast_path,67.834
pipeline,fast_path,65.625
pipeline,fast_path,62.959
pipeline,fast_path,65.500
pipeline,fast_path,65.500
pipeline,fast_path,65.084
pipeline,fast_path,64.584
pipeline,fast_path,66.000
pipeline,fast_path,64.542
pipeline,fast_path,65.375
pipeline,fast_path,63.750
pipeline,fast_path,64.125
pipeline,fast_path,63.792
pipeline,fast_path,64.875
pipeline,fast_path,98.458
pipeline,fast_path,74.500
pipeline,fast_path,71.166
pipeline,fast_path,68.583
pipeline,fast_path,65.041
pipeline,fast_path,66.625
pipeline,fast_path,65.416
pipeline,fast_path,68.750
pipeline,fast_path,68.084
pipeline,fast_path,65.667
pipeline,fast_path,64.291
pipeline,fast_path,64.500
pipeline,fast_path,65.333
pipeline,fast_path,63.875
pipeline,fast_path,63.750
pipeline,fast_path,63.792
pipeline,fast_path,63.958
pipeline,fast_path,63.959
pipeline,fast_path,61.875
pipeline,fast_path,63.583
pipeline,fast_path,91.208
pipeline,fast_path,71.417
pipeline,fast_path,68.333
pipeline,fast_path,67.125
pipeline,fast_path,66.834
pipeline,fast_path,66.166
pipeline,fast_path,65.125
pipeline,fast_path,66.916
pipeline,fast_path,66.583
pipeline,fast_path,64.875
pipeline,fast_path,64.667
pipeline,fast_path,63.834
pipeline,fast_path,66.291
pipeline,fast_path,64.625
pipeline,fast_path,65.125
pipeline,fast_path,88.875
pipeline,fast_path,62.584
pipeline,fast_path,63.291
pipeline,fast_path,62.583
pipeline,fast_path,65.125
pipeline,fast_path,95.458
pipeline,fast_path,73.250
pipeline,fast_path,68.667
pipeline,fast_path,67.750
pipeline,fast_path,67.375
pipeline,fast_path,66.375
pipeline,fast_path,64.750
pipeline,fast_path,63.625
pipeline,fast_path,66.042
pipeline,fast_path,65.000
pipeline,fast_path,65.417
pipeline,fast_path,67.791
pipeline,fast_path,64.667
pipeline,fast_path,63.375
pipeline,fast_path,64.666
pipeline,fast_path,63.500
pipeline,fast_path,63.125
pipeline,fast_path,63.167
pipeline,fast_path,62.708
pipeline,fast_path,63.375
pipeline,fast_path,97.167
pipeline,fast_path,72.792
pipeline,fast_path,68.458
pipeline,fast_path,65.583
pipeline,fast_path,64.458
pipeline,fast_path,64.666
pipeline,fast_path,64.167
pipeline,fast_path,63.625
pipeline,fast_path,64.166
pipeline,fast_path,63.459
pipeline,fast_path,63.583
pipeline,fast_path,62.750
pipeline,fast_path,63.334
pipeline,fast_path,62.959
pipeline,fast_path,62.667
pipeline,fast_path,62.375
pipeline,fast_path,62.584
pipeline,fast_path,62.583
pipeline,fast_path,62.125
pipeline,fast_path,62.375
pipeline,fast_path,93.708
pipeline,fast_path,68.958
pipeline,fast_path,66.417
pipeline,fast_path,66.041
pipeline,fast_path,63.042
pipeline,fast_path,64.709
pipeline,fast_path,62.583
pipeline,fast_path,65.584
pipeline,fast_path,62.833
pipeline,fast_path,64.083
pipeline,fast_path,63.375
pipeline,fast_path,61.792
pipeline,fast_path,63.208
pipeline,fast_path,63.584
pipeline,fast_path,62.750
pipeline,fast_path,63.583
pipeline,fast_path,62.625
pipeline,fast_path,61.417
pipeline,fast_path,62.500
pipeline,fast_path,63.459
pipeline,fast_path,96.500
pipeline,fast_path,73.375
pipeline,fast_path,69.250
pipeline,fast_path,67.000
pipeline,fast_path,65.667
pipeline,fast_path,66.959
pipeline,fast_path,65.417
pipeline,fast_path,66.000
pipeline,fast_path,64.000
pipeline,fast_path,64.000
pipeline,fast_path,65.041
pipeline,fast_path,62.541
pipeline,fast_path,64.583
pipeline,fast_path,63.166
pipeline,fast_path,64.084
pipeline,fast_path,64.375
pipeline,fast_path,64.583
pipeline,fast_path,63.500
pipeline,fast_path,63.666
pipeline,fast_path,63.916
pipeline,fast_path,93.834
pipeline,fast_path,73.042
pipeline,fast_path,69.000
pipeline,fast_path,67.584
pipeline,fast_path,64.167
pipeline,fast_path,65.250
pipeline,fast_path,62.750
pipeline,fast_path,67.750
pipeline,fast_path,66.083
pipeline,fast_path,63.708
pipeline,fast_path,63.875
pipeline,fast_path,63.875
pipeline,fast_path,64.250
pipeline,fast_path,63.208
pipeline,fast_path,63.500
pipeline,fast_path,62.333
pipeline,fast_path,63.000
pipeline,fast_path,62.792
pipeline,fast_path,66.000
pipeline,fast_path,62.750
pipeline,fast_path,103.375
pipeline,fast_path,71.875
pipeline,fast_path,69.583
pipeline,fast_path,66.000
pipeline,fast_path,64.250
pipeline,fast_path,66.292
pipeline,fast_path,66.208
pipeline,fast_path,67.917
pipeline,fast_path,63.791
pipeline,fast_path,65.083
pipeline,fast_path,63.834
pipeline,fast_path,63.625
pipeline,fast_path,64.833
pipeline,fast_path,65.042
pipeline,fast_path,64.666
pipeline,fast_path,67.875
pipeline,fast_path,63.250
pipeline,fast_path,63.458
pipeline,fast_path,63.500
pipeline,fast_path,63.750
pipeline,fast_path,95.583
pipeline,fast_path,71.958
pipeline,fast_path,67.917
pipeline,fast_path,63.708
pipeline,fast_path,64.208
pipeline,fast_path,65.584
pipeline,fast_path,64.333
pipeline,fast_path,64.292
pipeline,fast_path,64.000
pipeline,fast_path,63.709
pipeline,fast_path,64.250
pipeline,fast_path,63.166
pipeline,fast_path,63.458
pipeline,fast_path,63.542
pipeline,fast_path,64.125
pipeline,fast_path,63.875
pipeline,fast_path,63.583
pipeline,fast_path,64.417
pipeline,fast_path,62.750
pipeline,fast_path,63.708
pipeline,fast_path,93.167
pipeline,fast_path,74.583
pipeline,fast_path,68.875
pipeline,fast_path,67.750
pipeline,fast_path,66.750
pipeline,fast_path,66.542
pipeline,fast_path,65.041
pipeline,fast_path,68.084
pipeline,fast_path,96.291
pipeline,fast_path,66.250
pipeline,fast_path,65.416
pipeline,fast_path,63.375
pipeline,fast_path,64.541
pipeline,fast_path,64.375
pipeline,fast_path,65.334
pipeline,fast_path,63.542
pipeline,fast_path,64.084
pipeline,fast_path,62.209
pipeline,fast_path,63.041
pipeline,fast_path,64.125
pipeline,fast_path,114.375
pipeline,fast_path,75.584
pipeline,fast_path,71.000
pipeline,fast_path,72.375
pipeline,fast_path,70.167
pipeline,fast_path,65.917
pipeline,fast_path,65.708
pipeline,fast_path,64.667
pipeline,fast_path,64.500
pipeline,fast_path,64.750
pipeline,fast_path,65.750
pipeline,fast_path,64.625
pipeline,fast_path,65.375
pipeline,fast_path,63.417
pipeline,fast_path,64.750
pipeline,fast_path,63.125
pipeline,fast_path,63.833
pipeline,fast_path,64.000
pipeline,fast_path,63.625
pipeline,fast_path,63.667
pipeline,fast_path,92.166
pipeline,fast_path,72.750
pipeline,fast_path,68.250
pipeline,fast_path,67.417
pipeline,fast_path,65.791
pipeline,fast_path,64.000
pipeline,fast_path,64.625
pipeline,fast_path,67.625
pipeline,fast_path,66.500
pipeline,fast_path,64.000
pipeline,fast_path,64.250
pipeline,fast_path,63.583
pipeline,fast_path,64.084
pipeline,fast_path,65.334
pipeline,fast_path,65.000
pipeline,fast_path,64.625
pipeline,fast_path,63.042
pipeline,fast_path,62.833
pipeline,fast_path,63.291
pipeline,fast_path,64.333
pipeline,fast_path,97.042
pipeline,fast_path,71.833
pipeline,fast_path,68.083
pipeline,fast_path,65.708
pipeline,fast_path,64.584
pipeline,fast_path,66.583
pipeline,fast_path,64.958
pipeline,fast_path,62.666
pipeline,fast_path,64.125
pipeline,fast_path,62.125
pipeline,fast_path,65.333
pipeline,fast_path,64.583
pipeline,fast_path,64.250
pipeline,fast_path,63.667
pipeline,fast_path,64.167
pipeline,fast_path,63.709
pipeline,fast_path,63.625
pipeline,fast_path,63.041
pipeline,fast_path,63.333
pipeline,fast_path,66.666
pipeline,fast_path,91.542
pipeline,fast_path,72.583
pipeline,fast_path,67.542
pipeline,fast_path,66.125
pipeline,fast_path,65.250
pipeline,fast_path,63.666
pipeline,fast_path,63.417
pipeline,fast_path,64.875
pipeline,fast_path,67.416
pipeline,fast_path,61.875
pipeline,fast_path,64.084
pipeline,fast_path,63.208
pipeline,fast_path,63.917
pipeline,fast_path,61.375
pipeline,fast_path,62.083
pipeline,fast_path,63.083
pipeline,fast_path,62.750
pipeline,fast_path,62.167
pipeline,fast_path,66.958
pipeline,fast_path,65.500
pipeline,fast_path,99.750
pipeline,fast_path,72.000
pipeline,fast_path,69.417
pipeline,fast_path,66.583
pipeline,fast_path,67.750
pipeline,fast_path,64.583
pipeline,fast_path,64.792
pipeline,fast_path,65.042
pipeline,fast_path,64.709
pipeline,fast_path,63.375
pipeline,fast_path,63.250
pipeline,fast_path,64.625
pipeline,fast_path,64.584
pipeline,fast_path,64.291
pipeline,fast_path,63.958
pipeline,fast_path,64.416
pipeline,fast_path,63.833
pipeline,fast_path,63.333
pipeline,fast_path,64.208
pipeline,fast_path,62.375
pipeline,fast_path,93.667
pipeline,fast_path,69.334
pipeline,fast_path,68.417
pipeline,fast_path,66.667
pipeline,fast_path,65.750
pipeline,fast_path,66.209
pipeline,fast_path,65.541
pipeline,fast_path,64.834
pipeline,fast_path,64.791
pipeline,fast_path,63.750
pipeline,fast_path,64.333
pipeline,fast_path,63.792
pipeline,fast_path,65.000
pipeline,fast_path,66.333
pipeline,fast_path,66.667
pipeline,fast_path,62.542
pipeline,fast_path,63.625
pipeline,fast_path,62.875
pipeline,fast_path,61.542
pipeline,fast_path,63.792
pipeline,fast_path,92.875
pipeline,fast_path,70.791
pipeline,fast_path,67.459
pipeline,fast_path,66.042
pipeline,fast_path,65.292
pipeline,fast_path,65.125
pipeline,fast_path,62.042
pipeline,fast_path,65.125
pipeline,fast_path,63.500
pipeline,fast_path,62.333
pipeline,fast_path,62.958
pipeline,fast_path,63.000
pipeline,fast_path,63.375
pipeline,fast_path,64.625
pipeline,fast_path,64.750
pipeline,fast_path,64.750
pipeline,fast_path,67.834
pipeline,fast_path,61.750
pipeline,fast_path,62.333
pipeline,fast_path,62.792
pipeline,fast_path,87.125
pipeline,fast_path,96.375
pipeline,fast_path,69.458
pipeline,fast_path,65.834
pipeline,fast_path,63.833
pipeline,fast_path,63.291
pipeline,fast_path,63.500
pipeline,fast_path,63.791
pipeline,fast_path,63.250
pipeline,fast_path,63.416
pipeline,fast_path,63.708
pipeline,fast_path,62.125
pipeline,fast_path,65.833
pipeline,fast_path,63.250
pipeline,fast_path,63.417
pipeline,fast_path,63.625
pipeline,fast_path,62.458
pipeline,fast_path,62.083
pipeline,fast_path,67.459
pipeline,fast_path,62.833
pipeline,fast_path,92.459
pipeline,fast_path,71.458
pipeline,fast_path,67.042
pipeline,fast_path,64.125
pipeline,fast_path,77.208
pipeline,fast_path,70.208
pipeline,fast_path,66.625
pipeline,fast_path,64.250
pipeline,fast_path,63.083
pipeline,fast_path,64.292
pipeline,fast_path,64.125
pipeline,fast_path,63.792
pipeline,fast_path,64.250
pipeline,fast_path,62.917
pipeline,fast_path,64.375
pipeline,fast_path,63.500
pipeline,fast_path,63.250
pipeline,fast_path,61.041
pipeline,fast_path,62.500
pipeline,fast_path,63.166
pipeline,fast_path,89.583
pipeline,fast_path,70.292
pipeline,fast_path,67.333
pipeline,fast_path,64.083
pipeline,fast_path,64.500
pipeline,fast_path,64.250
pipeline,fast_path,62.833
pipeline,fast_path,63.708
pipeline,fast_path,63.917
pipeline,fast_path,63.500
pipeline,fast_path,64.041
pipeline,fast_path,66.834
pipeline,fast_path,69.000
pipeline,fast_path,61.208
pipeline,fast_path,63.292
pipeline,fast_path,62.458
pipeline,fast_path,62.167
pipeline,fast_path,62.292
pipeline,fast_path,62.542
pipeline,fast_path,63.500
pipeline,fast_path,116.750
pipeline,fast_path,78.167
pipeline,fast_path,72.042
pipeline,fast_path,68.125
pipeline,fast_path,66.584
pipeline,fast_path,65.667
pipeline,fast_path,66.667
pipeline,fast_path,65.125
pipeline,fast_path,64.875
pipeline,fast_path,65.541
pipeline,fast_path,64.458
pipeline,fast_path,63.500
pipeline,fast_path,64.416
pipeline,fast_path,62.583
pipeline,fast_path,71.625
pipeline,fast_path,66.167
pipeline,fast_path,66.042
pipeline,fast_path,62.958
pipeline,fast_path,60.959
pipeline,fast_path,63.625
pipeline,fast_path,96.208
pipeline,fast_path,79.208
pipeline,fast_path,70.084
pipeline,fast_path,71.000
pipeline,fast_path,65.833
pipeline,fast_path,80.958
pipeline,fast_path,65.584
pipeline,fast_path,64.375
pipeline,fast_path,63.583
pipeline,fast_path,66.625
pipeline,fast_path,62.333
pipeline,fast_path,63.208
pipeline,fast_path,63.541
pipeline,fast_path,63.500
pipeline,fast_path,63.750
pipeline,fast_path,63.458
pipeline,fast_path,61.834
pipeline,fast_path,62.791
pipeline,fast_path,61.916
pipeline,fast_path,63.541
pipeline,fast_path,102.792
pipeline,fast_path,78.959
pipeline,fast_path,78.500
pipeline,fast_path,67.833
pipeline,fast_path,67.791
pipeline,fast_path,83.084
pipeline,fast_path,63.792
pipeline,fast_path,64.750
pipeline,fast_path,64.375
pipeline,fast_path,66.125
pipeline,fast_path,62.791
pipeline,fast_path,63.542
pipeline,fast_path,63.500
pipeline,fast_path,62.750
pipeline,fast_path,63.917
pipeline,fast_path,64.000
pipeline,fast_path,62.500
pipeline,fast_path,63.292
pipeline,fast_path,62.209
pipeline,fast_path,63.167
pipeline,fast_path,97.417
pipeline,fast_path,77.333
pipeline,fast_path,70.209
pipeline,fast_path,64.916
pipeline,fast_path,68.417
pipeline,fast_path,77.083
pipeline,fast_path,70.291
pipeline,fast_path,64.708
pipeline,fast_path,63.458
pipeline,fast_path,69.584
pipeline,fast_path,64.917
pipeline,fast_path,63.625
pipeline,fast_path,64.041
pipeline,fast_path,63.625
pipeline,fast_path,64.125
pipeline,fast_path,64.792
pipeline,fast_path,62.500
pipeline,fast_path,62.500
pipeline,fast_path,62.583
pipeline,fast_path,62.208
pipeline,fast_path,95.417
pipeline,fast_path,76.791
pipeline,fast_path,68.875
pipeline,fast_path,67.875
pipeline,fast_path,67.125
pipeline,fast_path,76.875
pipeline,fast_path,65.250
pipeline,fast_path,64.250
pipeline,fast_path,63.833
pipeline,fast_path,64.834
pipeline,fast_path,63.792
pipeline,fast_path,63.917
pipeline,fast_path,63.750
pipeline,fast_path,63.583
pipeline,fast_path,63.209
pipeline,fast_path,94.583
pipeline,fast_path,70.750
pipeline,fast_path,63.792
pipeline,fast_path,63.333
pipeline,fast_path,63.458
pipeline,fast_path,103.917
pipeline,fast_path,76.666
pipeline,fast_path,70.333
pipeline,fast_path,66.166
pipeline,fast_path,66.292
pipeline,fast_path,66.250
pipeline,fast_path,64.417
pipeline,fast_path,65.459
pipeline,fast_path,63.125
pipeline,fast_path,64.375
pipeline,fast_path,65.292
pipeline,fast_path,63.875
pipeline,fast_path,64.042
pipeline,fast_path,63.834
pipeline,fast_path,63.708
pipeline,fast_path,64.708
pipeline,fast_path,63.709
pipeline,fast_path,99.250
pipeline,fast_path,93.916
pipeline,fast_path,83.334
pipeline,fast_path,99.625
pipeline,fast_path,78.958
pipeline,fast_path,70.791
pipeline,fast_path,67.083
pipeline,fast_path,65.792
pipeline,fast_path,81.709
pipeline,fast_path,70.333
pipeline,fast_path,65.291
pipeline,fast_path,63.333
pipeline,fast_path,63.917
pipeline,fast_path,64.208
pipeline,fast_path,63.750
pipeline,fast_path,62.250
pipeline,fast_path,62.875
pipeline,fast_path,63.708
pipeline,fast_path,64.208
pipeline,fast_path,62.667
pipeline,fast_path,63.000
pipeline,fast_path,63.000
pipeline,fast_path,63.042
pipeline,fast_path,88.833
pipeline,fast_path,73.500
pipeline,fast_path,69.208
pipeline,fast_path,67.958
pipeline,fast_path,65.875
pipeline,fast_path,66.542
pipeline,fast_path,65.541
pipeline,fast_path,65.417
pipeline,fast_path,64.042
pipeline,fast_path,65.084
pipeline,fast_path,64.167
pipeline,fast_path,63.209
pipeline,fast_path,64.875
pipeline,fast_path,64.416
pipeline,fast_path,63.083
pipeline,fast_path,63.209
pipeline,fast_path,64.750
pipeline,fast_path,63.917
pipeline,fast_path,64.416
pipeline,fast_path,79.584
pipeline,fast_path,108.333
pipeline,fast_path,74.750
pipeline,fast_path,71.875
pipeline,fast_path,68.041
pipeline,fast_path,66.291
pipeline,fast_path,80.500
pipeline,fast_path,73.667
pipeline,fast_path,64.250
pipeline,fast_path,64.917
pipeline,fast_path,64.791
pipeline,fast_path,65.667
pipeline,fast_path,65.125
pipeline,fast_path,64.875
pipeline,fast_path,64.541
pipeline,fast_path,67.250
pipeline,fast_path,67.458
pipeline,fast_path,64.583
pipeline,fast_path,63.792
pipeline,fast_path,63.000
pipeline,fast_path,64.000
pipeline,fast_path,93.708
pipeline,fast_path,76.209
pipeline,fast_path,70.042
pipeline,fast_path,67.584
pipeline,fast_path,66.250
pipeline,fast_path,66.958
pipeline,fast_path,64.333
pipeline,fast_path,64.708
pipeline,fast_path,64.042
pipeline,fast_path,64.708
pipeline,fast_path,64.000
pipeline,fast_path,64.750
pipeline,fast_path,63.583
pipeline,fast_path,63.708
pipeline,fast_path,64.666
pipeline,fast_path,65.500
pipeline,fast_path,62.416
pipeline,fast_path,63.416
pipeline,fast_path,63.875
pipeline,fast_path,66.875
pipeline,fast_path,89.167
pipeline,fast_path,70.417
pipeline,fast_path,67.292
pipeline,fast_path,66.042
pipeline,fast_path,64.083
pipeline,fast_path,64.125
pipeline,fast_path,64.333
pipeline,fast_path,64.375
pipeline,fast_path,64.167
pipeline,fast_path,63.667
pipeline,fast_path,65.125
pipeline,fast_path,64.666
pipeline,fast_path,63.916
pipeline,fast_path,64.500
pipeline,fast_path,63.750
pipeline,fast_path,67.750
pipeline,fast_path,61.791
pipeline,fast_path,63.792
pipeline,fast_path,66.458
pipeline,fast_path,63.833
pipeline,fast_path,97.167
pipeline,fast_path,72.917
pipeline,fast_path,68.500
pipeline,fast_path,66.167
pipeline,fast_path,66.042
pipeline,fast_path,66.166
pipeline,fast_path,64.917
pipeline,fast_path,64.917
pipeline,fast_path,64.375
pipeline,fast_path,65.959
pipeline,fast_path,66.250
pipeline,fast_path,64.417
pipeline,fast_path,68.875
pipeline,fast_path,62.583
pipeline,fast_path,62.500
pipeline,fast_path,63.250
pipeline,fast_path,63.959
pipeline,fast_path,63.791
pipeline,fast_path,61.458
pipeline,fast_path,62.500
pipeline,fast_path,92.500
pipeline,fast_path,70.792
pipeline,fast_path,68.000
pipeline,fast_path,65.708
pipeline,fast_path,64.458
pipeline,fast_path,68.291
pipeline,fast_path,67.083
pipeline,fast_path,64.667
pipeline,fast_path,215.709
pipeline,fast_path,64.583
pipeline,fast_path,64.417
pipeline,fast_path,64.292
pipeline,fast_path,63.708
pipeline,fast_path,63.000
pipeline,fast_path,63.666
pipeline,fast_path,63.375
pipeline,fast_path,63.042
pipeline,fast_path,62.292
pipeline,fast_path,62.542
pipeline,fast_path,62.958
pipeline,fast_path,93.584
pipeline,fast_path,72.792
pipeline,fast_path,70.333
pipeline,fast_path,66.334
pipeline,fast_path,65.750
pipeline,fast_path,65.417
pipeline,fast_path,64.500
pipeline,fast_path,67.375
pipeline,fast_path,67.958
pipeline,fast_path,64.084
pipeline,fast_path,66.000
pipeline,fast_path,65.209
pipeline,fast_path,64.083
pipeline,fast_path,63.209
pipeline,fast_path,64.250
pipeline,fast_path,63.916
pipeline,fast_path,63.417
pipeline,fast_path,64.458
pipeline,fast_path,63.167
pipeline,fast_path,64.334
pipeline,fast_path,94.292
pipeline,fast_path,72.125
pipeline,fast_path,68.292
pipeline,fast_path,64.625
pipeline,fast_path,63.666
pipeline,fast_path,64.625
pipeline,fast_path,62.917
pipeline,fast_path,67.709
pipeline,fast_path,66.708
pipeline,fast_path,64.375
pipeline,fast_path,65.000
pipeline,fast_path,64.083
pipeline,fast_path,63.125
pipeline,fast_path,62.791
pipeline,fast_path,67.625
pipeline,fast_path,66.541
pipeline,fast_path,63.542
pipeline,fast_path,64.292
pipeline,fast_path,62.917
pipeline,fast_path,63.459
pipeline,fast_path,96.250
pipeline,fast_path,72.667
pipeline,fast_path,69.292
pipeline,fast_path,67.458
pipeline,fast_path,65.958
pipeline,fast_path,65.833
pipeline,fast_path,65.291
pipeline,fast_path,64.666
pipeline,fast_path,63.667
pipeline,fast_path,65.959
pipeline,fast_path,66.625
pipeline,fast_path,65.208
pipeline,fast_path,64.625
pipeline,fast_path,67.042
pipeline,fast_path,64.708
pipeline,fast_path,63.917
pipeline,fast_path,63.500
pipeline,fast_path,64.041
pipeline,fast_path,63.542
pipeline,fast_path,63.167
pipeline,fast_path,96.375
pipeline,fast_path,74.958
pipeline,fast_path,68.250
pipeline,fast_path,66.875
pipeline,fast_path,66.666
pipeline,fast_path,65.875
pipeline,fast_path,65.000
pipeline,fast_path,67.000
pipeline,fast_path,69.125
pipeline,fast_path,64.791
pipeline,fast_path,65.333
pipeline,fast_path,64.833
pipeline,fast_path,63.209
pipeline,fast_path,63.875
pipeline,fast_path,63.375
pipeline,fast_path,64.875
pipeline,fast_path,63.500
pipeline,fast_path,63.083
pipeline,fast_path,63.833
pipeline,fast_path,62.084
pipeline,fast_path,113.000
pipeline,fast_path,75.791
pipeline,fast_path,71.125
pipeline,fast_path,67.959
pipeline,fast_path,64.541
pipeline,fast_path,66.417
pipeline,fast_path,65.458
pipeline,fast_path,64.375
pipeline,fast_path,65.250
pipeline,fast_path,65.583
pipeline,fast_path,64.042
pipeline,fast_path,63.833
pipeline,fast_path,64.292
pipeline,fast_path,62.708
pipeline,fast_path,64.292
pipeline,fast_path,63.750
pipeline,fast_path,63.875
pipeline,fast_path,63.583
pipeline,fast_path,61.875
pipeline,fast_path,63.291
pipeline,fast_path,93.167
pipeline,fast_path,70.334
pipeline,fast_path,69.042
pipeline,fast_path,65.709
pipeline,fast_path,63.708
pipeline,fast_path,63.334
pipeline,fast_path,65.625
pipeline,fast_path,64.041
pipeline,fast_path,63.834
pipeline,fast_path,63.791
pipeline,fast_path,63.458
pipeline,fast_path,62.708
pipeline,fast_path,63.375
pipeline,fast_path,61.042
pipeline,fast_path,63.750
pipeline,fast_path,63.125
pipeline,fast_path,61.500
pipeline,fast_path,63.292
pipeline,fast_path,63.666
pipeline,fast_path,63.708
pipeline,fast_path,90.000
pipeline,fast_path,71.625
pipeline,fast_path,68.125
pipeline,fast_path,67.500
pipeline,fast_path,66.000
pipeline,fast_path,64.250
pipeline,fast_path,63.250
pipeline,fast_path,63.958
pipeline,fast_path,62.792
pipeline,fast_path,62.458
pipeline,fast_path,64.542
pipeline,fast_path,66.416
pipeline,fast_path,65.666
pipeline,fast_path,64.333
pipeline,fast_path,64.291
pipeline,fast_path,62.833
pipeline,fast_path,63.708
pipeline,fast_path,62.083
pipeline,fast_path,62.166
pipeline,fast_path,63.375
pipeline,fast_path,93.042
pipeline,fast_path,95.583
pipeline,fast_path,68.750
pipeline,fast_path,64.125
pipeline,fast_path,64.459
pipeline,fast_path,64.333
pipeline,fast_path,66.584
pipeline,fast_path,66.042
pipeline,fast_path,66.750
pipeline,fast_path,63.833
pipeline,fast_path,63.500
pipeline,fast_path,63.125
pipeline,fast_path,62.416
pipeline,fast_path,62.250
pipeline,fast_path,62.917
pipeline,fast_path,62.000
pipeline,fast_path,62.708
pipeline,fast_path,61.917
pipeline,fast_path,62.208
pipeline,fast_path,62.292
pipeline,fast_path,90.208
pipeline,fast_path,69.791
pipeline,fast_path,71.167
pipeline,fast_path,68.916
pipeline,fast_path,64.250
pipeline,fast_path,65.125
pipeline,fast_path,64.042
pipeline,fast_path,64.250
pipeline,fast_path,63.417
pipeline,fast_path,63.667
pipeline,fast_path,63.417
pipeline,fast_path,63.167
pipeline,fast_path,62.750
pipeline,fast_path,62.792
pipeline,fast_path,62.167
pipeline,fast_path,62.959
pipeline,fast_path,62.166
pipeline,fast_path,62.083
pipeline,fast_path,61.584
pipeline,fast_path,62.416
pipeline,fast_path,94.000
pipeline,fast_path,71.875
pipeline,fast_path,67.667
pipeline,fast_path,65.583
pipeline,fast_path,64.125
pipeline,fast_path,64.667
pipeline,fast_path,63.500
pipeline,fast_path,66.791
pipeline,fast_path,64.834
pipeline,fast_path,62.916
pipeline,fast_path,63.750
pipeline,fast_path,62.500
pipeline,fast_path,62.708
pipeline,fast_path,63.000
pipeline,fast_path,62.042
pipeline,fast_path,63.458
pipeline,fast_path,63.000
pipeline,fast_path,62.917
pipeline,fast_path,62.333
pipeline,fast_path,62.834
pipeline,fast_path,96.833
pipeline,fast_path,73.333
pipeline,fast_path,68.792
pipeline,fast_path,65.875
pipeline,fast_path,66.208
pipeline,fast_path,64.833
pipeline,fast_path,64.458
pipeline,fast_path,66.125
pipeline,fast_path,63.333
pipeline,fast_path,63.500
pipeline,fast_path,63.083
pipeline,fast_path,63.333
pipeline,fast_path,62.709
pipeline,fast_path,64.333
pipeline,fast_path,67.667
pipeline,fast_path,62.375
pipeline,fast_path,64.000
pipeline,fast_path,63.125
pipeline,fast_path,62.375
pipeline,fast_path,63.334
pipeline,fast_path,95.500
pipeline,fast_path,71.375
pipeline,fast_path,67.959
pipeline,fast_path,65.333
pipeline,fast_path,64.084
pipeline,fast_path,64.875
pipeline,fast_path,63.292
pipeline,fast_path,64.500
pipeline,fast_path,63.834
pipeline,fast_path,63.875
pipeline,fast_path,63.041
pipeline,fast_path,63.416
pipeline,fast_path,63.125
pipeline,fast_path,62.250
pipeline,fast_path,66.917
pipeline,fast_path,63.167
pipeline,fast_path,61.792
pipeline,fast_path,60.709
pipeline,fast_path,63.042
pipeline,fast_path,63.209
pipeline,fast_path,101.708
pipeline,fast_path,74.834
pipeline,fast_path,70.917
pipeline,fast_path,68.792
pipeline,fast_path,66.458
pipeline,fast_path,69.291
pipeline,fast_path,65.666
pipeline,fast_path,64.834
pipeline,fast_path,64.667
pipeline,fast_path,65.208
pipeline,fast_path,64.875
pipeline,fast_path,64.334
pipeline,fast_path,63.917
pipeline,fast_path,62.125
pipeline,fast_path,63.625
pipeline,fast_path,63.000
pipeline,fast_path,63.042
pipeline,fast_path,61.833
pipeline,fast_path,65.917
pipeline,fast_path,64.708
pipeline,fast_path,89.584
pipeline,fast_path,72.042
pipeline,fast_path,66.209
pipeline,fast_path,65.791
pipeline,fast_path,65.250
pipeline,fast_path,65.625
pipeline,fast_path,63.792
pipeline,fast_path,67.458
pipeline,fast_path,67.125
pipeline,fast_path,64.834
pipeline,fast_path,64.416
pipeline,fast_path,63.958
pipeline,fast_path,64.042
pipeline,fast_path,63.500
pipeline,fast_path,63.916
pipeline,fast_path,62.584
pipeline,fast_path,63.125
pipeline,fast_path,68.208
pipeline,fast_path,68.542
pipeline,fast_path,64.875
pipeline,fast_path,105.167
pipeline,fast_path,72.292
pipeline,fast_path,68.042
pipeline,fast_path,64.667
pipeline,fast_path,65.542
pipeline,fast_path,65.583
pipeline,fast_path,63.958
pipeline,fast_path,64.542
pipeline,fast_path,63.833
pipeline,fast_path,64.583
pipeline,fast_path,69.417
pipeline,fast_path,63.458
pipeline,fast_path,64.375
pipeline,fast_path,63.041
pipeline,fast_path,63.083
pipeline,fast_path,89.209
pipeline,fast_path,63.667
pipeline,fast_path,63.750
pipeline,fast_path,63.000
pipeline,fast_path,62.708
pipeline,fast_path,107.375
pipeline,fast_path,74.625
pipeline,fast_path,68.125
pipeline,fast_path,64.333
pipeline,fast_path,66.333
pipeline,fast_path,64.625
pipeline,fast_path,63.834
pipeline,fast_path,62.584
pipeline,fast_path,64.000
pipeline,fast_path,62.916
pipeline,fast_path,67.208
pipeline,fast_path,67.334
pipeline,fast_path,63.208
pipeline,fast_path,63.416
pipeline,fast_path,64.125
pipeline,fast_path,63.916
pipeline,fast_path,61.625
pipeline,fast_path,62.583
pipeline,fast_path,61.834
pipeline,fast_path,63.250
pipeline,fast_path,93.083
pipeline,fast_path,74.708
pipeline,fast_path,68.417
pipeline,fast_path,65.042
pipeline,fast_path,65.458
pipeline,fast_path,64.792
pipeline,fast_path,63.875
pipeline,fast_path,63.833
pipeline,fast_path,62.000
pipeline,fast_path,64.125
pipeline,fast_path,62.291
pipeline,fast_path,61.959
pipeline,fast_path,62.875
pipeline,fast_path,63.167
pipeline,fast_path,61.958
pipeline,fast_path,63.750
pipeline,fast_path,62.583
pipeline,fast_path,62.208
pipeline,fast_path,62.000
pipeline,fast_path,62.917
pipeline,fast_path,93.250
pipeline,fast_path,73.333
pipeline,fast_path,67.292
pipeline,fast_path,68.250
pipeline,fast_path,67.042
pipeline,fast_path,66.792
pipeline,fast_path,65.208
pipeline,fast_path,64.375
pipeline,fast_path,64.750
pipeline,fast_path,65.083
pipeline,fast_path,66.833
pipeline,fast_path,64.166
pipeline,fast_path,64.750
pipeline,fast_path,63.958
pipeline,fast_path,63.875
pipeline,fast_path,62.584
pipeline,fast_path,63.334
pipeline,fast_path,63.458
pipeline,fast_path,63.458
pipeline,fast_path,63.833
pipeline,fast_path,90.458
pipeline,fast_path,71.334
pipeline,fast_path,68.084
pipeline,fast_path,65.625
pipeline,fast_path,64.250
pipeline,fast_path,65.541
pipeline,fast_path,62.750
pipeline,fast_path,64.708
pipeline,fast_path,63.916
pipeline,fast_path,63.500
pipeline,fast_path,63.750
pipeline,fast_path,64.167
pipeline,fast_path,64.542
pipeline,fast_path,64.000
pipeline,fast_path,62.375
pipeline,fast_path,64.333
pipeline,fast_path,63.792
pipeline,fast_path,63.083
pipeline,fast_path,61.417
pipeline,fast_path,63.291
pipeline,fast_path,101.125
pipeline,fast_path,72.250
pipeline,fast_path,67.083
pipeline,fast_path,65.500
pipeline,fast_path,66.459
pipeline,fast_path,64.750
pipeline,fast_path,63.583
pipeline,fast_path,67.083
pipeline,fast_path,67.000
pipeline,fast_path,66.459
pipeline,fast_path,64.750
pipeline,fast_path,64.125
pipeline,fast_path,63.166
pipeline,fast_path,62.209
pipeline,fast_path,62.958
pipeline,fast_path,62.042
pipeline,fast_path,61.917
pipeline,fast_path,60.084
pipeline,fast_path,60.583
pipeline,fast_path,62.166
pipeline,fast_path,98.666
pipeline,fast_path,69.542
pipeline,fast_path,67.750
pipeline,fast_path,65.625
pipeline,fast_path,65.791
pipeline,fast_path,65.750
pipeline,fast_path,63.958
pipeline,fast_path,64.333
pipeline,fast_path,61.584
pipeline,fast_path,63.333
pipeline,fast_path,64.000
pipeline,fast_path,63.625
pipeline,fast_path,63.042
pipeline,fast_path,62.917
pipeline,fast_path,63.042
pipeline,fast_path,63.208
pipeline,fast_path,61.834
pipeline,fast_path,61.250
pipeline,fast_path,61.875
pipeline,fast_path,62.458
pipeline,fast_path,117.167
pipeline,fast_path,86.292
pipeline,fast_path,75.250
pipeline,fast_path,67.958
pipeline,fast_path,77.042
pipeline,fast_path,70.125
pipeline,fast_path,64.083
pipeline,fast_path,66.459
pipeline,fast_path,64.333
pipeline,fast_path,64.416
pipeline,fast_path,66.417
pipeline,fast_path,64.958
pipeline,fast_path,65.416
pipeline,fast_path,66.792
pipeline,fast_path,64.875
pipeline,fast_path,64.500
pipeline,fast_path,63.500
pipeline,fast_path,62.208
pipeline,fast_path,63.291
pipeline,fast_path,64.750
pipeline,fast_path,92.542
pipeline,fast_path,75.625
pipeline,fast_path,69.166
pipeline,fast_path,69.167
pipeline,fast_path,68.542
pipeline,fast_path,70.416
pipeline,fast_path,68.875
pipeline,fast_path,68.583
pipeline,fast_path,95.583
pipeline,fast_path,65.208
pipeline,fast_path,67.667
pipeline,fast_path,68.583
pipeline,fast_path,114.459
pipeline,fast_path,76.458
pipeline,fast_path,68.958
pipeline,fast_path,74.959
pipeline,fast_path,73.166
pipeline,fast_path,67.667
pipeline,fast_path,64.375
pipeline,fast_path,79.708
pipeline,fast_path,109.959
pipeline,fast_path,74.375
pipeline,fast_path,73.583
pipeline,fast_path,88.667
pipeline,fast_path,75.125
pipeline,fast_path,69.417
pipeline,fast_path,67.250
pipeline,fast_path,66.417
pipeline,fast_path,65.250
pipeline,fast_path,64.541
pipeline,fast_path,66.208
pipeline,fast_path,64.792
pipeline,fast_path,64.083
pipeline,fast_path,64.667
pipeline,fast_path,64.125
pipeline,fast_path,63.583
pipeline,fast_path,68.250
pipeline,fast_path,63.416
pipeline,fast_path,63.416
pipeline,fast_path,65.125
pipeline,fast_path,97.292
pipeline,fast_path,75.625
pipeline,fast_path,69.875
pipeline,fast_path,68.375
pipeline,fast_path,70.958
pipeline,fast_path,69.084
pipeline,fast_path,75.250
pipeline,fast_path,68.791
pipeline,fast_path,65.291
pipeline,fast_path,64.958
pipeline,fast_path,64.541
pipeline,fast_path,63.750
pipeline,fast_path,64.500
pipeline,fast_path,65.333
pipeline,fast_path,64.834
pipeline,fast_path,64.375
pipeline,fast_path,62.084
pipeline,fast_path,63.875
pipeline,fast_path,62.708
pipeline,fast_path,64.125
pipeline,fast_path,93.875
pipeline,fast_path,70.375
pipeline,fast_path,69.250
pipeline,fast_path,66.291
pipeline,fast_path,65.250
pipeline,fast_path,66.500
pipeline,fast_path,64.709
pipeline,fast_path,65.833
pipeline,fast_path,64.500
pipeline,fast_path,64.458
pipeline,fast_path,66.667
pipeline,fast_path,65.459
pipeline,fast_path,64.625
pipeline,fast_path,64.167
pipeline,fast_path,63.625
pipeline,fast_path,65.292
pipeline,fast_path,62.041
pipeline,fast_path,63.834
pipeline,fast_path,61.541
pipeline,fast_path,63.333
pipeline,fast_path,95.125
pipeline,fast_path,73.709
pipeline,fast_path,69.833
pipeline,fast_path,69.250
pipeline,fast_path,72.583
pipeline,fast_path,71.792
pipeline,fast_path,70.417
pipeline,fast_path,68.084
pipeline,fast_path,62.792
pipeline,fast_path,64.209
pipeline,fast_path,64.041
pipeline,fast_path,61.375
pipeline,fast_path,63.458
pipeline,fast_path,63.584
pipeline,fast_path,63.167
pipeline,fast_path,63.791
pipeline,fast_path,62.667
pipeline,fast_path,62.625
pipeline,fast_path,61.833
pipeline,fast_path,63.417
pipeline,fast_path,90.334
pipeline,fast_path,68.709
pipeline,fast_path,67.292
pipeline,fast_path,66.250
pipeline,fast_path,65.375
pipeline,fast_path,64.916
pipeline,fast_path,63.667
pipeline,fast_path,63.625
pipeline,fast_path,64.125
pipeline,fast_path,63.500
pipeline,fast_path,64.792
pipeline,fast_path,66.834
pipeline,fast_path,62.166
pipeline,fast_path,62.333
pipeline,fast_path,62.875
pipeline,fast_path,63.375
pipeline,fast_path,62.750
pipeline,fast_path,62.458
pipeline,fast_path,65.833
pipeline,fast_path,66.584
pipeline,fast_path,102.125
pipeline,fast_path,72.042
pipeline,fast_path,69.500
pipeline,fast_path,67.208
pipeline,fast_path,67.292
pipeline,fast_path,66.666
pipeline,fast_path,66.250
pipeline,fast_path,69.375
pipeline,fast_path,65.375
pipeline,fast_path,65.542
pipeline,fast_path,65.791
pipeline,fast_path,64.333
pipeline,fast_path,65.833
pipeline,fast_path,64.083
pipeline,fast_path,62.458
pipeline,fast_path,63.834
pipeline,fast_path,62.750
pipeline,fast_path,69.667
pipeline,fast_path,62.750
pipeline,fast_path,64.208
pipeline,fast_path,90.750
pipeline,fast_path,71.000
pipeline,fast_path,66.292
pipeline,fast_path,66.625
pipeline,fast_path,66.083
pipeline,fast_path,65.500
pipeline,fast_path,63.708
pipeline,fast_path,65.000
pipeline,fast_path,63.917
pipeline,fast_path,63.958
pipeline,fast_path,62.250
pipeline,fast_path,64.167
pipeline,fast_path,63.583
pipeline,fast_path,62.875
pipeline,fast_path,62.333
pipeline,fast_path,63.125
pipeline,fast_path,62.709
pipeline,fast_path,62.791
pipeline,fast_path,62.875
pipeline,fast_path,64.000
pipeline,fast_path,94.667
pipeline,fast_path,99.083
pipeline,fast_path,71.958
pipeline,fast_path,67.667
pipeline,fast_path,66.292
pipeline,fast_path,64.417
pipeline,fast_path,64.917
pipeline,fast_path,65.125
pipeline,fast_path,64.334
pipeline,fast_path,62.958
pipeline,fast_path,65.041
pipeline,fast_path,64.500
pipeline,fast_path,67.750
pipeline,fast_path,62.541
pipeline,fast_path,65.083
pipeline,fast_path,64.917
pipeline,fast_path,64.292
pipeline,fast_path,64.334
pipeline,fast_path,63.791
pipeline,fast_path,64.625
pipeline,fast_path,94.792
pipeline,fast_path,72.417
pipeline,fast_path,68.167
pipeline,fast_path,67.000
pipeline,fast_path,65.708
pipeline,fast_path,66.833
pipeline,fast_path,66.459
pipeline,fast_path,67.167
pipeline,fast_path,64.250
pipeline,fast_path,64.916
pipeline,fast_path,63.208
pipeline,fast_path,64.375
pipeline,fast_path,64.166
pipeline,fast_path,63.250
pipeline,fast_path,63.750
pipeline,fast_path,63.750
pipeline,fast_path,62.959
pipeline,fast_path,62.708
pipeline,fast_path,64.834
pipeline,fast_path,63.708
pipeline,fast_path,100.625
pipeline,fast_path,75.834
pipeline,fast_path,69.292
pipeline,fast_path,67.417
pipeline,fast_path,67.000
pipeline,fast_path,65.833
pipeline,fast_path,65.750
pipeline,fast_path,66.833
pipeline,fast_path,66.250
pipeline,fast_path,63.917
pipeline,fast_path,65.084
pipeline,fast_path,65.375
pipeline,fast_path,65.709
pipeline,fast_path,64.042
pipeline,fast_path,64.041
pipeline,fast_path,66.458
pipeline,fast_path,65.917
pipeline,fast_path,62.417
pipeline,fast_path,61.875
pipeline,fast_path,62.750
pipeline,fast_path,90.750
pipeline,fast_path,70.250
pipeline,fast_path,68.916
pipeline,fast_path,67.292
pipeline,fast_path,66.708
pipeline,fast_path,66.209
pipeline,fast_path,65.500
pipeline,fast_path,64.333
pipeline,fast_path,63.167
pipeline,fast_path,62.292
pipeline,fast_path,64.583
pipeline,fast_path,64.334
pipeline,fast_path,63.833
pipeline,fast_path,62.958
pipeline,fast_path,66.292
pipeline,fast_path,65.584
pipeline,fast_path,63.459
pipeline,fast_path,62.875
pipeline,fast_path,63.208
pipeline,fast_path,62.834
pipeline,fast_path,91.541
pipeline,fast_path,70.084
pipeline,fast_path,66.500
pipeline,fast_path,70.417
pipeline,fast_path,69.125
pipeline,fast_path,64.791
pipeline,fast_path,65.042
pipeline,fast_path,64.709
pipeline,fast_path,65.083
pipeline,fast_path,64.250
pipeline,fast_path,64.333
pipeline,fast_path,62.458
pipeline,fast_path,63.541
pipeline,fast_path,63.791
pipeline,fast_path,64.250
pipeline,fast_path,62.959
pipeline,fast_path,62.750
pipeline,fast_path,62.667
pipeline,fast_path,61.958
pipeline,fast_path,63.041
pipeline,fast_path,93.500
pipeline,fast_path,71.167
pipeline,fast_path,67.958
pipeline,fast_path,66.250
pipeline,fast_path,65.459
pipeline,fast_path,64.208
pipeline,fast_path,63.459
pipeline,fast_path,62.625
pipeline,fast_path,62.958
pipeline,fast_path,62.625
pipeline,fast_path,63.542
pipeline,fast_path,62.625
pipeline,fast_path,63.167
pipeline,fast_path,61.875
pipeline,fast_path,61.542
pipeline,fast_path,61.542
pipeline,fast_path,62.208
pipeline,fast_path,65.500
pipeline,fast_path,61.375
pipeline,fast_path,61.250
pipeline,fast_path,98.292
pipeline,fast_path,70.958
pipeline,fast_path,65.375
pipeline,fast_path,65.958
pipeline,fast_path,65.208
pipeline,fast_path,65.292
pipeline,fast_path,64.542
pipeline,fast_path,63.958
pipeline,fast_path,62.292
pipeline,fast_path,65.042
pipeline,fast_path,64.792
pipeline,fast_path,63.583
pipeline,fast_path,63.625
pipeline,fast_path,66.708
pipeline,fast_path,63.291
pipeline,fast_path,64.083
pipeline,fast_path,60.833
pipeline,fast_path,62.708
pipeline,fast_path,63.000
pipeline,fast_path,61.458
pipeline,fast_path,105.750
pipeline,fast_path,73.375
pipeline,fast_path,69.500
pipeline,fast_path,67.000
pipeline,fast_path,63.875
pipeline,fast_path,66.042
pipeline,fast_path,64.417
pipeline,fast_path,64.792
pipeline,fast_path,64.042
pipeline,fast_path,64.625
pipeline,fast_path,64.500
pipeline,fast_path,64.750
pipeline,fast_path,63.542
pipeline,fast_path,62.542
pipeline,fast_path,63.958
pipeline,fast_path,92.417
pipeline,fast_path,65.250
pipeline,fast_path,64.542
pipeline,fast_path,62.500
pipeline,fast_path,62.333
pipeline,fast_path,98.542
pipeline,fast_path,72.042
pipeline,fast_path,68.708
pipeline,fast_path,66.417
pipeline,fast_path,64.417
pipeline,fast_path,63.209
pipeline,fast_path,63.833
pipeline,fast_path,65.000
pipeline,fast_path,63.625
pipeline,fast_path,64.834
pipeline,fast_path,64.417
pipeline,fast_path,62.833
pipeline,fast_path,63.500
pipeline,fast_path,63.333
pipeline,fast_path,63.583
pipeline,fast_path,63.125
pipeline,fast_path,66.625
pipeline,fast_path,62.333
pipeline,fast_path,62.542
pipeline,fast_path,62.500
pipeline,fast_path,103.167
pipeline,fast_path,75.500
pipeline,fast_path,67.834
pipeline,fast_path,66.750
pipeline,fast_path,65.625
pipeline,fast_path,64.417
pipeline,fast_path,62.583
pipeline,fast_path,64.209
pipeline,fast_path,62.500
pipeline,fast_path,64.667
pipeline,fast_path,64.458
pipeline,fast_path,62.625
pipeline,fast_path,63.959
pipeline,fast_path,70.959
pipeline,fast_path,63.666
pipeline,fast_path,62.709
pipeline,fast_path,62.584
pipeline,fast_path,62.667
pipeline,fast_path,61.292
pipeline,fast_path,63.250
pipeline,fast_path,102.125
pipeline,fast_path,77.834
pipeline,fast_path,72.125
pipeline,fast_path,68.083
pipeline,fast_path,66.708
pipeline,fast_path,64.417
pipeline,fast_path,65.500
pipeline,fast_path,65.500
pipeline,fast_path,65.583
pipeline,fast_path,64.750
pipeline,fast_path,65.584
pipeline,fast_path,67.792
pipeline,fast_path,67.833
pipeline,fast_path,63.000
pipeline,fast_path,63.666
pipeline,fast_path,63.167
pipeline,fast_path,63.500
pipeline,fast_path,62.667
pipeline,fast_path,63.166
pipeline,fast_path,62.958
pipeline,fast_path,107.250
pipeline,fast_path,74.542
pipeline,fast_path,69.084
pipeline,fast_path,66.833
pipeline,fast_path,65.875
pipeline,fast_path,65.667
pipeline,fast_path,63.834
pipeline,fast_path,64.167
pipeline,fast_path,63.708
pipeline,fast_path,64.416
pipeline,fast_path,64.709
pipeline,fast_path,63.250
pipeline,fast_path,63.708
pipeline,fast_path,62.500
pipeline,fast_path,62.708
pipeline,fast_path,63.833
pipeline,fast_path,62.958
pipeline,fast_path,63.291
pipeline,fast_path,63.041
pipeline,fast_path,63.125
pipeline,fast_path,94.000
pipeline,fast_path,73.375
pipeline,fast_path,69.334
pipeline,fast_path,65.042
pipeline,fast_path,65.458
pipeline,fast_path,65.416
pipeline,fast_path,62.833
pipeline,fast_path,65.292
pipeline,fast_path,63.709
pipeline,fast_path,64.416
pipeline,fast_path,64.667
pipeline,fast_path,63.792
pipeline,fast_path,62.667
pipeline,fast_path,64.792
pipeline,fast_path,64.250
pipeline,fast_path,63.541
pipeline,fast_path,64.667
pipeline,fast_path,61.667
pipeline,fast_path,63.333
pipeline,fast_path,64.166
pipeline,fast_path,96.625
pipeline,fast_path,74.125
pipeline,fast_path,66.958
pipeline,fast_path,66.208
pipeline,fast_path,63.791
pipeline,fast_path,65.333
pipeline,fast_path,63.542
pipeline,fast_path,64.416
pipeline,fast_path,62.292
pipeline,fast_path,65.208
pipeline,fast_path,65.000
pipeline,fast_path,62.208
pipeline,fast_path,64.292
pipeline,fast_path,61.792
pipeline,fast_path,63.542
pipeline,fast_path,68.041
pipeline,fast_path,63.125
pipeline,fast_path,62.500
pipeline,fast_path,63.875
pipeline,fast_path,64.208
pipeline,fast_path,107.917
pipeline,fast_path,75.333
pipeline,fast_path,71.542
pipeline,fast_path,67.500
pipeline,fast_path,68.334
pipeline,fast_path,65.666
pipeline,fast_path,63.875
pipeline,fast_path,68.042
pipeline,fast_path,66.667
pipeline,fast_path,63.083
pipeline,fast_path,64.041
pipeline,fast_path,62.875
pipeline,fast_path,62.625
pipeline,fast_path,63.125
pipeline,fast_path,62.541
pipeline,fast_path,64.125
pipeline,fast_path,62.125
pipeline,fast_path,61.833
pipeline,fast_path,61.125
pipeline,fast_path,63.125
pipeline,fast_path,87.417
pipeline,fast_path,71.542
pipeline,fast_path,68.334
pipeline,fast_path,63.792
pipeline,fast_path,65.333
pipeline,fast_path,64.416
pipeline,fast_path,63.542
pipeline,fast_path,62.584
pipeline,fast_path,89.417
pipeline,fast_path,63.166
pipeline,fast_path,63.250
pipeline,fast_path,63.125
pipeline,fast_path,62.584
pipeline,fast_path,63.250
pipeline,fast_path,63.458
pipeline,fast_path,62.458
pipeline,fast_path,61.417
pipeline,fast_path,62.959
pipeline,fast_path,61.042
pipeline,fast_path,62.916
pipeline,fast_path,95.791
pipeline,fast_path,71.250
pipeline,fast_path,67.625
pipeline,fast_path,66.125
pipeline,fast_path,66.000
pipeline,fast_path,64.041
pipeline,fast_path,64.041
pipeline,fast_path,64.458
pipeline,fast_path,64.125
pipeline,fast_path,63.167
pipeline,fast_path,64.625
pipeline,fast_path,63.000
pipeline,fast_path,63.208
pipeline,fast_path,62.875
pipeline,fast_path,64.000
pipeline,fast_path,64.125
pipeline,fast_path,63.542
pipeline,fast_path,62.750
pipeline,fast_path,63.083
pipeline,fast_path,63.917
pipeline,fast_path,111.125
pipeline,fast_path,75.708
pipeline,fast_path,70.334
pipeline,fast_path,72.041
pipeline,fast_path,66.667
pipeline,fast_path,65.792
pipeline,fast_path,66.000
pipeline,fast_path,65.417
pipeline,fast_path,64.291
pipeline,fast_path,63.500
pipeline,fast_path,63.625
pipeline,fast_path,64.708
pipeline,fast_path,64.458
pipeline,fast_path,63.583
pipeline,fast_path,63.542
pipeline,fast_path,68.959
pipeline,fast_path,63.834
pipeline,fast_path,63.833
pipeline,fast_path,63.083
pipeline,fast_path,63.750
pipeline,fast_path,94.708
pipeline,fast_path,79.333
pipeline,fast_path,68.041
pipeline,fast_path,67.083
pipeline,fast_path,65.709
pipeline,fast_path,63.542
pipeline,fast_path,65.500
pipeline,fast_path,63.500
pipeline,fast_path,63.292
pipeline,fast_path,65.291
pipeline,fast_path,64.208
pipeline,fast_path,65.042
pipeline,fast_path,65.042
pipeline,fast_path,68.334
pipeline,fast_path,67.167
pipeline,fast_path,65.000
pipeline,fast_path,62.958
pipeline,fast_path,64.042
pipeline,fast_path,63.250
pipeline,fast_path,64.875
pipeline,fast_path,91.875
pipeline,fast_path,70.750
pipeline,fast_path,67.542
pipeline,fast_path,67.166
pipeline,fast_path,65.792
pipeline,fast_path,65.250
pipeline,fast_path,64.708
pipeline,fast_path,65.416
pipeline,fast_path,65.333
pipeline,fast_path,64.167
pipeline,fast_path,64.125
pipeline,fast_path,65.542
pipeline,fast_path,64.625
pipeline,fast_path,64.042
pipeline,fast_path,67.291
pipeline,fast_path,61.291
pipeline,fast_path,64.667
pipeline,fast_path,66.458
pipeline,fast_path,63.417
pipeline,fast_path,64.208
pipeline,fast_path,100.584
pipeline,fast_path,74.459
pipeline,fast_path,69.709
pipeline,fast_path,66.791
pipeline,fast_path,65.250
pipeline,fast_path,66.292
pipeline,fast_path,66.042
pipeline,fast_path,65.125
pipeline,fast_path,63.166
pipeline,fast_path,63.625
pipeline,fast_path,64.292
pipeline,fast_path,64.625
pipeline,fast_path,62.959
pipeline,fast_path,61.667
pipeline,fast_path,64.042
pipeline,fast_path,63.750
pipeline,fast_path,62.750
pipeline,fast_path,62.541
pipeline,fast_path,61.166
pipeline,fast_path,62.708
pipeline,fast_path,96.959
pipeline,fast_path,76.375
pipeline,fast_path,72.500
pipeline,fast_path,67.666
pipeline,fast_path,65.542
pipeline,fast_path,65.833
pipeline,fast_path,65.167
pipeline,fast_path,64.541
pipeline,fast_path,64.875
pipeline,fast_path,63.750
pipeline,fast_path,65.000
pipeline,fast_path,64.792
pipeline,fast_path,64.833
pipeline,fast_path,65.125
pipeline,fast_path,64.542
pipeline,fast_path,63.833
pipeline,fast_path,63.416
pipeline,fast_path,61.875
pipeline,fast_path,63.917
pipeline,fast_path,63.875
pipeline,fast_path,94.167
pipeline,fast_path,71.084
pipeline,fast_path,69.667
pipeline,fast_path,67.375
pipeline,fast_path,66.750
pipeline,fast_path,66.375
pipeline,fast_path,65.750
pipeline,fast_path,64.458
pipeline,fast_path,64.583
pipeline,fast_path,65.042
pipeline,fast_path,63.375
pipeline,fast_path,65.125
pipeline,fast_path,65.125
pipeline,fast_path,63.584
pipeline,fast_path,64.250
pipeline,fast_path,64.333
pipeline,fast_path,64.083
pipeline,fast_path,63.250
pipeline,fast_path,63.291
pipeline,fast_path,63.167
pipeline,fast_path,96.166
pipeline,fast_path,96.167
pipeline,fast_path,68.791
pipeline,fast_path,66.334
pipeline,fast_path,67.166
pipeline,fast_path,69.958
pipeline,fast_path,63.584
pipeline,fast_path,64.875
pipeline,fast_path,63.250
pipeline,fast_path,63.583
pipeline,fast_path,64.000
pipeline,fast_path,63.458
pipeline,fast_path,63.000
pipeline,fast_path,61.291
pipeline,fast_path,63.083
pipeline,fast_path,61.792
pipeline,fast_path,62.250
pipeline,fast_path,63.000
pipeline,fast_path,62.500
pipeline,fast_path,62.250
pipeline,fast_path,97.334
pipeline,fast_path,73.084
pipeline,fast_path,69.333
pipeline,fast_path,66.583
pipeline,fast_path,64.709
pipeline,fast_path,64.584
pipeline,fast_path,65.625
pipeline,fast_path,66.042
pipeline,fast_path,64.625
pipeline,fast_path,62.625
pipeline,fast_path,65.333
pipeline,fast_path,64.709
pipeline,fast_path,72.250
pipeline,fast_path,64.084
pipeline,fast_path,63.416
pipeline,fast_path,64.042
pipeline,fast_path,63.125
pipeline,fast_path,62.458
pipeline,fast_path,63.250
pipeline,fast_path,62.875
pipeline,fast_path,101.875
pipeline,fast_path,74.625
pipeline,fast_path,68.083
pipeline,fast_path,66.208
pipeline,fast_path,66.208
pipeline,fast_path,66.792
pipeline,fast_path,64.333
pipeline,fast_path,65.917
pipeline,fast_path,64.292
pipeline,fast_path,63.750
pipeline,fast_path,64.334
pipeline,fast_path,66.875
pipeline,fast_path,65.209
pipeline,fast_path,63.666
pipeline,fast_path,63.208
pipeline,fast_path,65.791
pipeline,fast_path,64.333
pipeline,fast_path,63.250
pipeline,fast_path,62.833
pipeline,fast_path,63.333
pipeline,fast_path,97.916
pipeline,fast_path,74.000
pipeline,fast_path,70.334
pipeline,fast_path,68.292
pipeline,fast_path,66.291
pipeline,fast_path,66.291
pipeline,fast_path,65.167
pipeline,fast_path,65.417
pipeline,fast_path,64.416
pipeline,fast_path,64.375
pipeline,fast_path,64.208
pipeline,fast_path,64.083
pipeline,fast_path,65.083
pipeline,fast_path,64.167
pipeline,fast_path,64.459
pipeline,fast_path,64.250
pipeline,fast_path,63.666
pipeline,fast_path,62.916
pipeline,fast_path,64.042
pipeline,fast_path,63.583
pipeline,fast_path,93.083
pipeline,fast_path,71.416
pipeline,fast_path,67.958
pipeline,fast_path,66.291
pipeline,fast_path,65.334
pipeline,fast_path,65.041
pipeline,fast_path,65.500
pipeline,fast_path,66.250
pipeline,fast_path,66.625
pipeline,fast_path,62.250
pipeline,fast_path,65.083
pipeline,fast_path,69.125
pipeline,fast_path,64.417
pipeline,fast_path,63.000
pipeline,fast_path,63.791
pipeline,fast_path,66.833
pipeline,fast_path,65.000
pipeline,fast_path,63.583
pipeline,fast_path,63.208
pipeline,fast_path,63.917
pipeline,fast_path,95.750
pipeline,fast_path,72.625
pipeline,fast_path,67.500
pipeline,fast_path,71.000
pipeline,fast_path,67.292
pipeline,fast_path,64.500
pipeline,fast_path,64.958
pipeline,fast_path,65.084
pipeline,fast_path,64.416
pipeline,fast_path,65.541
pipeline,fast_path,64.875
pipeline,fast_path,63.542
pipeline,fast_path,64.667
pipeline,fast_path,64.584
pipeline,fast_path,62.125
pipeline,fast_path,62.625
pipeline,fast_path,63.000
pipeline,fast_path,61.250
pipeline,fast_path,62.542
pipeline,fast_path,63.500
pipeline,fast_path,95.541
pipeline,fast_path,73.042
pipeline,fast_path,68.458
pipeline,fast_path,66.875
pipeline,fast_path,65.791
pipeline,fast_path,65.084
pipeline,fast_path,64.250
pipeline,fast_path,64.458
pipeline,fast_path,63.541
pipeline,fast_path,63.834
pipeline,fast_path,64.041
pipeline,fast_path,63.375
pipeline,fast_path,61.833
pipeline,fast_path,63.042
pipeline,fast_path,62.916
pipeline,fast_path,62.208
pipeline,fast_path,62.500
pipeline,fast_path,62.667
pipeline,fast_path,62.000
pipeline,fast_path,62.625
pipeline,fast_path,88.541
pipeline,fast_path,72.500
pipeline,fast_path,69.042
pipeline,fast_path,65.541
pipeline,fast_path,64.958
pipeline,fast_path,64.666
pipeline,fast_path,63.000
pipeline,fast_path,63.875
pipeline,fast_path,64.166
pipeline,fast_path,65.042
pipeline,fast_path,65.334
pipeline,fast_path,64.083
pipeline,fast_path,63.208
pipeline,fast_path,62.083
pipeline,fast_path,63.042
pipeline,fast_path,88.334
pipeline,fast_path,65.166
pipeline,fast_path,63.375
pipeline,fast_path,63.875
pipeline,fast_path,61.834
pipeline,fast_path,89.500
pipeline,fast_path,74.500
pipeline,fast_path,77.250
pipeline,fast_path,68.792
pipeline,fast_path,63.875
pipeline,fast_path,64.292
pipeline,fast_path,62.208
pipeline,fast_path,64.500
pipeline,fast_path,61.875
pipeline,fast_path,63.542
pipeline,fast_path,62.167
pipeline,fast_path,63.042
pipeline,fast_path,62.708
pipeline,fast_path,63.500
pipeline,fast_path,62.792
pipeline,fast_path,63.791
pipeline,fast_path,62.000
pipeline,fast_path,63.125
pipeline,fast_path,61.000
pipeline,fast_path,63.125
pipeline,fast_path,93.041
pipeline,fast_path,73.125
pipeline,fast_path,71.875
pipeline,fast_path,66.125
pipeline,fast_path,69.291
pipeline,fast_path,73.125
pipeline,fast_path,65.708
pipeline,fast_path,67.167
pipeline,fast_path,68.250
pipeline,fast_path,63.834
pipeline,fast_path,64.333
pipeline,fast_path,63.875
pipeline,fast_path,62.625
pipeline,fast_path,63.916
pipeline,fast_path,63.584
pipeline,fast_path,69.250
pipeline,fast_path,65.042
pipeline,fast_path,64.375
pipeline,fast_path,62.875
pipeline,fast_path,63.708
pipeline,fast_path,90.250
pipeline,fast_path,71.916
pipeline,fast_path,69.208
pipeline,fast_path,69.209
pipeline,fast_path,64.125
pipeline,fast_path,65.709
pipeline,fast_path,64.750
pipeline,fast_path,64.208
pipeline,fast_path,63.375
pipeline,fast_path,64.625
pipeline,fast_path,65.916
pipeline,fast_path,64.167
pipeline,fast_path,65.167
pipeline,fast_path,63.958
pipeline,fast_path,63.250
pipeline,fast_path,63.334
pipeline,fast_path,62.875
pipeline,fast_path,63.000
pipeline,fast_path,63.292
pipeline,fast_path,63.875
pipeline,fast_path,101.250
pipeline,fast_path,79.833
pipeline,fast_path,71.500
pipeline,fast_path,69.416
pipeline,fast_path,64.084
pipeline,fast_path,64.000
pipeline,fast_path,63.584
pipeline,fast_path,64.458
pipeline,fast_path,61.500
pipeline,fast_path,64.041
pipeline,fast_path,64.125
pipeline,fast_path,63.666
pipeline,fast_path,63.917
pipeline,fast_path,62.291
pipeline,fast_path,63.875
pipeline,fast_path,62.750
pipeline,fast_path,62.541
pipeline,fast_path,62.166
pipeline,fast_path,62.125
pipeline,fast_path,62.791
pipeline,fast_path,104.834
pipeline,fast_path,77.541
pipeline,fast_path,69.541
pipeline,fast_path,65.625
pipeline,fast_path,71.625
pipeline,fast_path,76.375
pipeline,fast_path,68.375
pipeline,fast_path,64.417
pipeline,fast_path,61.583
pipeline,fast_path,63.292
pipeline,fast_path,62.750
pipeline,fast_path,62.292
pipeline,fast_path,63.625
pipeline,fast_path,61.250
pipeline,fast_path,63.750
pipeline,fast_path,63.625
pipeline,fast_path,63.167
pipeline,fast_path,63.167
pipeline,fast_path,62.583
pipeline,fast_path,61.375
pipeline,fast_path,95.542
pipeline,fast_path,78.708
pipeline,fast_path,71.041
pipeline,fast_path,69.208
pipeline,fast_path,77.583
pipeline,fast_path,66.958
pipeline,fast_path,64.584
pipeline,fast_path,65.083
pipeline,fast_path,67.083
pipeline,fast_path,72.167
pipeline,fast_path,65.833
pipeline,fast_path,70.041
pipeline,fast_path,66.084
pipeline,fast_path,63.375
pipeline,fast_path,64.167
pipeline,fast_path,65.125
pipeline,fast_path,64.000
pipeline,fast_path,63.625
pipeline,fast_path,61.541
pipeline,fast_path,64.625
pipeline,fast_path,89.833
pipeline,fast_path,71.542
pipeline,fast_path,68.500
pipeline,fast_path,65.250
pipeline,fast_path,64.875
pipeline,fast_path,64.208
pipeline,fast_path,64.250
pipeline,fast_path,64.750
pipeline,fast_path,66.583
pipeline,fast_path,67.250
pipeline,fast_path,64.875
pipeline,fast_path,64.083
pipeline,fast_path,64.375
pipeline,fast_path,63.959
pipeline,fast_path,64.333
pipeline,fast_path,63.959
pipeline,fast_path,63.125
pipeline,fast_path,64.959
pipeline,fast_path,62.500
pipeline,fast_path,64.333
pipeline,fast_path,98.083
pipeline,fast_path,73.584
pipeline,fast_path,69.875
pipeline,fast_path,65.917
pipeline,fast_path,64.875
pipeline,fast_path,65.167
pipeline,fast_path,65.041
pipeline,fast_path,63.459
pipeline,fast_path,89.334
pipeline,fast_path,66.042
pipeline,fast_path,65.167
pipeline,fast_path,64.708
pipeline,fast_path,63.958
pipeline,fast_path,63.416
pipeline,fast_path,64.541
pipeline,fast_path,64.625
pipeline,fast_path,62.917
pipeline,fast_path,62.666
pipeline,fast_path,62.375
pipeline,fast_path,64.000
pipeline,fast_path,97.167
pipeline,fast_path,74.917
pipeline,fast_path,68.292
pipeline,fast_path,68.209
pipeline,fast_path,66.709
pipeline,fast_path,65.625
pipeline,fast_path,64.291
pipeline,fast_path,65.292
pipeline,fast_path,63.542
pipeline,fast_path,75.041
pipeline,fast_path,74.208
pipeline,fast_path,73.833
pipeline,fast_path,67.792
pipeline,fast_path,63.208
pipeline,fast_path,64.500
pipeline,fast_path,64.875
pipeline,fast_path,63.875
pipeline,fast_path,63.458
pipeline,fast_path,63.000
pipeline,fast_path,62.500
pipeline,fast_path,89.583
pipeline,fast_path,70.750
pipeline,fast_path,67.667
pipeline,fast_path,66.458
pipeline,fast_path,65.583
pipeline,fast_path,64.208
pipeline,fast_path,64.167
pipeline,fast_path,64.833
pipeline,fast_path,63.917
pipeline,fast_path,64.834
pipeline,fast_path,63.917
pipeline,fast_path,61.917
pipeline,fast_path,64.250
pipeline,fast_path,62.625
pipeline,fast_path,63.833
pipeline,fast_path,63.250
pipeline,fast_path,62.792
pipeline,fast_path,66.625
pipeline,fast_path,61.292
pipeline,fast_path,62.834
pipeline,fast_path,91.083
pipeline,fast_path,69.958
pipeline,fast_path,67.500
pipeline,fast_path,65.916
pipeline,fast_path,63.250
pipeline,fast_path,63.167
pipeline,fast_path,63.000
pipeline,fast_path,63.708
pipeline,fast_path,63.166
pipeline,fast_path,71.459
pipeline,fast_path,62.125
pipeline,fast_path,62.416
pipeline,fast_path,62.625
pipeline,fast_path,61.541
pipeline,fast_path,62.750
pipeline,fast_path,63.458
pipeline,fast_path,62.459
pipeline,fast_path,62.958
pipeline,fast_path,61.667
pipeline,fast_path,62.042
pipeline,fast_path,88.833
pipeline,fast_path,72.167
pipeline,fast_path,68.125
pipeline,fast_path,66.917
pipeline,fast_path,65.250
pipeline,fast_path,65.041
pipeline,fast_path,63.166
pipeline,fast_path,63.916
pipeline,fast_path,62.166
pipeline,fast_path,63.541
pipeline,fast_path,64.167
pipeline,fast_path,62.167
pipeline,fast_path,63.084
pipeline,fast_path,62.750
pipeline,fast_path,63.750
pipeline,fast_path,63.375
pipeline,fast_path,61.542
pipeline,fast_path,62.417
pipeline,fast_path,62.542
pipeline,fast_path,63.458
pipeline,fast_path,108.375
pipeline,fast_path,74.417
pipeline,fast_path,67.542
pipeline,fast_path,66.292
pipeline,fast_path,64.500
pipeline,fast_path,65.875
pipeline,fast_path,63.875
pipeline,fast_path,64.750
pipeline,fast_path,65.666
pipeline,fast_path,65.250
pipeline,fast_path,64.583
pipeline,fast_path,64.250
pipeline,fast_path,65.625
pipeline,fast_path,66.916
pipeline,fast_path,64.167
pipeline,fast_path,63.875
pipeline,fast_path,62.958
pipeline,fast_path,62.958
pipeline,fast_path,62.708
pipeline,fast_path,61.917
pipeline,fast_path,106.917
pipeline,fast_path,76.291
pipeline,fast_path,68.542
pipeline,fast_path,65.000
pipeline,fast_path,65.208
pipeline,fast_path,68.792
pipeline,fast_path,62.000
pipeline,fast_path,64.208
pipeline,fast_path,63.833
pipeline,fast_path,64.125
pipeline,fast_path,64.708
pipeline,fast_path,62.792
pipeline,fast_path,64.250
pipeline,fast_path,64.292
pipeline,fast_path,63.792
pipeline,fast_path,64.042
pipeline,fast_path,63.500
pipeline,fast_path,61.917
pipeline,fast_path,62.959
pipeline,fast_path,63.500
pipeline,fast_path,107.916
pipeline,fast_path,74.542
pipeline,fast_path,67.916
pipeline,fast_path,67.500
pipeline,fast_path,66.708
pipeline,fast_path,66.417
pipeline,fast_path,65.250
pipeline,fast_path,66.041
pipeline,fast_path,65.042
pipeline,fast_path,65.292
pipeline,fast_path,65.333
pipeline,fast_path,64.500
pipeline,fast_path,64.500
pipeline,fast_path,63.833
pipeline,fast_path,64.250
pipeline,fast_path,64.209
pipeline,fast_path,63.375
pipeline,fast_path,62.292
pipeline,fast_path,62.541
pipeline,fast_path,63.583
pipeline,fast_path,93.125
pipeline,fast_path,97.333
pipeline,fast_path,69.209
pipeline,fast_path,66.833
pipeline,fast_path,65.333
pipeline,fast_path,63.959
pipeline,fast_path,63.541
pipeline,fast_path,64.666
pipeline,fast_path,64.875
pipeline,fast_path,64.875
pipeline,fast_path,65.167
pipeline,fast_path,67.500
pipeline,fast_path,63.541
pipeline,fast_path,63.333
pipeline,fast_path,64.125
pipeline,fast_path,64.000
pipeline,fast_path,63.875
pipeline,fast_path,63.292
pipeline,fast_path,63.500
pipeline,fast_path,63.666
pipeline,fast_path,95.125
pipeline,fast_path,70.917
pipeline,fast_path,72.584
pipeline,fast_path,68.167
pipeline,fast_path,66.334
pipeline,fast_path,64.791
pipeline,fast_path,63.791
pipeline,fast_path,64.583
pipeline,fast_path,63.000
pipeline,fast_path,63.542
pipeline,fast_path,64.375
pipeline,fast_path,62.917
pipeline,fast_path,63.667
pipeline,fast_path,64.083
pipeline,fast_path,63.333
pipeline,fast_path,62.959
pipeline,fast_path,63.875
pipeline,fast_path,66.209
pipeline,fast_path,64.625
pipeline,fast_path,64.458
pipeline,fast_path,96.334
pipeline,fast_path,73.292
pipeline,fast_path,69.625
pipeline,fast_path,68.084
pipeline,fast_path,65.709
pipeline,fast_path,64.959
pipeline,fast_path,64.583
pipeline,fast_path,66.000
pipeline,fast_path,67.292
pipeline,fast_path,64.792
pipeline,fast_path,63.958
pipeline,fast_path,63.917
pipeline,fast_path,64.208
pipeline,fast_path,62.625
pipeline,fast_path,62.542
pipeline,fast_path,67.666
pipeline,fast_path,61.625
pipeline,fast_path,63.041
pipeline,fast_path,63.208
pipeline,fast_path,63.458
pipeline,fast_path,94.375
pipeline,fast_path,71.250
pipeline,fast_path,67.291
pipeline,fast_path,65.834
pipeline,fast_path,67.041
pipeline,fast_path,65.625
pipeline,fast_path,65.125
pipeline,fast_path,64.708
pipeline,fast_path,64.666
pipeline,fast_path,64.333
pipeline,fast_path,68.167
pipeline,fast_path,66.666
pipeline,fast_path,65.208
pipeline,fast_path,63.750
pipeline,fast_path,62.709
pipeline,fast_path,64.000
pipeline,fast_path,63.542
pipeline,fast_path,62.833
pipeline,fast_path,63.625
pipeline,fast_path,62.500
pipeline,fast_path,96.125
pipeline,fast_path,72.666
pipeline,fast_path,69.375
pipeline,fast_path,67.208
pipeline,fast_path,65.708
pipeline,fast_path,65.417
pipeline,fast_path,64.916
pipeline,fast_path,64.125
pipeline,fast_path,64.416
pipeline,fast_path,62.708
pipeline,fast_path,64.834
pipeline,fast_path,63.833
pipeline,fast_path,63.542
pipeline,fast_path,64.041
pipeline,fast_path,63.166
pipeline,fast_path,64.000
pipeline,fast_path,62.917
pipeline,fast_path,63.541
pipeline,fast_path,63.292
pipeline,fast_path,64.042
pipeline,fast_path,95.250
pipeline,fast_path,73.333
pipeline,fast_path,68.959
pipeline,fast_path,65.959
pipeline,fast_path,64.875
pipeline,fast_path,65.875
pipeline,fast_path,64.042
pipeline,fast_path,64.542
pipeline,fast_path,63.916
pipeline,fast_path,64.500
pipeline,fast_path,63.791
pipeline,fast_path,66.375
pipeline,fast_path,65.500
pipeline,fast_path,67.708
pipeline,fast_path,64.083
pipeline,fast_path,64.792
pipeline,fast_path,64.250
pipeline,fast_path,61.250
pipeline,fast_path,63.458
pipeline,fast_path,63.417
pipeline,fast_path,92.542
pipeline,fast_path,73.000
pipeline,fast_path,68.625
pipeline,fast_path,66.083
pipeline,fast_path,64.833
pipeline,fast_path,65.667
pipeline,fast_path,64.208
pipeline,fast_path,68.000
pipeline,fast_path,68.042
pipeline,fast_path,64.583
pipeline,fast_path,64.667
pipeline,fast_path,64.709
pipeline,fast_path,64.084
pipeline,fast_path,62.708
pipeline,fast_path,61.666
pipeline,fast_path,63.916
pipeline,fast_path,63.459
pipeline,fast_path,63.042
pipeline,fast_path,62.208
pipeline,fast_path,63.584
pipeline,fast_path,101.583
pipeline,fast_path,75.334
pipeline,fast_path,68.375
pipeline,fast_path,67.292
pipeline,fast_path,66.417
pipeline,fast_path,64.000
pipeline,fast_path,63.209
pipeline,fast_path,65.167
pipeline,fast_path,62.000
pipeline,fast_path,64.083
pipeline,fast_path,64.750
pipeline,fast_path,62.666
pipeline,fast_path,63.834
pipeline,fast_path,61.625
pipeline,fast_path,63.750
pipeline,fast_path,90.083
pipeline,fast_path,65.167
pipeline,fast_path,64.167
pipeline,fast_path,62.125
pipeline,fast_path,63.708
pipeline,fast_path,95.416
pipeline,fast_path,77.750
pipeline,fast_path,72.792
pipeline,fast_path,66.750
pipeline,fast_path,64.791
pipeline,fast_path,64.500
pipeline,fast_path,63.875
pipeline,fast_path,68.500
pipeline,fast_path,67.416
pipeline,fast_path,64.458
pipeline,fast_path,63.792
pipeline,fast_path,63.542
pipeline,fast_path,63.666
pipeline,fast_path,61.667
pipeline,fast_path,63.000
pipeline,fast_path,63.042
pipeline,fast_path,64.750
pipeline,fast_path,63.333
pipeline,fast_path,62.458
pipeline,fast_path,63.958
pipeline,fast_path,91.541
pipeline,fast_path,71.791
pipeline,fast_path,68.459
pipeline,fast_path,65.083
pipeline,fast_path,65.792
pipeline,fast_path,64.583
pipeline,fast_path,65.917
pipeline,fast_path,68.542
pipeline,fast_path,67.791
pipeline,fast_path,65.167
pipeline,fast_path,63.875
pipeline,fast_path,63.792
pipeline,fast_path,64.291
pipeline,fast_path,63.334
pipeline,fast_path,63.333
pipeline,fast_path,64.208
pipeline,fast_path,61.375
pipeline,fast_path,62.542
pipeline,fast_path,61.167
pipeline,fast_path,63.041
pipeline,fast_path,90.542
pipeline,fast_path,71.125
pipeline,fast_path,67.416
pipeline,fast_path,64.416
pipeline,fast_path,64.458
pipeline,fast_path,65.542
pipeline,fast_path,63.500
pipeline,fast_path,61.917
pipeline,fast_path,63.292
pipeline,fast_path,63.416
pipeline,fast_path,63.209
pipeline,fast_path,62.959
pipeline,fast_path,61.958
pipeline,fast_path,62.041
pipeline,fast_path,63.083
pipeline,fast_path,63.542
pipeline,fast_path,61.958
pipeline,fast_path,61.709
pipeline,fast_path,62.000
pipeline,fast_path,61.958
pipeline,fast_path,92.083
pipeline,fast_path,70.292
pipeline,fast_path,66.000
pipeline,fast_path,64.708
pipeline,fast_path,64.334
pipeline,fast_path,64.584
pipeline,fast_path,63.917
pipeline,fast_path,63.750
pipeline,fast_path,64.250
pipeline,fast_path,63.459
pipeline,fast_path,63.541
pipeline,fast_path,62.000
pipeline,fast_path,63.541
pipeline,fast_path,63.250
pipeline,fast_path,63.209
pipeline,fast_path,65.375
pipeline,fast_path,63.042
pipeline,fast_path,63.500
pipeline,fast_path,62.708
pipeline,fast_path,63.292
pipeline,fast_path,108.250
pipeline,fast_path,76.250
pipeline,fast_path,71.459
pipeline,fast_path,67.917
pipeline,fast_path,64.250
pipeline,fast_path,66.167
pipeline,fast_path,65.458
pipeline,fast_path,66.500
pipeline,fast_path,67.792
pipeline,fast_path,64.291
pipeline,fast_path,64.292
pipeline,fast_path,63.291
pipeline,fast_path,63.125
pipeline,fast_path,61.750
pipeline,fast_path,63.458
pipeline,fast_path,63.375
pipeline,fast_path,62.542
pipeline,fast_path,62.500
pipeline,fast_path,62.333
pipeline,fast_path,62.250
pipeline,fast_path,94.750
pipeline,fast_path,72.000
pipeline,fast_path,67.625
pipeline,fast_path,65.667
pipeline,fast_path,65.000
pipeline,fast_path,64.958
pipeline,fast_path,63.917
pipeline,fast_path,67.833
pipeline,fast_path,63.125
pipeline,fast_path,61.916
pipeline,fast_path,64.041
pipeline,fast_path,62.917
pipeline,fast_path,61.541
pipeline,fast_path,61.417
pipeline,fast_path,63.250
pipeline,fast_path,63.167
pipeline,fast_path,61.958
pipeline,fast_path,65.625
pipeline,fast_path,67.416
pipeline,fast_path,65.500
pipeline,fast_path,102.958
pipeline,fast_path,73.916
pipeline,fast_path,69.333
pipeline,fast_path,67.791
pipeline,fast_path,66.709
pipeline,fast_path,66.750
pipeline,fast_path,65.250
pipeline,fast_path,65.250
pipeline,fast_path,64.208
pipeline,fast_path,65.166
pipeline,fast_path,63.083
pipeline,fast_path,64.709
pipeline,fast_path,64.583
pipeline,fast_path,64.167
pipeline,fast_path,64.292
pipeline,fast_path,63.208
pipeline,fast_path,63.958
pipeline,fast_path,63.208
pipeline,fast_path,61.875
pipeline,fast_path,64.041
pipeline,fast_path,100.625
pipeline,fast_path,74.292
pipeline,fast_path,70.416
pipeline,fast_path,69.250
pipeline,fast_path,65.209
pipeline,fast_path,64.125
pipeline,fast_path,64.667
pipeline,fast_path,66.167
pipeline,fast_path,224.167
pipeline,fast_path,66.459
pipeline,fast_path,64.833
pipeline,fast_path,63.083
pipeline,fast_path,64.125
pipeline,fast_path,62.708
pipeline,fast_path,63.625
pipeline,fast_path,64.125
pipeline,fast_path,64.625
pipeline,fast_path,64.542
pipeline,fast_path,63.833
pipeline,fast_path,65.042
pipeline,fast_path,88.708
pipeline,fast_path,69.750
pipeline,fast_path,66.917
pipeline,fast_path,65.083
pipeline,fast_path,65.667
pipeline,fast_path,64.833
pipeline,fast_path,65.041
pipeline,fast_path,64.500
pipeline,fast_path,64.583
pipeline,fast_path,64.041
pipeline,fast_path,63.500
pipeline,fast_path,64.458
pipeline,fast_path,64.583
pipeline,fast_path,63.042
pipeline,fast_path,64.042
pipeline,fast_path,63.083
pipeline,fast_path,62.583
pipeline,fast_path,63.375
pipeline,fast_path,65.000
pipeline,fast_path,68.084
pipeline,fast_path,93.958
pipeline,fast_path,72.875
pipeline,fast_path,69.166
pipeline,fast_path,67.333
pipeline,fast_path,65.667
pipeline,fast_path,70.375
pipeline,fast_path,65.334
pipeline,fast_path,64.500
pipeline,fast_path,62.500
pipeline,fast_path,63.667
pipeline,fast_path,69.125
pipeline,fast_path,68.416
pipeline,fast_path,63.792
pipeline,fast_path,63.959
pipeline,fast_path,64.000
pipeline,fast_path,63.375
pipeline,fast_path,63.750
pipeline,fast_path,64.667
pipeline,fast_path,63.208
pipeline,fast_path,62.416
pipeline,fast_path,99.292
pipeline,fast_path,72.541
pipeline,fast_path,67.084
pipeline,fast_path,66.959
pipeline,fast_path,66.417
pipeline,fast_path,65.500
pipeline,fast_path,63.250
pipeline,fast_path,64.334
pipeline,fast_path,64.917
pipeline,fast_path,65.625
pipeline,fast_path,65.417
pipeline,fast_path,63.583
pipeline,fast_path,64.541
pipeline,fast_path,63.125
pipeline,fast_path,62.333
pipeline,fast_path,64.208
pipeline,fast_path,63.917
pipeline,fast_path,63.250
pipeline,fast_path,63.709
pipeline,fast_path,64.958
pipeline,fast_path,96.209
pipeline,fast_path,70.792
pipeline,fast_path,67.542
pipeline,fast_path,66.209
pipeline,fast_path,65.250
pipeline,fast_path,65.417
pipeline,fast_path,63.709
pipeline,fast_path,64.750
pipeline,fast_path,63.833
pipeline,fast_path,64.042
pipeline,fast_path,63.167
pipeline,fast_path,65.625
pipeline,fast_path,65.875
pipeline,fast_path,63.917
pipeline,fast_path,64.292
pipeline,fast_path,64.625
pipeline,fast_path,65.667
pipeline,fast_path,61.625
pipeline,fast_path,62.833
pipeline,fast_path,63.875
pipeline,fast_path,97.417
pipeline,fast_path,73.709
pipeline,fast_path,69.208
pipeline,fast_path,67.375
pipeline,fast_path,66.375
pipeline,fast_path,66.458
pipeline,fast_path,64.750
pipeline,fast_path,64.875
pipeline,fast_path,63.959
pipeline,fast_path,63.708
pipeline,fast_path,64.625
pipeline,fast_path,63.250
pipeline,fast_path,62.916
pipeline,fast_path,68.250
pipeline,fast_path,63.959
pipeline,fast_path,64.000
pipeline,fast_path,63.583
pipeline,fast_path,63.000
pipeline,fast_path,62.458
pipeline,fast_path,61.833
pipeline,fast_path,92.292
pipeline,fast_path,71.583
pipeline,fast_path,68.417
pipeline,fast_path,67.375
pipeline,fast_path,73.375
pipeline,fast_path,68.708
pipeline,fast_path,64.417
pipeline,fast_path,65.167
pipeline,fast_path,65.500
pipeline,fast_path,65.250
pipeline,fast_path,64.459
pipeline,fast_path,64.000
pipeline,fast_path,64.542
pipeline,fast_path,63.958
pipeline,fast_path,64.542
pipeline,fast_path,64.250
pipeline,fast_path,64.167
pipeline,fast_path,64.042
pipeline,fast_path,63.833
pipeline,fast_path,63.000
pipeline,fast_path,93.458
pipeline,fast_path,71.542
pipeline,fast_path,66.875
pipeline,fast_path,66.625
pipeline,fast_path,65.208
pipeline,fast_path,65.458
pipeline,fast_path,66.125
pipeline,fast_path,65.041
pipeline,fast_path,64.541
pipeline,fast_path,64.416
pipeline,fast_path,66.167
pipeline,fast_path,64.375
pipeline,fast_path,65.667
pipeline,fast_path,63.792
pipeline,fast_path,64.750
pipeline,fast_path,66.000
pipeline,fast_path,63.042
pipeline,fast_path,64.166
pipeline,fast_path,64.375
pipeline,fast_path,63.750
pipeline,fast_path,90.250
pipeline,fast_path,98.708
pipeline,fast_path,67.958
pipeline,fast_path,67.000
pipeline,fast_path,65.250
pipeline,fast_path,65.167
pipeline,fast_path,64.875
pipeline,fast_path,63.375
pipeline,fast_path,65.167
pipeline,fast_path,65.583
pipeline,fast_path,65.042
pipeline,fast_path,64.375
pipeline,fast_path,63.917
pipeline,fast_path,64.542
pipeline,fast_path,62.917
pipeline,fast_path,62.250
pipeline,fast_path,63.708
pipeline,fast_path,62.500
pipeline,fast_path,62.250
pipeline,fast_path,63.958
pipeline,fast_path,112.709
pipeline,fast_path,76.125
pipeline,fast_path,71.083
pipeline,fast_path,70.375
pipeline,fast_path,64.625
pipeline,fast_path,67.250
pipeline,fast_path,65.333
pipeline,fast_path,65.250
pipeline,fast_path,66.666
pipeline,fast_path,64.875
pipeline,fast_path,64.875
pipeline,fast_path,63.375
pipeline,fast_path,63.375
pipeline,fast_path,62.250
pipeline,fast_path,64.458
pipeline,fast_path,64.209
pipeline,fast_path,63.375
pipeline,fast_path,62.959
pipeline,fast_path,61.708
pipeline,fast_path,62.625
pipeline,fast_path,91.541
pipeline,fast_path,72.500
pipeline,fast_path,68.417
pipeline,fast_path,65.041
pipeline,fast_path,65.667
pipeline,fast_path,65.375
pipeline,fast_path,62.667
pipeline,fast_path,67.667
pipeline,fast_path,67.417
pipeline,fast_path,63.708
pipeline,fast_path,63.542
pipeline,fast_path,63.542
pipeline,fast_path,63.708
pipeline,fast_path,63.458
pipeline,fast_path,61.542
pipeline,fast_path,63.500
pipeline,fast_path,63.125
pipeline,fast_path,62.375
pipeline,fast_path,62.458
pipeline,fast_path,62.250
pipeline,fast_path,91.000
pipeline,fast_path,70.000
pipeline,fast_path,67.541
pipeline,fast_path,66.708
pipeline,fast_path,65.708
pipeline,fast_path,64.667
pipeline,fast_path,63.625
pipeline,fast_path,63.792
pipeline,fast_path,62.417
pipeline,fast_path,62.167
pipeline,fast_path,63.917
pipeline,fast_path,63.708
pipeline,fast_path,63.625
pipeline,fast_path,62.208
pipeline,fast_path,63.250
pipeline,fast_path,66.791
pipeline,fast_path,66.208
pipeline,fast_path,62.500
pipeline,fast_path,61.833
pipeline,fast_path,62.917
pipeline,fast_path,101.125
pipeline,fast_path,75.750
pipeline,fast_path,69.209
pipeline,fast_path,67.542
pipeline,fast_path,66.334
pipeline,fast_path,65.667
pipeline,fast_path,64.875
pipeline,fast_path,67.708
pipeline,fast_path,66.500
pipeline,fast_path,68.458
pipeline,fast_path,68.333
pipeline,fast_path,63.917
pipeline,fast_path,64.875
pipeline,fast_path,64.959
pipeline,fast_path,64.750
pipeline,fast_path,64.417
pipeline,fast_path,63.542
pipeline,fast_path,63.334
pipeline,fast_path,62.042
pipeline,fast_path,63.292
pipeline,fast_path,94.375
pipeline,fast_path,71.459
pipeline,fast_path,69.375
pipeline,fast_path,66.000
pipeline,fast_path,66.875
pipeline,fast_path,64.541
pipeline,fast_path,64.333
pipeline,fast_path,62.125
pipeline,fast_path,63.250
pipeline,fast_path,64.375
pipeline,fast_path,64.959
pipeline,fast_path,62.375
pipeline,fast_path,62.708
pipeline,fast_path,63.209
pipeline,fast_path,63.750
pipeline,fast_path,63.750
pipeline,fast_path,62.708
pipeline,fast_path,62.459
pipeline,fast_path,62.959
pipeline,fast_path,62.042
pipeline,fast_path,98.500
pipeline,fast_path,74.125
pipeline,fast_path,69.750
pipeline,fast_path,68.125
pipeline,fast_path,67.541
pipeline,fast_path,65.042
pipeline,fast_path,64.542
pipeline,fast_path,66.292
pipeline,fast_path,64.584
pipeline,fast_path,64.708
pipeline,fast_path,64.375
pipeline,fast_path,64.041
pipeline,fast_path,63.375
pipeline,fast_path,63.625
pipeline,fast_path,64.333
pipeline,fast_path,66.500
pipeline,fast_path,63.333
pipeline,fast_path,63.958
pipeline,fast_path,63.834
pipeline,fast_path,64.041
pipeline,fast_path,95.750
pipeline,fast_path,74.791
pipeline,fast_path,68.000
pipeline,fast_path,67.292
pipeline,fast_path,65.708
pipeline,fast_path,64.125
pipeline,fast_path,65.292
pipeline,fast_path,68.458
pipeline,fast_path,67.375
pipeline,fast_path,64.791
pipeline,fast_path,62.791
pipeline,fast_path,64.542
pipeline,fast_path,65.250
pipeline,fast_path,63.500
pipeline,fast_path,64.083
pipeline,fast_path,91.625
pipeline,fast_path,65.958
pipeline,fast_path,64.834
pipeline,fast_path,64.833
pipeline,fast_path,64.709
pipeline,fast_path,95.167
pipeline,fast_path,70.834
pipeline,fast_path,72.375
pipeline,fast_path,67.500
pipeline,fast_path,67.416
pipeline,fast_path,68.584
pipeline,fast_path,68.125
pipeline,fast_path,67.584
pipeline,fast_path,67.166
pipeline,fast_path,64.584
pipeline,fast_path,65.791
pipeline,fast_path,65.959
pipeline,fast_path,63.500
pipeline,fast_path,63.208
pipeline,fast_path,63.084
pipeline,fast_path,63.875
pipeline,fast_path,63.000
pipeline,fast_path,65.833
pipeline,fast_path,66.292
pipeline,fast_path,65.167
pipeline,fast_path,96.916
pipeline,fast_path,73.791
pipeline,fast_path,69.916
pipeline,fast_path,67.958
pipeline,fast_path,65.709
pipeline,fast_path,65.542
pipeline,fast_path,65.833
pipeline,fast_path,64.833
pipeline,fast_path,64.417
pipeline,fast_path,63.666
pipeline,fast_path,63.625
pipeline,fast_path,63.250
pipeline,fast_path,64.083
pipeline,fast_path,62.917
pipeline,fast_path,64.334
pipeline,fast_path,64.208
pipeline,fast_path,63.125
pipeline,fast_path,62.959
pipeline,fast_path,62.875
pipeline,fast_path,62.667
pipeline,fast_path,99.917
pipeline,fast_path,74.667
pipeline,fast_path,70.750
pipeline,fast_path,68.708
pipeline,fast_path,65.292
pipeline,fast_path,64.792
pipeline,fast_path,69.916
pipeline,fast_path,71.792
pipeline,fast_path,70.542
pipeline,fast_path,69.000
pipeline,fast_path,66.625
pipeline,fast_path,65.333
pipeline,fast_path,66.042
pipeline,fast_path,63.125
pipeline,fast_path,64.583
pipeline,fast_path,65.125
pipeline,fast_path,64.333
pipeline,fast_path,64.750
pipeline,fast_path,63.209
pipeline,fast_path,64.125
pipeline,fast_path,97.458
pipeline,fast_path,73.416
pipeline,fast_path,69.500
pipeline,fast_path,66.500
pipeline,fast_path,65.417
pipeline,fast_path,66.458
pipeline,fast_path,65.000
pipeline,fast_path,65.375
pipeline,fast_path,64.625
pipeline,fast_path,65.500
pipeline,fast_path,65.500
pipeline,fast_path,70.459
pipeline,fast_path,64.292
pipeline,fast_path,64.458
pipeline,fast_path,63.333
pipeline,fast_path,64.875
pipeline,fast_path,62.792
pipeline,fast_path,67.541
pipeline,fast_path,63.708
pipeline,fast_path,64.583
pipeline,fast_path,91.625
pipeline,fast_path,71.375
pipeline,fast_path,67.958
pipeline,fast_path,65.459
pipeline,fast_path,66.500
pipeline,fast_path,65.875
pipeline,fast_path,64.583
pipeline,fast_path,66.459
pipeline,fast_path,64.125
pipeline,fast_path,63.917
pipeline,fast_path,64.667
pipeline,fast_path,63.875
pipeline,fast_path,65.000
pipeline,fast_path,62.833
pipeline,fast_path,66.833
pipeline,fast_path,65.042
pipeline,fast_path,62.666
pipeline,fast_path,63.208
pipeline,fast_path,61.209
pipeline,fast_path,64.458
pipeline,fast_path,99.750
pipeline,fast_path,73.750
pipeline,fast_path,68.583
pipeline,fast_path,66.042
pipeline,fast_path,64.625
pipeline,fast_path,67.042
pipeline,fast_path,66.125
pipeline,fast_path,67.625
pipeline,fast_path,67.375
pipeline,fast_path,64.000
pipeline,fast_path,65.083
pipeline,fast_path,63.458
pipeline,fast_path,64.416
pipeline,fast_path,63.334
pipeline,fast_path,63.417
pipeline,fast_path,64.167
pipeline,fast_path,63.292
pipeline,fast_path,62.625
pipeline,fast_path,62.709
pipeline,fast_path,63.708
pipeline,fast_path,98.541
pipeline,fast_path,72.125
pipeline,fast_path,66.750
pipeline,fast_path,66.292
pipeline,fast_path,64.833
pipeline,fast_path,65.416
pipeline,fast_path,65.917
pipeline,fast_path,65.958
pipeline,fast_path,64.209
pipeline,fast_path,64.791
pipeline,fast_path,64.250
pipeline,fast_path,63.834
pipeline,fast_path,71.917
pipeline,fast_path,67.750
pipeline,fast_path,63.542
pipeline,fast_path,64.709
pipeline,fast_path,63.416
pipeline,fast_path,63.916
pipeline,fast_path,63.709
pipeline,fast_path,63.667
pipeline,fast_path,91.292
pipeline,fast_path,72.584
pipeline,fast_path,69.292
pipeline,fast_path,71.542
pipeline,fast_path,64.292
pipeline,fast_path,65.292
pipeline,fast_path,65.084
pipeline,fast_path,64.375
pipeline,fast_path,91.375
pipeline,fast_path,64.958
pipeline,fast_path,63.958
pipeline,fast_path,63.750
pipeline,fast_path,64.167
pipeline,fast_path,64.000
pipeline,fast_path,64.208
pipeline,fast_path,63.625
pipeline,fast_path,64.042
pipeline,fast_path,64.417
pipeline,fast_path,63.125
pipeline,fast_path,63.375
pipeline,fast_path,92.084
pipeline,fast_path,72.208
pipeline,fast_path,68.500
pipeline,fast_path,66.208
pipeline,fast_path,64.667
pipeline,fast_path,65.125
pipeline,fast_path,64.416
pipeline,fast_path,66.417
pipeline,fast_path,67.292
pipeline,fast_path,63.792
pipeline,fast_path,63.417
pipeline,fast_path,63.666
pipeline,fast_path,64.292
pipeline,fast_path,61.583
pipeline,fast_path,63.000
pipeline,fast_path,62.666
pipeline,fast_path,62.666
pipeline,fast_path,62.334
pipeline,fast_path,62.416
pipeline,fast_path,62.875
pipeline,fast_path,88.458
pipeline,fast_path,70.250
pipeline,fast_path,67.834
pipeline,fast_path,65.291
pipeline,fast_path,64.000
pipeline,fast_path,65.791
pipeline,fast_path,63.834
pipeline,fast_path,64.750
pipeline,fast_path,63.417
pipeline,fast_path,64.292
pipeline,fast_path,63.542
pipeline,fast_path,62.667
pipeline,fast_path,63.875
pipeline,fast_path,64.458
pipeline,fast_path,66.166
pipeline,fast_path,62.709
pipeline,fast_path,63.042
pipeline,fast_path,63.333
pipeline,fast_path,63.792
pipeline,fast_path,62.375
pipeline,fast_path,112.875
pipeline,fast_path,76.625
pipeline,fast_path,69.958
pipeline,fast_path,65.541
pipeline,fast_path,71.209
pipeline,fast_path,64.958
pipeline,fast_path,64.959
pipeline,fast_path,65.458
pipeline,fast_path,63.916
pipeline,fast_path,63.958
pipeline,fast_path,64.875
pipeline,fast_path,64.208
pipeline,fast_path,62.750
pipeline,fast_path,63.125
pipeline,fast_path,65.667
pipeline,fast_path,64.791
pipeline,fast_path,62.625
pipeline,fast_path,62.750
pipeline,fast_path,61.833
pipeline,fast_path,63.375
pipeline,fast_path,107.500
pipeline,fast_path,75.917
pipeline,fast_path,69.375
pipeline,fast_path,68.167
pipeline,fast_path,66.084
pipeline,fast_path,65.416
pipeline,fast_path,65.416
pipeline,fast_path,65.667
pipeline,fast_path,63.125
pipeline,fast_path,65.458
pipeline,fast_path,65.458
pipeline,fast_path,64.875
pipeline,fast_path,66.542
pipeline,fast_path,65.625
pipeline,fast_path,64.334
pipeline,fast_path,64.458
pipeline,fast_path,63.166
pipeline,fast_path,63.917
pipeline,fast_path,64.083
pipeline,fast_path,65.625
pipeline,fast_path,92.875
pipeline,fast_path,72.000
pipeline,fast_path,67.542
pipeline,fast_path,66.875
pipeline,fast_path,66.209
pipeline,fast_path,65.416
pipeline,fast_path,64.250
pipeline,fast_path,64.292
pipeline,fast_path,64.209
pipeline,fast_path,69.000
pipeline,fast_path,65.208
pipeline,fast_path,63.250
pipeline,fast_path,64.917
pipeline,fast_path,63.875
pipeline,fast_path,64.500
pipeline,fast_path,64.417
pipeline,fast_path,62.500
pipeline,fast_path,63.709
pipeline,fast_path,63.042
pipeline,fast_path,63.958
pipeline,fast_path,99.625
pipeline,fast_path,72.750
pipeline,fast_path,69.625
pipeline,fast_path,67.250
pipeline,fast_path,65.084
pipeline,fast_path,64.834
pipeline,fast_path,65.375
pipeline,fast_path,65.000
pipeline,fast_path,65.792
pipeline,fast_path,64.916
pipeline,fast_path,64.333
pipeline,fast_path,64.041
pipeline,fast_path,65.250
pipeline,fast_path,63.750
pipeline,fast_path,63.958
pipeline,fast_path,64.625
pipeline,fast_path,63.833
pipeline,fast_path,61.333
pipeline,fast_path,63.084
pipeline,fast_path,63.083
pipeline,fast_path,94.625
pipeline,fast_path,72.417
pipeline,fast_path,73.458
pipeline,fast_path,65.084
pipeline,fast_path,66.375
pipeline,fast_path,63.958
pipeline,fast_path,62.333
pipeline,fast_path,67.792
pipeline,fast_path,67.542
pipeline,fast_path,64.458
pipeline,fast_path,63.750
pipeline,fast_path,67.875
pipeline,fast_path,64.166
pipeline,fast_path,63.167
pipeline,fast_path,63.334
pipeline,fast_path,64.083
pipeline,fast_path,63.250
pipeline,fast_path,63.333
pipeline,fast_path,62.583
pipeline,fast_path,63.625
pipeline,fast_path,99.834
pipeline,fast_path,98.041
pipeline,fast_path,70.500
pipeline,fast_path,67.000
pipeline,fast_path,64.792
pipeline,fast_path,64.792
pipeline,fast_path,64.417
pipeline,fast_path,62.750
pipeline,fast_path,63.791
pipeline,fast_path,63.791
pipeline,fast_path,64.042
pipeline,fast_path,63.625
pipeline,fast_path,63.708
pipeline,fast_path,62.125
pipeline,fast_path,62.208
pipeline,fast_path,63.541
pipeline,fast_path,62.958
pipeline,fast_path,61.708
pipeline,fast_path,62.834
pipeline,fast_path,63.000
pipeline,fast_path,96.167
pipeline,fast_path,71.792
pipeline,fast_path,68.334
pipeline,fast_path,65.000
pipeline,fast_path,65.625
pipeline,fast_path,65.458
pipeline,fast_path,62.500
pipeline,fast_path,64.875
pipeline,fast_path,63.917
pipeline,fast_path,62.500
pipeline,fast_path,64.583
pipeline,fast_path,62.125
pipeline,fast_path,63.917
pipeline,fast_path,63.416
pipeline,fast_path,63.542
pipeline,fast_path,62.458
pipeline,fast_path,62.875
pipeline,fast_path,62.375
pipeline,fast_path,62.667
pipeline,fast_path,63.208
pipeline,fast_path,92.542
pipeline,fast_path,70.333
pipeline,fast_path,65.708
pipeline,fast_path,64.875
pipeline,fast_path,64.958
pipeline,fast_path,65.459
pipeline,fast_path,64.000
pipeline,fast_path,64.458
pipeline,fast_path,62.958
pipeline,fast_path,63.709
pipeline,fast_path,67.917
pipeline,fast_path,78.583
pipeline,fast_path,66.667
pipeline,fast_path,63.375
pipeline,fast_path,62.208
pipeline,fast_path,62.833
pipeline,fast_path,61.416
pipeline,fast_path,60.458
pipeline,fast_path,62.250
pipeline,fast_path,63.292
pipeline,fast_path,97.666
pipeline,fast_path,71.792
pipeline,fast_path,69.167
pipeline,fast_path,65.542
pipeline,fast_path,62.625
pipeline,fast_path,64.084
pipeline,fast_path,63.125
pipeline,fast_path,64.291
pipeline,fast_path,67.084
pipeline,fast_path,63.416
pipeline,fast_path,63.625
pipeline,fast_path,62.875
pipeline,fast_path,62.291
pipeline,fast_path,62.375
pipeline,fast_path,62.084
pipeline,fast_path,62.542
pipeline,fast_path,62.042
pipeline,fast_path,62.500
pipeline,fast_path,61.958
pipeline,fast_path,62.250
pipeline,fast_path,97.250
pipeline,fast_path,76.500
pipeline,fast_path,69.333
pipeline,fast_path,67.709
pipeline,fast_path,66.792
pipeline,fast_path,66.042
pipeline,fast_path,65.125
pipeline,fast_path,65.125
pipeline,fast_path,62.709
pipeline,fast_path,64.208
pipeline,fast_path,63.500
pipeline,fast_path,64.667
pipeline,fast_path,64.209
pipeline,fast_path,62.583
pipeline,fast_path,67.125
pipeline,fast_path,64.542
pipeline,fast_path,66.041
pipeline,fast_path,64.167
pipeline,fast_path,63.250
pipeline,fast_path,62.000
pipeline,fast_path,109.708
pipeline,fast_path,78.584
pipeline,fast_path,69.209
pipeline,fast_path,66.583
pipeline,fast_path,66.208
pipeline,fast_path,65.208
pipeline,fast_path,64.417
pipeline,fast_path,64.625
pipeline,fast_path,64.125
pipeline,fast_path,64.791
pipeline,fast_path,64.292
pipeline,fast_path,65.000
pipeline,fast_path,62.208
pipeline,fast_path,70.333
pipeline,fast_path,66.250
pipeline,fast_path,63.750
pipeline,fast_path,61.375
pipeline,fast_path,62.583
pipeline,fast_path,62.167
pipeline,fast_path,63.458
pipeline,fast_path,99.292
pipeline,fast_path,76.833
pipeline,fast_path,70.875
pipeline,fast_path,68.584
pipeline,fast_path,66.458
pipeline,fast_path,64.750
pipeline,fast_path,65.250
pipeline,fast_path,64.042
pipeline,fast_path,63.042
pipeline,fast_path,63.959
pipeline,fast_path,64.458
pipeline,fast_path,63.958
pipeline,fast_path,63.292
pipeline,fast_path,63.834
pipeline,fast_path,65.041
pipeline,fast_path,65.000
pipeline,fast_path,63.167
pipeline,fast_path,66.666
pipeline,fast_path,63.375
pipeline,fast_path,64.458
pipeline,fast_path,101.417
pipeline,fast_path,70.875
pipeline,fast_path,68.250
pipeline,fast_path,65.750
pipeline,fast_path,65.500
pipeline,fast_path,65.417
pipeline,fast_path,62.583
pipeline,fast_path,65.125
pipeline,fast_path,63.084
pipeline,fast_path,64.334
pipeline,fast_path,66.625
pipeline,fast_path,66.625
pipeline,fast_path,63.000
pipeline,fast_path,62.666
pipeline,fast_path,63.459
pipeline,fast_path,90.042
pipeline,fast_path,65.958
pipeline,fast_path,64.000
pipeline,fast_path,64.333
pipeline,fast_path,64.542
pipeline,fast_path,103.959
pipeline,fast_path,71.959
pipeline,fast_path,68.333
pipeline,fast_path,65.291
pipeline,fast_path,64.042
pipeline,fast_path,67.334
pipeline,fast_path,66.333
pipeline,fast_path,66.084
pipeline,fast_path,64.792
pipeline,fast_path,64.959
pipeline,fast_path,64.125
pipeline,fast_path,67.000
pipeline,fast_path,68.083
pipeline,fast_path,64.792
pipeline,fast_path,62.834
pipeline,fast_path,65.416
pipeline,fast_path,62.334
pipeline,fast_path,64.250
pipeline,fast_path,63.083
pipeline,fast_path,63.333
pipeline,fast_path,95.333
pipeline,fast_path,72.375
pipeline,fast_path,70.875
pipeline,fast_path,68.292
pipeline,fast_path,66.500
pipeline,fast_path,65.959
pipeline,fast_path,65.250
pipeline,fast_path,66.042
pipeline,fast_path,65.584
pipeline,fast_path,65.875
pipeline,fast_path,65.750
pipeline,fast_path,63.875
pipeline,fast_path,64.875
pipeline,fast_path,65.458
pipeline,fast_path,63.333
pipeline,fast_path,62.167
pipeline,fast_path,63.000
pipeline,fast_path,63.583
pipeline,fast_path,62.541
pipeline,fast_path,65.208
pipeline,fast_path,106.375
pipeline,fast_path,73.667
pipeline,fast_path,68.083
pipeline,fast_path,65.583
pipeline,fast_path,63.417
pipeline,fast_path,66.250
pipeline,fast_path,65.750
pipeline,fast_path,64.834
pipeline,fast_path,69.625
pipeline,fast_path,65.542
pipeline,fast_path,65.083
pipeline,fast_path,64.416
pipeline,fast_path,63.708
pipeline,fast_path,62.917
pipeline,fast_path,62.709
pipeline,fast_path,63.333
pipeline,fast_path,64.708
pipeline,fast_path,63.167
pipeline,fast_path,62.750
pipeline,fast_path,63.542
pipeline,fast_path,96.875
pipeline,fast_path,71.917
pipeline,fast_path,69.000
pipeline,fast_path,68.125
pipeline,fast_path,66.459
pipeline,fast_path,67.708
pipeline,fast_path,64.625
pipeline,fast_path,65.500
pipeline,fast_path,63.542
pipeline,fast_path,64.583
pipeline,fast_path,64.875
pipeline,fast_path,62.542
pipeline,fast_path,64.083
pipeline,fast_path,64.250
pipeline,fast_path,64.666
pipeline,fast_path,62.291
pipeline,fast_path,62.917
pipeline,fast_path,63.083
pipeline,fast_path,61.959
pipeline,fast_path,61.791
pipeline,fast_path,96.625
pipeline,fast_path,72.125
pipeline,fast_path,67.833
pipeline,fast_path,65.833
pipeline,fast_path,64.959
pipeline,fast_path,65.458
pipeline,fast_path,66.625
pipeline,fast_path,65.416
pipeline,fast_path,63.250
pipeline,fast_path,63.500
pipeline,fast_path,64.834
pipeline,fast_path,62.500
pipeline,fast_path,63.209
pipeline,fast_path,63.708
pipeline,fast_path,63.375
pipeline,fast_path,63.458
pipeline,fast_path,62.416
pipeline,fast_path,60.834
pipeline,fast_path,61.708
pipeline,fast_path,63.291
pipeline,fast_path,94.667
pipeline,fast_path,73.625
pipeline,fast_path,67.750
pipeline,fast_path,66.458
pipeline,fast_path,67.375
pipeline,fast_path,69.375
pipeline,fast_path,64.833
pipeline,fast_path,65.083
pipeline,fast_path,64.958
pipeline,fast_path,66.292
pipeline,fast_path,64.792
pipeline,fast_path,63.667
pipeline,fast_path,64.416
pipeline,fast_path,62.333
pipeline,fast_path,67.584
pipeline,fast_path,63.208
pipeline,fast_path,62.958
pipeline,fast_path,63.250
pipeline,fast_path,63.667
pipeline,fast_path,64.041
pipeline,fast_path,93.083
pipeline,fast_path,70.417
pipeline,fast_path,70.916
pipeline,fast_path,68.792
pipeline,fast_path,64.458
pipeline,fast_path,65.750
pipeline,fast_path,63.875
pipeline,fast_path,64.750
pipeline,fast_path,64.875
pipeline,fast_path,64.708
pipeline,fast_path,65.125
pipeline,fast_path,63.292
pipeline,fast_path,63.541
pipeline,fast_path,62.667
pipeline,fast_path,64.083
pipeline,fast_path,63.333
pipeline,fast_path,62.375
pipeline,fast_path,63.083
pipeline,fast_path,63.416
pipeline,fast_path,63.291
pipeline,fast_path,7431.083
pipeline,fast_path,77.334
pipeline,fast_path,74.167
pipeline,fast_path,73.667
pipeline,fast_path,67.750
pipeline,fast_path,68.375
pipeline,fast_path,65.083
pipeline,fast_path,65.417
pipeline,fast_path,116.958
pipeline,fast_path,66.250
pipeline,fast_path,65.000
pipeline,fast_path,65.166
pipeline,fast_path,65.167
pipeline,fast_path,64.333
pipeline,fast_path,64.333
pipeline,fast_path,63.709
pipeline,fast_path,62.250
pipeline,fast_path,64.500
pipeline,fast_path,63.041
pipeline,fast_path,67.666
pipeline,fast_path,101.875
pipeline,fast_path,75.959
pipeline,fast_path,71.667
pipeline,fast_path,67.833
pipeline,fast_path,65.833
pipeline,fast_path,69.250
pipeline,fast_path,65.209
pipeline,fast_path,64.792
pipeline,fast_path,64.000
pipeline,fast_path,64.083
pipeline,fast_path,63.917
pipeline,fast_path,62.834
pipeline,fast_path,64.167
pipeline,fast_path,63.208
pipeline,fast_path,63.375
pipeline,fast_path,63.209
pipeline,fast_path,62.583
pipeline,fast_path,62.334
pipeline,fast_path,62.458
pipeline,fast_path,62.750
pipeline,fast_path,93.708
pipeline,fast_path,70.292
pipeline,fast_path,66.958
pipeline,fast_path,64.709
pipeline,fast_path,64.125
pipeline,fast_path,65.000
pipeline,fast_path,67.625
pipeline,fast_path,66.375
pipeline,fast_path,63.583
pipeline,fast_path,62.208
pipeline,fast_path,63.125
pipeline,fast_path,62.042
pipeline,fast_path,63.209
pipeline,fast_path,62.250
pipeline,fast_path,63.250
pipeline,fast_path,62.500
pipeline,fast_path,62.958
pipeline,fast_path,62.167
pipeline,fast_path,61.667
pipeline,fast_path,62.708
pipeline,fast_path,112.000
pipeline,fast_path,77.125
pipeline,fast_path,70.708
pipeline,fast_path,67.583
pipeline,fast_path,65.208
pipeline,fast_path,65.375
pipeline,fast_path,65.917
pipeline,fast_path,64.875
pipeline,fast_path,64.750
pipeline,fast_path,63.875
pipeline,fast_path,65.250
pipeline,fast_path,64.417
pipeline,fast_path,64.917
pipeline,fast_path,63.583
pipeline,fast_path,62.750
pipeline,fast_path,64.208
pipeline,fast_path,62.959
pipeline,fast_path,63.833
pipeline,fast_path,63.125
pipeline,fast_path,63.666
pipeline,fast_path,97.500
pipeline,fast_path,69.875
pipeline,fast_path,67.750
pipeline,fast_path,64.167
pipeline,fast_path,65.083
pipeline,fast_path,64.709
pipeline,fast_path,63.333
pipeline,fast_path,63.834
pipeline,fast_path,62.542
pipeline,fast_path,63.292
pipeline,fast_path,63.000
pipeline,fast_path,62.000
pipeline,fast_path,62.625
pipeline,fast_path,62.917
pipeline,fast_path,61.959
pipeline,fast_path,62.542
pipeline,fast_path,63.250
pipeline,fast_path,63.958
pipeline,fast_path,66.000
pipeline,fast_path,72.000
pipeline,fast_path,97.292
pipeline,fast_path,73.708
pipeline,fast_path,71.292
pipeline,fast_path,67.791
pipeline,fast_path,69.291
pipeline,fast_path,66.042
pipeline,fast_path,64.667
pipeline,fast_path,64.334
pipeline,fast_path,63.791
pipeline,fast_path,63.041
pipeline,fast_path,64.583
pipeline,fast_path,63.625
pipeline,fast_path,63.875
pipeline,fast_path,62.875
pipeline,fast_path,62.584
pipeline,fast_path,63.666
pipeline,fast_path,63.792
pipeline,fast_path,64.167
pipeline,fast_path,64.959
pipeline,fast_path,63.667
pipeline,fast_path,110.125
pipeline,fast_path,77.375
pipeline,fast_path,69.958
pipeline,fast_path,68.292
pipeline,fast_path,65.959
pipeline,fast_path,65.708
pipeline,fast_path,64.000
pipeline,fast_path,64.416
pipeline,fast_path,64.291
pipeline,fast_path,62.375
pipeline,fast_path,64.791
pipeline,fast_path,63.208
pipeline,fast_path,64.209
pipeline,fast_path,62.541
pipeline,fast_path,62.791
pipeline,fast_path,62.375
pipeline,fast_path,62.166
pipeline,fast_path,62.375
pipeline,fast_path,61.666
pipeline,fast_path,62.875
pipeline,fast_path,97.541
pipeline,fast_path,74.208
pipeline,fast_path,69.209
pipeline,fast_path,66.334
pipeline,fast_path,65.041
pipeline,fast_path,65.917
pipeline,fast_path,62.667
pipeline,fast_path,65.042
pipeline,fast_path,63.417
pipeline,fast_path,63.584
pipeline,fast_path,63.791
pipeline,fast_path,63.375
pipeline,fast_path,62.708
pipeline,fast_path,61.917
pipeline,fast_path,63.917
pipeline,fast_path,63.708
pipeline,fast_path,62.625
pipeline,fast_path,63.167
pipeline,fast_path,62.125
pipeline,fast_path,62.958
pipeline,fast_path,96.625
pipeline,fast_path,97.250
pipeline,fast_path,68.375
pipeline,fast_path,70.584
pipeline,fast_path,64.042
pipeline,fast_path,65.541
pipeline,fast_path,65.292
pipeline,fast_path,68.375
pipeline,fast_path,66.959
pipeline,fast_path,64.833
pipeline,fast_path,64.625
pipeline,fast_path,64.000
pipeline,fast_path,63.250
pipeline,fast_path,65.875
pipeline,fast_path,64.333
pipeline,fast_path,63.542
pipeline,fast_path,63.833
pipeline,fast_path,62.417
pipeline,fast_path,62.375
pipeline,fast_path,63.375
pipeline,fast_path,91.125
pipeline,fast_path,69.917
pipeline,fast_path,66.958
pipeline,fast_path,65.208
pipeline,fast_path,64.834
pipeline,fast_path,64.125
pipeline,fast_path,64.042
pipeline,fast_path,66.708
pipeline,fast_path,64.167
pipeline,fast_path,62.917
pipeline,fast_path,64.083
pipeline,fast_path,62.666
pipeline,fast_path,63.250
pipeline,fast_path,62.583
pipeline,fast_path,61.584
pipeline,fast_path,62.625
pipeline,fast_path,62.125
pipeline,fast_path,62.416
pipeline,fast_path,62.416
pipeline,fast_path,62.208
pipeline,fast_path,96.375
pipeline,fast_path,69.958
pipeline,fast_path,67.584
pipeline,fast_path,66.667
pipeline,fast_path,65.291
pipeline,fast_path,64.750
pipeline,fast_path,64.666
pipeline,fast_path,64.375
pipeline,fast_path,63.667
pipeline,fast_path,63.208
pipeline,fast_path,65.167
pipeline,fast_path,63.250
pipeline,fast_path,64.083
pipeline,fast_path,65.958
pipeline,fast_path,63.625
pipeline,fast_path,65.166
pipeline,fast_path,63.000
pipeline,fast_path,62.125
pipeline,fast_path,62.792
pipeline,fast_path,63.250
pipeline,fast_path,92.875
pipeline,fast_path,71.333
pipeline,fast_path,68.333
pipeline,fast_path,66.333
pipeline,fast_path,65.000
pipeline,fast_path,68.000
pipeline,fast_path,62.875
pipeline,fast_path,64.042
pipeline,fast_path,64.042
pipeline,fast_path,63.959
pipeline,fast_path,63.833
pipeline,fast_path,64.375
pipeline,fast_path,62.625
pipeline,fast_path,63.959
pipeline,fast_path,68.250
pipeline,fast_path,64.709
pipeline,fast_path,64.917
pipeline,fast_path,62.042
pipeline,fast_path,62.667
pipeline,fast_path,63.917
pipeline,fast_path,107.375
pipeline,fast_path,73.750
pipeline,fast_path,70.208
pipeline,fast_path,70.042
pipeline,fast_path,69.084
pipeline,fast_path,69.583
pipeline,fast_path,64.708
pipeline,fast_path,68.459
pipeline,fast_path,64.792
pipeline,fast_path,67.750
pipeline,fast_path,69.000
pipeline,fast_path,67.292
pipeline,fast_path,67.417
pipeline,fast_path,67.209
pipeline,fast_path,66.166
pipeline,fast_path,64.875
pipeline,fast_path,65.250
pipeline,fast_path,67.375
pipeline,fast_path,64.417
pipeline,fast_path,67.875
pipeline,fast_path,112.250
pipeline,fast_path,73.458
pipeline,fast_path,68.250
pipeline,fast_path,66.084
pipeline,fast_path,68.416
pipeline,fast_path,67.875
pipeline,fast_path,64.583
pipeline,fast_path,63.958
pipeline,fast_path,64.667
pipeline,fast_path,65.000
pipeline,fast_path,64.750
pipeline,fast_path,62.250
pipeline,fast_path,64.208
pipeline,fast_path,63.458
pipeline,fast_path,63.583
pipeline,fast_path,62.250
pipeline,fast_path,62.958
pipeline,fast_path,62.792
pipeline,fast_path,61.958
pipeline,fast_path,62.916
pipeline,fast_path,94.625
pipeline,fast_path,71.542
pipeline,fast_path,67.791
pipeline,fast_path,66.167
pipeline,fast_path,66.125
pipeline,fast_path,64.167
pipeline,fast_path,63.667
pipeline,fast_path,64.709
pipeline,fast_path,63.958
pipeline,fast_path,63.750
pipeline,fast_path,64.459
pipeline,fast_path,63.542
pipeline,fast_path,62.666
pipeline,fast_path,63.208
pipeline,fast_path,62.541
pipeline,fast_path,63.333
pipeline,fast_path,62.917
pipeline,fast_path,62.666
pipeline,fast_path,62.625
pipeline,fast_path,62.583
pipeline,fast_path,100.459
pipeline,fast_path,78.958
pipeline,fast_path,71.709
pipeline,fast_path,66.208
pipeline,fast_path,64.666
pipeline,fast_path,64.542
pipeline,fast_path,65.041
pipeline,fast_path,64.750
pipeline,fast_path,64.333
pipeline,fast_path,63.625
pipeline,fast_path,64.167
pipeline,fast_path,62.750
pipeline,fast_path,63.375
pipeline,fast_path,62.000
pipeline,fast_path,64.125
pipeline,fast_path,91.333
pipeline,fast_path,64.417
pipeline,fast_path,63.000
pipeline,fast_path,62.625
pipeline,fast_path,62.750
pipeline,fast_path,103.916
pipeline,fast_path,77.500
pipeline,fast_path,67.917
pipeline,fast_path,65.334
pipeline,fast_path,65.542
pipeline,fast_path,64.875
pipeline,fast_path,62.583
pipeline,fast_path,65.375
pipeline,fast_path,64.875
pipeline,fast_path,65.209
pipeline,fast_path,64.959
pipeline,fast_path,64.125
pipeline,fast_path,65.292
pipeline,fast_path,63.583
pipeline,fast_path,64.000
pipeline,fast_path,64.792
pipeline,fast_path,63.708
pipeline,fast_path,64.292
pipeline,fast_path,63.166
pipeline,fast_path,63.417
pipeline,fast_path,116.500
pipeline,fast_path,86.375
pipeline,fast_path,74.500
pipeline,fast_path,71.375
pipeline,fast_path,64.583
pipeline,fast_path,65.625
pipeline,fast_path,64.750
pipeline,fast_path,65.375
pipeline,fast_path,64.542
pipeline,fast_path,63.041
pipeline,fast_path,65.250
pipeline,fast_path,63.708
pipeline,fast_path,65.250
pipeline,fast_path,63.791
pipeline,fast_path,64.208
pipeline,fast_path,63.542
pipeline,fast_path,63.500
pipeline,fast_path,63.625
pipeline,fast_path,63.042
pipeline,fast_path,63.125
pipeline,fast_path,110.417
pipeline,fast_path,75.583
pipeline,fast_path,70.291
pipeline,fast_path,67.292
pipeline,fast_path,65.500
pipeline,fast_path,66.042
pipeline,fast_path,64.500
pipeline,fast_path,65.542
pipeline,fast_path,64.625
pipeline,fast_path,65.583
pipeline,fast_path,65.250
pipeline,fast_path,64.417
pipeline,fast_path,64.375
pipeline,fast_path,64.042
pipeline,fast_path,64.000
pipeline,fast_path,64.375
pipeline,fast_path,64.209
pipeline,fast_path,63.292
pipeline,fast_path,63.291
pipeline,fast_path,64.625
pipeline,fast_path,88.958
pipeline,fast_path,71.791
pipeline,fast_path,68.333
pipeline,fast_path,65.125
pipeline,fast_path,71.000
pipeline,fast_path,65.333
pipeline,fast_path,64.333
pipeline,fast_path,67.084
pipeline,fast_path,67.625
pipeline,fast_path,63.959
pipeline,fast_path,62.791
pipeline,fast_path,64.250
pipeline,fast_path,64.125
pipeline,fast_path,63.500
pipeline,fast_path,66.042
pipeline,fast_path,69.959
pipeline,fast_path,64.459
pipeline,fast_path,62.959
pipeline,fast_path,61.833
pipeline,fast_path,64.083
pipeline,fast_path,93.542
pipeline,fast_path,75.333
pipeline,fast_path,66.625
pipeline,fast_path,65.500
pipeline,fast_path,63.875
pipeline,fast_path,63.583
pipeline,fast_path,63.791
pipeline,fast_path,64.167
pipeline,fast_path,62.834
pipeline,fast_path,64.250
pipeline,fast_path,64.417
pipeline,fast_path,63.416
pipeline,fast_path,64.083
pipeline,fast_path,62.958
pipeline,fast_path,62.625
pipeline,fast_path,64.375
pipeline,fast_path,63.709
pipeline,fast_path,63.292
pipeline,fast_path,62.875
pipeline,fast_path,64.292
pipeline,fast_path,101.500
pipeline,fast_path,74.375
pipeline,fast_path,68.875
pipeline,fast_path,66.500
pipeline,fast_path,66.750
pipeline,fast_path,65.958
pipeline,fast_path,63.708
pipeline,fast_path,67.459
pipeline,fast_path,66.458
pipeline,fast_path,64.667
pipeline,fast_path,63.375
pipeline,fast_path,63.375
pipeline,fast_path,64.792
pipeline,fast_path,62.708
pipeline,fast_path,63.291
pipeline,fast_path,64.042
pipeline,fast_path,62.750
pipeline,fast_path,62.625
pipeline,fast_path,62.458
pipeline,fast_path,63.125
pipeline,fast_path,110.500
pipeline,fast_path,75.917
pipeline,fast_path,71.250
pipeline,fast_path,68.500
pipeline,fast_path,64.708
pipeline,fast_path,65.208
pipeline,fast_path,64.875
pipeline,fast_path,64.125
pipeline,fast_path,64.834
pipeline,fast_path,63.250
pipeline,fast_path,64.375
pipeline,fast_path,64.750
pipeline,fast_path,64.000
pipeline,fast_path,63.333
pipeline,fast_path,64.583
pipeline,fast_path,69.166
pipeline,fast_path,72.292
pipeline,fast_path,63.583
pipeline,fast_path,62.583
pipeline,fast_path,62.375
pipeline,fast_path,110.291
pipeline,fast_path,78.375
pipeline,fast_path,69.500
pipeline,fast_path,66.667
pipeline,fast_path,66.208
pipeline,fast_path,68.792
pipeline,fast_path,65.541
pipeline,fast_path,70.042
pipeline,fast_path,90.458
pipeline,fast_path,64.834
pipeline,fast_path,64.750
pipeline,fast_path,63.125
pipeline,fast_path,63.875
pipeline,fast_path,64.083
pipeline,fast_path,63.625
pipeline,fast_path,65.750
pipeline,fast_path,63.792
pipeline,fast_path,63.167
pipeline,fast_path,62.500
pipeline,fast_path,63.583
pipeline,fast_path,106.458
pipeline,fast_path,76.500
pipeline,fast_path,67.667
pipeline,fast_path,66.375
pipeline,fast_path,66.417
pipeline,fast_path,65.250
pipeline,fast_path,66.459
pipeline,fast_path,77.709
pipeline,fast_path,78.125
pipeline,fast_path,67.791
pipeline,fast_path,64.208
pipeline,fast_path,62.167
pipeline,fast_path,63.792
pipeline,fast_path,62.875
pipeline,fast_path,63.333
pipeline,fast_path,63.458
pipeline,fast_path,62.042
pipeline,fast_path,62.792
pipeline,fast_path,63.334
pipeline,fast_path,64.333
pipeline,fast_path,116.084
pipeline,fast_path,74.000
pipeline,fast_path,68.083
pipeline,fast_path,66.791
pipeline,fast_path,64.750
pipeline,fast_path,80.542
pipeline,fast_path,67.834
pipeline,fast_path,64.667
pipeline,fast_path,63.667
pipeline,fast_path,62.333
pipeline,fast_path,64.000
pipeline,fast_path,62.875
pipeline,fast_path,63.667
pipeline,fast_path,62.708
pipeline,fast_path,63.583
pipeline,fast_path,63.291
pipeline,fast_path,63.208
pipeline,fast_path,62.666
pipeline,fast_path,62.833
pipeline,fast_path,63.750
pipeline,fast_path,95.000
pipeline,fast_path,76.875
pipeline,fast_path,72.375
pipeline,fast_path,68.291
pipeline,fast_path,65.625
pipeline,fast_path,65.125
pipeline,fast_path,67.666
pipeline,fast_path,76.334
pipeline,fast_path,68.083
pipeline,fast_path,66.083
pipeline,fast_path,64.250
pipeline,fast_path,63.375
pipeline,fast_path,63.041
pipeline,fast_path,62.750
pipeline,fast_path,63.083
pipeline,fast_path,63.417
pipeline,fast_path,65.792
pipeline,fast_path,63.750
pipeline,fast_path,62.250
pipeline,fast_path,62.042
pipeline,fast_path,99.583
pipeline,fast_path,74.875
pipeline,fast_path,69.167
pipeline,fast_path,67.958
pipeline,fast_path,64.084
pipeline,fast_path,66.333
pipeline,fast_path,65.542
pipeline,fast_path,65.208
pipeline,fast_path,64.834
pipeline,fast_path,63.000
pipeline,fast_path,67.291
pipeline,fast_path,64.958
pipeline,fast_path,65.542
pipeline,fast_path,64.333
pipeline,fast_path,64.000
pipeline,fast_path,64.334
pipeline,fast_path,64.000
pipeline,fast_path,63.292
pipeline,fast_path,64.416
pipeline,fast_path,63.375
pipeline,fast_path,134.375
pipeline,fast_path,85.084
pipeline,fast_path,75.083
pipeline,fast_path,74.041
pipeline,fast_path,77.167
pipeline,fast_path,74.875
pipeline,fast_path,67.958
pipeline,fast_path,65.958
pipeline,fast_path,64.166
pipeline,fast_path,65.291
pipeline,fast_path,64.792
pipeline,fast_path,64.667
pipeline,fast_path,62.667
pipeline,fast_path,63.750
pipeline,fast_path,62.833
pipeline,fast_path,64.125
pipeline,fast_path,63.750
pipeline,fast_path,63.833
pipeline,fast_path,62.291
pipeline,fast_path,63.791
pipeline,fast_path,107.750
pipeline,fast_path,75.792
pipeline,fast_path,70.125
pipeline,fast_path,67.834
pipeline,fast_path,66.125
pipeline,fast_path,66.250
pipeline,fast_path,64.584
pipeline,fast_path,67.625
pipeline,fast_path,66.792
pipeline,fast_path,63.958
pipeline,fast_path,65.000
pipeline,fast_path,64.250
pipeline,fast_path,63.709
pipeline,fast_path,63.584
pipeline,fast_path,62.833
pipeline,fast_path,63.500
pipeline,fast_path,63.125
pipeline,fast_path,63.125
pipeline,fast_path,63.125
pipeline,fast_path,62.958
pipeline,fast_path,102.250
pipeline,fast_path,76.166
pipeline,fast_path,71.709
pipeline,fast_path,67.500
pipeline,fast_path,64.375
pipeline,fast_path,66.458
pipeline,fast_path,64.750
pipeline,fast_path,65.459
pipeline,fast_path,63.042
pipeline,fast_path,65.167
pipeline,fast_path,65.250
pipeline,fast_path,64.500
pipeline,fast_path,64.667
pipeline,fast_path,64.166
pipeline,fast_path,64.875
pipeline,fast_path,63.917
pipeline,fast_path,63.709
pipeline,fast_path,63.167
pipeline,fast_path,62.917
pipeline,fast_path,63.417
pipeline,fast_path,92.833
pipeline,fast_path,97.958
pipeline,fast_path,69.666
pipeline,fast_path,67.167
pipeline,fast_path,65.708
pipeline,fast_path,66.250
pipeline,fast_path,65.375
pipeline,fast_path,64.250
pipeline,fast_path,62.500
pipeline,fast_path,64.625
pipeline,fast_path,63.875
pipeline,fast_path,63.792
pipeline,fast_path,63.209
pipeline,fast_path,63.292
pipeline,fast_path,63.958
pipeline,fast_path,63.625
pipeline,fast_path,63.250
pipeline,fast_path,62.875
pipeline,fast_path,62.125
pipeline,fast_path,63.167
pipeline,fast_path,96.334
pipeline,fast_path,72.666
pipeline,fast_path,66.834
pipeline,fast_path,65.750
pipeline,fast_path,65.708
pipeline,fast_path,64.542
pipeline,fast_path,64.292
pipeline,fast_path,63.667
pipeline,fast_path,64.542
pipeline,fast_path,63.750
pipeline,fast_path,64.125
pipeline,fast_path,63.917
pipeline,fast_path,63.250
pipeline,fast_path,61.292
pipeline,fast_path,64.167
pipeline,fast_path,61.708
pipeline,fast_path,62.333
pipeline,fast_path,62.792
pipeline,fast_path,61.458
pipeline,fast_path,62.917
pipeline,fast_path,99.917
pipeline,fast_path,72.833
pipeline,fast_path,68.250
pipeline,fast_path,66.750
pipeline,fast_path,65.083
pipeline,fast_path,65.250
pipeline,fast_path,68.917
pipeline,fast_path,63.834
pipeline,fast_path,63.875
pipeline,fast_path,63.875
pipeline,fast_path,64.666
pipeline,fast_path,63.000
pipeline,fast_path,64.541
pipeline,fast_path,62.458
pipeline,fast_path,62.917
pipeline,fast_path,63.166
pipeline,fast_path,65.750
pipeline,fast_path,62.917
pipeline,fast_path,65.334
pipeline,fast_path,66.333
pipeline,fast_path,98.667
pipeline,fast_path,72.917
pipeline,fast_path,69.291
pipeline,fast_path,66.625
pipeline,fast_path,65.625
pipeline,fast_path,65.041
pipeline,fast_path,64.292
pipeline,fast_path,64.250
pipeline,fast_path,62.625
pipeline,fast_path,64.541
pipeline,fast_path,63.584
pipeline,fast_path,64.083
pipeline,fast_path,63.375
pipeline,fast_path,64.292
pipeline,fast_path,63.916
pipeline,fast_path,64.375
pipeline,fast_path,63.208
pipeline,fast_path,63.083
pipeline,fast_path,63.041
pipeline,fast_path,62.458
pipeline,fast_path,97.375
pipeline,fast_path,77.959
pipeline,fast_path,68.833
pipeline,fast_path,70.916
pipeline,fast_path,66.250
pipeline,fast_path,72.833
pipeline,fast_path,68.042
pipeline,fast_path,64.833
pipeline,fast_path,64.500
pipeline,fast_path,67.333
pipeline,fast_path,64.375
pipeline,fast_path,63.708
pipeline,fast_path,63.959
pipeline,fast_path,63.750
pipeline,fast_path,63.959
pipeline,fast_path,63.791
pipeline,fast_path,62.000
pipeline,fast_path,62.542
pipeline,fast_path,62.958
pipeline,fast_path,63.583
pipeline,fast_path,91.416
pipeline,fast_path,71.125
pipeline,fast_path,67.625
pipeline,fast_path,66.541
pipeline,fast_path,68.000
pipeline,fast_path,64.166
pipeline,fast_path,62.750
pipeline,fast_path,63.875
pipeline,fast_path,63.083
pipeline,fast_path,62.833
pipeline,fast_path,64.041
pipeline,fast_path,63.584
pipeline,fast_path,62.917
pipeline,fast_path,63.083
pipeline,fast_path,62.291
pipeline,fast_path,63.458
pipeline,fast_path,62.542
pipeline,fast_path,66.000
pipeline,fast_path,69.458
pipeline,fast_path,64.042
pipeline,fast_path,96.166
pipeline,fast_path,71.958
pipeline,fast_path,67.625
pipeline,fast_path,66.791
pipeline,fast_path,64.375
pipeline,fast_path,66.250
pipeline,fast_path,65.791
pipeline,fast_path,65.500
pipeline,fast_path,64.209
pipeline,fast_path,63.166
pipeline,fast_path,63.791
pipeline,fast_path,64.750
pipeline,fast_path,64.791
pipeline,fast_path,65.042
pipeline,fast_path,65.583
pipeline,fast_path,64.458
pipeline,fast_path,64.084
pipeline,fast_path,64.041
pipeline,fast_path,62.916
pipeline,fast_path,64.250
pipeline,fast_path,100.459
pipeline,fast_path,7604.375
pipeline,fast_path,71.125
pipeline,fast_path,67.958
pipeline,fast_path,66.000
pipeline,fast_path,64.833
pipeline,fast_path,65.333
pipeline,fast_path,65.417
pipeline,fast_path,64.459
pipeline,fast_path,64.917
pipeline,fast_path,63.125
pipeline,fast_path,63.083
pipeline,fast_path,64.542
pipeline,fast_path,63.625
pipeline,fast_path,64.167
pipeline,fast_path,90.834
pipeline,fast_path,65.417
pipeline,fast_path,63.209
pipeline,fast_path,66.542
pipeline,fast_path,66.083
pipeline,fast_path,98.791
pipeline,fast_path,71.542
pipeline,fast_path,68.041
pipeline,fast_path,67.250
pipeline,fast_path,66.583
pipeline,fast_path,66.166
pipeline,fast_path,64.500
pipeline,fast_path,64.250
pipeline,fast_path,64.541
pipeline,fast_path,63.791
pipeline,fast_path,64.834
pipeline,fast_path,63.958
pipeline,fast_path,63.750
pipeline,fast_path,63.709
pipeline,fast_path,63.667
pipeline,fast_path,63.584
pipeline,fast_path,63.208
pipeline,fast_path,62.833
pipeline,fast_path,62.916
pipeline,fast_path,63.333
pipeline,fast_path,93.542
pipeline,fast_path,73.125
pipeline,fast_path,67.833
pipeline,fast_path,67.333
pipeline,fast_path,66.250
pipeline,fast_path,64.750
pipeline,fast_path,64.583
pipeline,fast_path,65.584
pipeline,fast_path,63.083
pipeline,fast_path,64.250
pipeline,fast_path,66.666
pipeline,fast_path,66.917
pipeline,fast_path,63.792
pipeline,fast_path,62.000
pipeline,fast_path,64.666
pipeline,fast_path,63.791
pipeline,fast_path,62.834
pipeline,fast_path,63.292
pipeline,fast_path,62.542
pipeline,fast_path,63.459
pipeline,fast_path,108.959
pipeline,fast_path,76.708
pipeline,fast_path,69.916
pipeline,fast_path,67.708
pipeline,fast_path,64.625
pipeline,fast_path,66.375
pipeline,fast_path,65.667
pipeline,fast_path,65.833
pipeline,fast_path,64.917
pipeline,fast_path,66.250
pipeline,fast_path,65.542
pipeline,fast_path,65.208
pipeline,fast_path,63.000
pipeline,fast_path,64.250
pipeline,fast_path,64.375
pipeline,fast_path,64.416
pipeline,fast_path,65.541
pipeline,fast_path,63.208
pipeline,fast_path,64.667
pipeline,fast_path,64.958
pipeline,fast_path,112.167
pipeline,fast_path,76.500
pipeline,fast_path,69.292
pipeline,fast_path,67.625
pipeline,fast_path,64.875
pipeline,fast_path,66.334
pipeline,fast_path,66.166
pipeline,fast_path,65.083
pipeline,fast_path,64.292
pipeline,fast_path,64.792
pipeline,fast_path,62.792
pipeline,fast_path,64.375
pipeline,fast_path,65.416
pipeline,fast_path,64.167
pipeline,fast_path,63.125
pipeline,fast_path,62.083
pipeline,fast_path,62.958
pipeline,fast_path,63.000
pipeline,fast_path,61.959
pipeline,fast_path,61.708
pipeline,fast_path,94.542
pipeline,fast_path,71.667
pipeline,fast_path,67.125
pipeline,fast_path,66.125
pipeline,fast_path,65.000
pipeline,fast_path,64.708
pipeline,fast_path,64.708
pipeline,fast_path,66.834
pipeline,fast_path,67.667
pipeline,fast_path,64.750
pipeline,fast_path,65.084
pipeline,fast_path,62.958
pipeline,fast_path,64.542
pipeline,fast_path,64.625
pipeline,fast_path,63.625
pipeline,fast_path,63.625
pipeline,fast_path,62.542
pipeline,fast_path,62.625
pipeline,fast_path,62.042
pipeline,fast_path,62.458
pipeline,fast_path,100.333
pipeline,fast_path,71.833
pipeline,fast_path,69.000
pipeline,fast_path,66.000
pipeline,fast_path,64.709
pipeline,fast_path,63.833
pipeline,fast_path,65.250
pipeline,fast_path,67.500
pipeline,fast_path,64.250
pipeline,fast_path,63.958
pipeline,fast_path,62.917
pipeline,fast_path,62.791
pipeline,fast_path,64.125
pipeline,fast_path,63.666
pipeline,fast_path,63.959
pipeline,fast_path,62.541
pipeline,fast_path,63.625
pipeline,fast_path,61.250
pipeline,fast_path,62.625
pipeline,fast_path,63.083
pipeline,fast_path,106.125
pipeline,fast_path,74.375
pipeline,fast_path,69.709
pipeline,fast_path,69.209
pipeline,fast_path,65.542
pipeline,fast_path,65.875
pipeline,fast_path,65.459
pipeline,fast_path,68.250
pipeline,fast_path,68.250
pipeline,fast_path,65.625
pipeline,fast_path,65.167
pipeline,fast_path,65.167
pipeline,fast_path,65.667
pipeline,fast_path,64.583
pipeline,fast_path,63.166
pipeline,fast_path,64.458
pipeline,fast_path,63.292
pipeline,fast_path,63.125
pipeline,fast_path,63.041
pipeline,fast_path,63.666
pipeline,fast_path,106.417
pipeline,fast_path,75.625
pipeline,fast_path,69.292
pipeline,fast_path,67.667
pipeline,fast_path,65.292
pipeline,fast_path,66.791
pipeline,fast_path,65.792
pipeline,fast_path,67.375
pipeline,fast_path,229.959
pipeline,fast_path,68.375
pipeline,fast_path,67.458
pipeline,fast_path,68.166
pipeline,fast_path,69.375
pipeline,fast_path,65.042
pipeline,fast_path,65.208
pipeline,fast_path,64.083
pipeline,fast_path,64.667
pipeline,fast_path,63.500
pipeline,fast_path,63.708
pipeline,fast_path,64.459
pipeline,fast_path,100.542
pipeline,fast_path,71.667
pipeline,fast_path,68.666
pipeline,fast_path,66.959
pipeline,fast_path,65.167
pipeline,fast_path,65.667
pipeline,fast_path,66.792
pipeline,fast_path,66.333
pipeline,fast_path,65.083
pipeline,fast_path,64.959
pipeline,fast_path,64.750
pipeline,fast_path,64.708
pipeline,fast_path,65.500
pipeline,fast_path,64.542
pipeline,fast_path,63.709
pipeline,fast_path,64.000
pipeline,fast_path,62.750
pipeline,fast_path,63.042
pipeline,fast_path,63.166
pipeline,fast_path,64.042
pipeline,fast_path,114.708
pipeline,fast_path,77.958
pipeline,fast_path,72.209
pipeline,fast_path,68.959
pipeline,fast_path,66.125
pipeline,fast_path,64.750
pipeline,fast_path,62.417
pipeline,fast_path,65.375
pipeline,fast_path,62.750
pipeline,fast_path,64.459
pipeline,fast_path,64.417
pipeline,fast_path,68.083
pipeline,fast_path,61.834
pipeline,fast_path,63.583
pipeline,fast_path,62.125
pipeline,fast_path,63.417
pipeline,fast_path,63.458
pipeline,fast_path,62.834
pipeline,fast_path,62.250
pipeline,fast_path,62.333
pipeline,fast_path,96.625
pipeline,fast_path,71.792
pipeline,fast_path,67.917
pipeline,fast_path,67.541
pipeline,fast_path,65.583
pipeline,fast_path,65.542
pipeline,fast_path,64.125
pipeline,fast_path,63.917
pipeline,fast_path,63.958
pipeline,fast_path,63.625
pipeline,fast_path,64.666
pipeline,fast_path,63.125
pipeline,fast_path,63.000
pipeline,fast_path,61.958
pipeline,fast_path,65.833
pipeline,fast_path,64.250
pipeline,fast_path,63.791
pipeline,fast_path,61.459
pipeline,fast_path,61.667
pipeline,fast_path,61.375
pipeline,fast_path,99.792
pipeline,fast_path,73.542
pipeline,fast_path,69.000
pipeline,fast_path,68.167
pipeline,fast_path,65.458
pipeline,fast_path,66.083
pipeline,fast_path,66.167
pipeline,fast_path,63.375
pipeline,fast_path,66.167
pipeline,fast_path,63.709
pipeline,fast_path,65.291
pipeline,fast_path,64.334
pipeline,fast_path,65.750
pipeline,fast_path,64.125
pipeline,fast_path,69.209
pipeline,fast_path,63.833
pipeline,fast_path,63.417
pipeline,fast_path,63.750
pipeline,fast_path,61.959
pipeline,fast_path,64.041
pipeline,fast_path,99.125
pipeline,fast_path,71.792
pipeline,fast_path,72.333
pipeline,fast_path,65.125
pipeline,fast_path,63.959
pipeline,fast_path,64.625
pipeline,fast_path,63.250
pipeline,fast_path,64.000
pipeline,fast_path,66.375
pipeline,fast_path,66.791
pipeline,fast_path,63.334
pipeline,fast_path,63.666
pipeline,fast_path,62.958
pipeline,fast_path,63.166
pipeline,fast_path,62.709
pipeline,fast_path,63.542
pipeline,fast_path,62.791
pipeline,fast_path,63.625
pipeline,fast_path,63.709
pipeline,fast_path,63.500
pipeline,fast_path,91.875
pipeline,fast_path,70.667
pipeline,fast_path,68.250
pipeline,fast_path,65.542
pipeline,fast_path,66.833
pipeline,fast_path,65.291
pipeline,fast_path,64.292
pipeline,fast_path,64.375
pipeline,fast_path,64.667
pipeline,fast_path,64.916
pipeline,fast_path,65.250
pipeline,fast_path,63.500
pipeline,fast_path,64.250
pipeline,fast_path,62.625
pipeline,fast_path,64.291
pipeline,fast_path,63.750
pipeline,fast_path,62.791
pipeline,fast_path,63.083
pipeline,fast_path,62.291
pipeline,fast_path,63.583
pipeline,fast_path,104.042
pipeline,fast_path,75.875
pipeline,fast_path,70.875
pipeline,fast_path,68.500
pipeline,fast_path,64.667
pipeline,fast_path,65.917
pipeline,fast_path,65.458
pipeline,fast_path,65.209
pipeline,fast_path,65.041
pipeline,fast_path,64.541
pipeline,fast_path,64.500
pipeline,fast_path,64.541
pipeline,fast_path,62.791
pipeline,fast_path,63.958
pipeline,fast_path,64.208
pipeline,fast_path,63.917
pipeline,fast_path,62.875
pipeline,fast_path,64.125
pipeline,fast_path,63.709
pipeline,fast_path,69.500
pipeline,fast_path,94.625
pipeline,fast_path,107.167
pipeline,fast_path,70.417
pipeline,fast_path,69.125
pipeline,fast_path,71.791
pipeline,fast_path,63.000
pipeline,fast_path,67.375
pipeline,fast_path,70.625
pipeline,fast_path,65.083
pipeline,fast_path,66.916
pipeline,fast_path,65.166
pipeline,fast_path,64.750
pipeline,fast_path,70.125
pipeline,fast_path,68.042
pipeline,fast_path,71.667
pipeline,fast_path,67.542
pipeline,fast_path,65.542
pipeline,fast_path,61.709
pipeline,fast_path,66.125
pipeline,fast_path,66.750
pipeline,fast_path,111.542
pipeline,fast_path,76.083
pipeline,fast_path,69.083
pipeline,fast_path,67.875
pipeline,fast_path,65.375
pipeline,fast_path,66.416
pipeline,fast_path,65.417
pipeline,fast_path,65.542
pipeline,fast_path,65.000
pipeline,fast_path,64.209
pipeline,fast_path,65.791
pipeline,fast_path,63.500
pipeline,fast_path,64.125
pipeline,fast_path,63.375
pipeline,fast_path,63.333
pipeline,fast_path,65.083
pipeline,fast_path,64.000
pipeline,fast_path,63.292
pipeline,fast_path,62.625
pipeline,fast_path,62.292
pipeline,fast_path,95.750
pipeline,fast_path,70.125
pipeline,fast_path,67.375
pipeline,fast_path,64.791
pipeline,fast_path,63.875
pipeline,fast_path,63.208
pipeline,fast_path,63.709
pipeline,fast_path,63.791
pipeline,fast_path,62.458
pipeline,fast_path,64.166
pipeline,fast_path,63.709
pipeline,fast_path,63.583
pipeline,fast_path,62.584
pipeline,fast_path,62.250
pipeline,fast_path,61.208
pipeline,fast_path,63.541
pipeline,fast_path,62.208
pipeline,fast_path,63.416
pipeline,fast_path,60.333
pipeline,fast_path,63.208
pipeline,fast_path,96.125
pipeline,fast_path,73.667
pipeline,fast_path,67.583
pipeline,fast_path,66.667
pipeline,fast_path,63.917
pipeline,fast_path,66.542
pipeline,fast_path,65.084
pipeline,fast_path,64.208
pipeline,fast_path,64.209
pipeline,fast_path,64.917
pipeline,fast_path,64.292
pipeline,fast_path,64.125
pipeline,fast_path,64.458
pipeline,fast_path,63.125
pipeline,fast_path,66.083
pipeline,fast_path,64.375
pipeline,fast_path,63.417
pipeline,fast_path,63.041
pipeline,fast_path,62.625
pipeline,fast_path,62.708
pipeline,fast_path,101.250
pipeline,fast_path,73.667
pipeline,fast_path,68.625
pipeline,fast_path,67.041
pipeline,fast_path,67.083
pipeline,fast_path,66.625
pipeline,fast_path,65.292
pipeline,fast_path,64.250
pipeline,fast_path,64.042
pipeline,fast_path,64.000
pipeline,fast_path,64.417
pipeline,fast_path,62.084
pipeline,fast_path,63.625
pipeline,fast_path,62.792
pipeline,fast_path,61.500
pipeline,fast_path,62.958
pipeline,fast_path,62.833
pipeline,fast_path,63.333
pipeline,fast_path,63.333
pipeline,fast_path,63.167
pipeline,fast_path,115.000
pipeline,fast_path,78.750
pipeline,fast_path,71.792
pipeline,fast_path,67.875
pipeline,fast_path,65.708
pipeline,fast_path,68.042
pipeline,fast_path,66.042
pipeline,fast_path,64.917
pipeline,fast_path,65.833
pipeline,fast_path,65.792
pipeline,fast_path,63.875
pipeline,fast_path,66.333
pipeline,fast_path,64.250
pipeline,fast_path,64.167
pipeline,fast_path,64.208
pipeline,fast_path,64.500
pipeline,fast_path,63.291
pipeline,fast_path,64.250
pipeline,fast_path,70.208
pipeline,fast_path,64.916
pipeline,fast_path,93.041
pipeline,fast_path,74.833
pipeline,fast_path,68.708
pipeline,fast_path,69.250
pipeline,fast_path,65.916
pipeline,fast_path,66.250
pipeline,fast_path,65.125
pipeline,fast_path,64.917
pipeline,fast_path,63.000
pipeline,fast_path,64.250
pipeline,fast_path,65.792
pipeline,fast_path,64.167
pipeline,fast_path,64.625
pipeline,fast_path,63.542
pipeline,fast_path,64.125
pipeline,fast_path,64.625
pipeline,fast_path,62.959
pipeline,fast_path,63.666
pipeline,fast_path,63.083
pipeline,fast_path,63.541
pipeline,fast_path,101.709
pipeline,fast_path,73.792
pipeline,fast_path,69.542
pipeline,fast_path,65.834
pipeline,fast_path,65.875
pipeline,fast_path,65.209
pipeline,fast_path,67.875
pipeline,fast_path,72.541
pipeline,fast_path,64.291
pipeline,fast_path,68.208
pipeline,fast_path,67.166
pipeline,fast_path,64.750
pipeline,fast_path,65.333
pipeline,fast_path,64.250
pipeline,fast_path,64.167
pipeline,fast_path,91.000
pipeline,fast_path,64.208
pipeline,fast_path,62.375
pipeline,fast_path,63.459
pipeline,fast_path,63.958
pipeline,fast_path,94.000
pipeline,fast_path,72.208
pipeline,fast_path,70.000
pipeline,fast_path,66.625
pipeline,fast_path,65.167
pipeline,fast_path,64.209
pipeline,fast_path,64.958
pipeline,fast_path,64.333
pipeline,fast_path,64.208
pipeline,fast_path,64.209
pipeline,fast_path,64.916
pipeline,fast_path,63.083
pipeline,fast_path,63.750
pipeline,fast_path,72.416
pipeline,fast_path,66.916
pipeline,fast_path,62.875
pipeline,fast_path,63.875
pipeline,fast_path,63.166
pipeline,fast_path,62.791
pipeline,fast_path,63.500
pipeline,fast_path,118.209
pipeline,fast_path,76.000
pipeline,fast_path,77.167
pipeline,fast_path,68.083
pipeline,fast_path,68.167
pipeline,fast_path,68.208
pipeline,fast_path,66.000
pipeline,fast_path,67.333
pipeline,fast_path,70.416
pipeline,fast_path,65.875
pipeline,fast_path,65.792
pipeline,fast_path,65.791
pipeline,fast_path,64.583
pipeline,fast_path,65.292
pipeline,fast_path,65.208
pipeline,fast_path,65.166
pipeline,fast_path,64.583
pipeline,fast_path,64.208
pipeline,fast_path,67.167
pipeline,fast_path,64.875
pipeline,fast_path,102.541
pipeline,fast_path,78.208
pipeline,fast_path,71.750
pipeline,fast_path,66.833
pipeline,fast_path,64.959
pipeline,fast_path,65.917
pipeline,fast_path,62.625
pipeline,fast_path,65.625
pipeline,fast_path,62.875
pipeline,fast_path,64.667
pipeline,fast_path,64.917
pipeline,fast_path,64.208
pipeline,fast_path,63.084
pipeline,fast_path,63.500
pipeline,fast_path,64.250
pipeline,fast_path,72.417
pipeline,fast_path,98.292
pipeline,fast_path,81.125
pipeline,fast_path,73.792
pipeline,fast_path,68.958
pipeline,fast_path,116.542
pipeline,fast_path,76.917
pipeline,fast_path,69.458
pipeline,fast_path,65.750
pipeline,fast_path,66.333
pipeline,fast_path,65.458
pipeline,fast_path,63.458
pipeline,fast_path,64.750
pipeline,fast_path,64.542
pipeline,fast_path,65.375
pipeline,fast_path,63.500
pipeline,fast_path,64.042
pipeline,fast_path,65.042
pipeline,fast_path,64.833
pipeline,fast_path,63.792
pipeline,fast_path,64.708
pipeline,fast_path,63.000
pipeline,fast_path,63.000
pipeline,fast_path,63.000
pipeline,fast_path,62.000
pipeline,fast_path,98.042
pipeline,fast_path,71.375
pipeline,fast_path,69.541
pipeline,fast_path,66.708
pipeline,fast_path,68.333
pipeline,fast_path,66.125
pipeline,fast_path,64.833
pipeline,fast_path,62.708
pipeline,fast_path,64.083
pipeline,fast_path,67.625
pipeline,fast_path,68.083
pipeline,fast_path,63.417
pipeline,fast_path,63.083
pipeline,fast_path,64.625
pipeline,fast_path,67.167
pipeline,fast_path,62.209
pipeline,fast_path,63.375
pipeline,fast_path,63.500
pipeline,fast_path,63.541
pipeline,fast_path,63.917
pipeline,fast_path,115.250
pipeline,fast_path,79.125
pipeline,fast_path,72.500
pipeline,fast_path,66.709
pipeline,fast_path,66.500
pipeline,fast_path,71.333
pipeline,fast_path,66.541
pipeline,fast_path,65.500
pipeline,fast_path,64.416
pipeline,fast_path,65.375
pipeline,fast_path,65.000
pipeline,fast_path,65.375
pipeline,fast_path,64.667
pipeline,fast_path,65.292
pipeline,fast_path,64.917
pipeline,fast_path,64.250
pipeline,fast_path,64.042
pipeline,fast_path,64.125
pipeline,fast_path,64.125
pipeline,fast_path,64.583
pipeline,slow_path_optimize,64774.250
pipeline,slow_path_optimize,64437.500
pipeline,slow_path_optimize,64757.500
pipeline,slow_path_optimize,65547.458
pipeline,slow_path_optimize,64489.542
pipeline,slow_path_optimize,65511.958
pipeline,slow_path_optimize,65117.916
pipeline,slow_path_optimize,64974.250
pipeline,slow_path_optimize,65292.083
pipeline,slow_path_optimize,65488.291
pipeline,slow_path_optimize,65219.708
pipeline,slow_path_optimize,65513.416
pipeline,slow_path_optimize,65602.084
pipeline,slow_path_optimize,65278.916
pipeline,slow_path_optimize,65552.417
pipeline,slow_path_optimize,65162.666
pipeline,slow_path_optimize,65044.750
pipeline,slow_path_optimize,65552.667
pipeline,slow_path_optimize,65233.625
pipeline,slow_path_optimize,64873.625
pipeline,slow_path_optimize,64949.792
pipeline,slow_path_optimize,65615.208
pipeline,slow_path_optimize,65363.583
pipeline,slow_path_optimize,65748.292
pipeline,slow_path_optimize,65338.584
pipeline,slow_path_optimize,65386.291
pipeline,slow_path_optimize,65700.458
pipeline,slow_path_optimize,65054.958
pipeline,slow_path_optimize,64968.792
pipeline,slow_path_optimize,65453.125
pipeline,slow_path_optimize,65256.583
pipeline,slow_path_optimize,65621.583
pipeline,slow_path_optimize,65620.875
pipeline,slow_path_optimize,65531.417
pipeline,slow_path_optimize,65963.750
pipeline,slow_path_optimize,64892.208
pipeline,slow_path_optimize,65276.542
pipeline,slow_path_optimize,65197.292
pipeline,slow_path_optimize,65575.125
pipeline,slow_path_optimize,65563.000
pipeline,slow_path_optimize,65126.792
pipeline,slow_path_optimize,65228.166
pipeline,slow_path_optimize,65652.458
pipeline,slow_path_optimize,65060.417
pipeline,slow_path_optimize,65306.375
pipeline,slow_path_optimize,64982.375
pipeline,slow_path_optimize,65508.083
pipeline,slow_path_optimize,65174.958
pipeline,slow_path_optimize,64887.041
pipeline,slow_path_optimize,65130.000
pipeline,slow_path_optimize,65249.917
pipeline,slow_path_optimize,65669.833
pipeline,slow_path_optimize,65505.917
pipeline,slow_path_optimize,64699.375
pipeline,slow_path_optimize,65690.541
pipeline,slow_path_optimize,65276.625
pipeline,slow_path_optimize,65801.500
pipeline,slow_path_optimize,66027.167
pipeline,slow_path_optimize,65589.458
pipeline,slow_path_optimize,65586.625
pipeline,slow_path_optimize,65900.417
pipeline,slow_path_optimize,65240.625
pipeline,slow_path_optimize,65670.834
pipeline,slow_path_optimize,65546.417
pipeline,slow_path_optimize,65572.292
pipeline,slow_path_optimize,65819.125
pipeline,slow_path_optimize,65225.041
pipeline,slow_path_optimize,65492.792
pipeline,slow_path_optimize,65517.125
pipeline,slow_path_optimize,65737.208
pipeline,slow_path_optimize,65601.875
pipeline,slow_path_optimize,65472.834
pipeline,slow_path_optimize,65855.875
pipeline,slow_path_optimize,65620.042
pipeline,slow_path_optimize,65563.916
pipeline,slow_path_optimize,65603.125
pipeline,slow_path_optimize,65286.041
pipeline,slow_path_optimize,65557.667
pipeline,slow_path_optimize,65290.291
pipeline,slow_path_optimize,65911.959
pipeline,slow_path_optimize,65617.916
pipeline,slow_path_optimize,65424.041
pipeline,slow_path_optimize,65474.750
pipeline,slow_path_optimize,65882.667
pipeline,slow_path_optimize,64717.500
pipeline,slow_path_optimize,65786.875
pipeline,slow_path_optimize,65318.167
pipeline,slow_path_optimize,65506.667
pipeline,slow_path_optimize,65311.042
pipeline,slow_path_optimize,65352.458
pipeline,slow_path_optimize,65364.833
pipeline,slow_path_optimize,65696.625
pipeline,slow_path_optimize,65362.459
pipeline,slow_path_optimize,65586.209
pipeline,slow_path_optimize,64850.000
pipeline,slow_path_optimize,65443.083
pipeline,slow_path_optimize,65730.625
pipeline,slow_path_optimize,65810.000
pipeline,slow_path_optimize,65337.292
pipeline,slow_path_optimize,65472.458
pipeline,slow_path_optimize,66011.500
pipeline,slow_path_optimize,65133.292
pipeline,slow_path_optimize,65864.833
pipeline,slow_path_optimize,65829.000
pipeline,slow_path_optimize,65522.125
pipeline,slow_path_optimize,66192.334
pipeline,slow_path_optimize,65505.250
pipeline,slow_path_optimize,65795.583
pipeline,slow_path_optimize,66392.500
pipeline,slow_path_optimize,65817.459
pipeline,slow_path_optimize,66126.542
pipeline,slow_path_optimize,65176.667
pipeline,slow_path_optimize,65371.917
pipeline,slow_path_optimize,65530.750
pipeline,slow_path_optimize,65174.000
pipeline,slow_path_optimize,65400.959
pipeline,slow_path_optimize,65640.542
pipeline,slow_path_optimize,65851.792
pipeline,slow_path_optimize,65978.625
pipeline,slow_path_optimize,65605.125
pipeline,slow_path_optimize,65376.125
pipeline,slow_path_optimize,65893.875
pipeline,slow_path_optimize,65972.584
pipeline,slow_path_optimize,65217.833
pipeline,slow_path_optimize,65369.500
pipeline,slow_path_optimize,65780.000
pipeline,slow_path_optimize,66010.667
pipeline,slow_path_optimize,65284.500
pipeline,slow_path_optimize,65517.000
pipeline,slow_path_optimize,65520.041
pipeline,slow_path_optimize,64823.167
pipeline,slow_path_optimize,65905.917
pipeline,slow_path_optimize,65686.042
pipeline,slow_path_optimize,66009.709
pipeline,slow_path_optimize,65620.167
pipeline,slow_path_optimize,64947.791
pipeline,slow_path_optimize,65423.792
pipeline,slow_path_optimize,65811.041
pipeline,slow_path_optimize,65479.125
pipeline,slow_path_optimize,66009.375
pipeline,slow_path_optimize,65653.542
pipeline,slow_path_optimize,65064.959
pipeline,slow_path_optimize,65833.750
pipeline,slow_path_optimize,65708.500
pipeline,slow_path_optimize,65521.000
pipeline,slow_path_optimize,66089.875
pipeline,slow_path_optimize,65457.291
pipeline,slow_path_optimize,65570.708
pipeline,slow_path_optimize,65807.334
pipeline,slow_path_optimize,66425.708
pipeline,slow_path_optimize,65719.458
pipeline,slow_path_optimize,65376.666
pipeline,slow_path_optimize,65957.042
pipeline,slow_path_optimize,65875.750
pipeline,slow_path_optimize,66389.959
pipeline,slow_path_optimize,66591.208
pipeline,slow_path_optimize,65676.250
pipeline,slow_path_optimize,66134.041
pipeline,slow_path_optimize,65948.875
pipeline,slow_path_optimize,65499.417
pipeline,slow_path_optimize,65941.375
pipeline,slow_path_optimize,65598.750
pipeline,slow_path_optimize,65940.208
pipeline,slow_path_optimize,64975.750
pipeline,slow_path_optimize,65466.459
pipeline,slow_path_optimize,65882.583
pipeline,slow_path_optimize,65720.417
pipeline,slow_path_optimize,65706.750
pipeline,slow_path_optimize,66138.459
pipeline,slow_path_optimize,65788.250
pipeline,slow_path_optimize,65123.916
pipeline,slow_path_optimize,65880.542
pipeline,slow_path_optimize,65146.334
pipeline,slow_path_optimize,65668.167
pipeline,slow_path_optimize,65812.208
pipeline,slow_path_optimize,65674.292
pipeline,slow_path_optimize,65145.166
pipeline,slow_path_optimize,65555.625
pipeline,slow_path_optimize,65825.209
pipeline,slow_path_optimize,65914.958
pipeline,slow_path_optimize,65584.417
pipeline,slow_path_optimize,65901.208
pipeline,slow_path_optimize,66376.209
pipeline,slow_path_optimize,65195.208
pipeline,slow_path_optimize,65813.250
pipeline,slow_path_optimize,65937.584
pipeline,slow_path_optimize,66197.458
pipeline,slow_path_optimize,65761.500
pipeline,slow_path_optimize,65523.750
pipeline,slow_path_optimize,65665.333
pipeline,slow_path_optimize,65634.666
pipeline,slow_path_optimize,65745.500
pipeline,slow_path_optimize,65636.083
pipeline,slow_path_optimize,66645.750
pipeline,slow_path_optimize,66490.666
pipeline,slow_path_optimize,65741.167
pipeline,slow_path_optimize,66265.667
pipeline,slow_path_optimize,66039.041
pipeline,slow_path_optimize,65803.167
pipeline,slow_path_optimize,66041.500
pipeline,slow_path_optimize,65923.041
pipeline,slow_path_optimize,65242.083
pipeline,slow_path_optimize,65673.667
pipeline,slow_path_optimize,65890.166
pipeline,slow_path_optimize,66062.958
pipeline,slow_path_optimize,65934.500
pipeline,slow_path_optimize,65769.667
pipeline,slow_path_optimize,65911.667
pipeline,slow_path_optimize,65776.416
pipeline,slow_path_optimize,66095.166
pipeline,slow_path_optimize,66074.000
pipeline,slow_path_optimize,66173.709
pipeline,slow_path_optimize,66457.917
pipeline,slow_path_optimize,66357.292
pipeline,slow_path_optimize,65857.667
pipeline,slow_path_optimize,65817.417
pipeline,slow_path_optimize,65368.917
pipeline,slow_path_optimize,64906.292
pipeline,slow_path_optimize,65296.958
pipeline,slow_path_optimize,65486.541
pipeline,slow_path_optimize,65427.083
pipeline,slow_path_optimize,66147.375
pipeline,slow_path_optimize,65950.917
pipeline,slow_path_optimize,65991.291
pipeline,slow_path_optimize,65627.542
pipeline,slow_path_optimize,65624.750
pipeline,slow_path_optimize,65982.292
pipeline,slow_path_optimize,65348.250
pipeline,slow_path_optimize,65554.792
pipeline,slow_path_optimize,65805.959
pipeline,slow_path_optimize,65731.250
pipeline,slow_path_optimize,66183.167
pipeline,slow_path_optimize,65931.291
pipeline,slow_path_optimize,65805.333
pipeline,slow_path_optimize,66177.584
pipeline,slow_path_optimize,65860.958
pipeline,slow_path_optimize,66291.416
pipeline,slow_path_optimize,65930.625
pipeline,slow_path_optimize,66167.125
pipeline,slow_path_optimize,65527.875
pipeline,slow_path_optimize,66858.958
pipeline,slow_path_optimize,65921.125
pipeline,slow_path_optimize,65790.416
pipeline,slow_path_optimize,65272.583
pipeline,slow_path_optimize,65460.666
pipeline,slow_path_optimize,66010.750
pipeline,slow_path_optimize,66196.334
pipeline,slow_path_optimize,65713.417
pipeline,slow_path_optimize,65741.625
pipeline,slow_path_optimize,66157.917
pipeline,slow_path_optimize,65841.250
pipeline,slow_path_optimize,65465.791
pipeline,slow_path_optimize,66434.041
pipeline,slow_path_optimize,65456.125
pipeline,slow_path_optimize,65736.208
pipeline,slow_path_optimize,65424.958
pipeline,slow_path_optimize,66160.375
pipeline,slow_path_optimize,65753.084
pipeline,slow_path_optimize,65517.084
pipeline,slow_path_optimize,65563.875
pipeline,slow_path_optimize,65531.750
pipeline,slow_path_optimize,65533.583
pipeline,slow_path_optimize,64945.958
pipeline,slow_path_optimize,65650.875
pipeline,slow_path_optimize,65245.833
pipeline,slow_path_optimize,65055.125
pipeline,slow_path_optimize,65196.625
pipeline,slow_path_optimize,65432.417
pipeline,slow_path_optimize,65855.375
pipeline,slow_path_optimize,65639.917
pipeline,slow_path_optimize,64591.125
pipeline,slow_path_optimize,65363.542
pipeline,slow_path_optimize,65335.000
pipeline,slow_path_optimize,65538.375
pipeline,slow_path_optimize,65683.542
pipeline,slow_path_optimize,65152.834
pipeline,slow_path_optimize,65430.292
pipeline,slow_path_optimize,65763.541
pipeline,slow_path_optimize,65308.208
pipeline,slow_path_optimize,64960.416
pipeline,slow_path_optimize,65618.792
pipeline,slow_path_optimize,65830.709
pipeline,slow_path_optimize,65498.458
pipeline,slow_path_optimize,65416.416
pipeline,slow_path_optimize,65280.625
pipeline,slow_path_optimize,65563.167
pipeline,slow_path_optimize,65879.375
pipeline,slow_path_optimize,66262.833
pipeline,slow_path_optimize,65560.084
pipeline,slow_path_optimize,65388.333
pipeline,slow_path_optimize,65267.791
pipeline,slow_path_optimize,65228.875
pipeline,slow_path_optimize,65611.167
pipeline,slow_path_optimize,65403.125
pipeline,slow_path_optimize,65764.167
pipeline,slow_path_optimize,66018.375
pipeline,slow_path_optimize,65241.583
pipeline,slow_path_optimize,65451.541
pipeline,slow_path_optimize,66091.708
pipeline,slow_path_optimize,65936.334
pipeline,slow_path_optimize,65263.500
pipeline,slow_path_optimize,65450.667
pipeline,slow_path_optimize,65359.375
pipeline,slow_path_optimize,65955.458
pipeline,slow_path_optimize,65320.708
pipeline,slow_path_optimize,65416.375
pipeline,slow_path_optimize,65278.084
pipeline,slow_path_optimize,65324.667
pipeline,slow_path_optimize,64904.750
pipeline,slow_path_optimize,65028.500
pipeline,slow_path_optimize,65746.625
pipeline,slow_path_optimize,65210.958
pipeline,slow_path_optimize,65105.333
pipeline,slow_path_optimize,65940.542
pipeline,slow_path_optimize,64969.542
pipeline,slow_path_optimize,65212.167
pipeline,slow_path_optimize,65063.375
pipeline,slow_path_optimize,65440.917
pipeline,slow_path_optimize,65306.792
pipeline,slow_path_optimize,64781.000
pipeline,slow_path_optimize,65791.916
pipeline,slow_path_optimize,66152.458
pipeline,slow_path_optimize,65263.208
pipeline,slow_path_optimize,65213.708
pipeline,slow_path_optimize,66139.000
pipeline,slow_path_optimize,65289.916
pipeline,slow_path_optimize,65253.041
pipeline,slow_path_optimize,65163.375
pipeline,slow_path_optimize,65796.583
pipeline,slow_path_optimize,65870.542
pipeline,slow_path_optimize,65838.042
pipeline,slow_path_optimize,66002.084
pipeline,slow_path_optimize,65579.416
pipeline,slow_path_optimize,65537.792
pipeline,slow_path_optimize,65075.917
pipeline,slow_path_optimize,66108.500
pipeline,slow_path_optimize,65056.084
pipeline,slow_path_optimize,65904.250
pipeline,slow_path_optimize,65667.375
pipeline,slow_path_optimize,65639.541
pipeline,slow_path_optimize,65654.834
pipeline,slow_path_optimize,65264.291
pipeline,slow_path_optimize,65439.333
pipeline,slow_path_optimize,65264.875
pipeline,slow_path_optimize,64972.875
pipeline,slow_path_optimize,65117.292
pipeline,slow_path_optimize,65583.167
pipeline,slow_path_optimize,65089.625
pipeline,slow_path_optimize,65086.625
pipeline,slow_path_optimize,65749.625
pipeline,slow_path_optimize,65191.458
pipeline,slow_path_optimize,65875.167
pipeline,slow_path_optimize,65753.166
pipeline,slow_path_optimize,65607.042
pipeline,slow_path_optimize,65299.334
pipeline,slow_path_optimize,65429.250
pipeline,slow_path_optimize,64896.958
pipeline,slow_path_optimize,65460.084
pipeline,slow_path_optimize,65202.709
pipeline,slow_path_optimize,65612.667
pipeline,slow_path_optimize,65288.041
pipeline,slow_path_optimize,65224.666
pipeline,slow_path_optimize,65405.333
pipeline,slow_path_optimize,65424.625
pipeline,slow_path_optimize,65487.209
pipeline,slow_path_optimize,65860.208
pipeline,slow_path_optimize,65594.250
pipeline,slow_path_optimize,66203.666
pipeline,slow_path_optimize,65731.042
pipeline,slow_path_optimize,65665.291
pipeline,slow_path_optimize,65612.500
pipeline,slow_path_optimize,65553.084
pipeline,slow_path_optimize,66270.417
pipeline,slow_path_optimize,65313.208
pipeline,slow_path_optimize,66172.958
pipeline,slow_path_optimize,65720.667
pipeline,slow_path_optimize,65323.084
pipeline,slow_path_optimize,65546.292
pipeline,slow_path_optimize,65622.750
pipeline,slow_path_optimize,65899.583
pipeline,slow_path_optimize,66079.292
pipeline,slow_path_optimize,65994.000
pipeline,slow_path_optimize,65864.417
pipeline,slow_path_optimize,65645.958
pipeline,slow_path_optimize,65798.667
pipeline,slow_path_optimize,65676.875
pipeline,slow_path_optimize,66018.500
pipeline,slow_path_optimize,65095.250
pipeline,slow_path_optimize,66042.542
pipeline,slow_path_optimize,65685.125
pipeline,slow_path_optimize,65152.417
pipeline,slow_path_optimize,65476.833
pipeline,slow_path_optimize,65824.166
pipeline,slow_path_optimize,65921.500
pipeline,slow_path_optimize,65396.417
pipeline,slow_path_optimize,65724.958
pipeline,slow_path_optimize,65589.209
pipeline,slow_path_optimize,65279.625
pipeline,slow_path_optimize,65365.625
pipeline,slow_path_optimize,64979.291
pipeline,slow_path_optimize,65458.875
pipeline,slow_path_optimize,65588.750
pipeline,slow_path_optimize,65454.958
pipeline,slow_path_optimize,65968.834
pipeline,slow_path_optimize,65254.792
pipeline,slow_path_optimize,65482.667
pipeline,slow_path_optimize,66055.708
pipeline,slow_path_optimize,65386.500
pipeline,slow_path_optimize,65850.750
pipeline,slow_path_optimize,65535.292
pipeline,slow_path_optimize,65502.583
pipeline,slow_path_optimize,65913.667
pipeline,slow_path_optimize,65782.417
pipeline,slow_path_optimize,65499.125
pipeline,slow_path_optimize,65509.833
pipeline,slow_path_optimize,65627.375
pipeline,slow_path_optimize,66238.750
pipeline,slow_path_optimize,65661.792
pipeline,slow_path_optimize,65309.375
pipeline,slow_path_optimize,66351.917
pipeline,slow_path_optimize,65852.292
pipeline,slow_path_optimize,65720.125
pipeline,slow_path_optimize,66090.333
pipeline,slow_path_optimize,65776.000
pipeline,slow_path_optimize,66156.542
pipeline,slow_path_optimize,65267.416
pipeline,slow_path_optimize,65457.833
pipeline,slow_path_optimize,66322.834
pipeline,slow_path_optimize,65833.708
pipeline,slow_path_optimize,65998.208
pipeline,slow_path_optimize,66024.958
pipeline,slow_path_optimize,65941.500
pipeline,slow_path_optimize,65522.209
pipeline,slow_path_optimize,66013.583
pipeline,slow_path_optimize,65908.250
pipeline,slow_path_optimize,65287.084
pipeline,slow_path_optimize,65685.959
pipeline,slow_path_optimize,65781.208
pipeline,slow_path_optimize,66103.750
pipeline,slow_path_optimize,65793.208
pipeline,slow_path_optimize,65808.917
pipeline,slow_path_optimize,66642.750
pipeline,slow_path_optimize,65404.667
pipeline,slow_path_optimize,65337.875
pipeline,slow_path_optimize,68583.083
pipeline,slow_path_optimize,67234.667
pipeline,slow_path_optimize,67195.625
pipeline,slow_path_optimize,66706.292
pipeline,slow_path_optimize,65932.500
pipeline,slow_path_optimize,65947.959
pipeline,slow_path_optimize,65549.875
pipeline,slow_path_optimize,65442.791
pipeline,slow_path_optimize,65652.750
pipeline,slow_path_optimize,65960.334
pipeline,slow_path_optimize,65443.375
pipeline,slow_path_optimize,65559.000
pipeline,slow_path_optimize,65469.375
pipeline,slow_path_optimize,66734.666
pipeline,slow_path_optimize,65724.709
pipeline,slow_path_optimize,66317.375
pipeline,slow_path_optimize,65788.333
pipeline,slow_path_optimize,65902.708
pipeline,slow_path_optimize,66050.875
pipeline,slow_path_optimize,65835.000
pipeline,slow_path_optimize,65478.542
pipeline,slow_path_optimize,65252.500
pipeline,slow_path_optimize,65392.291
pipeline,slow_path_optimize,66107.708
pipeline,slow_path_optimize,65953.209
pipeline,slow_path_optimize,66206.834
pipeline,slow_path_optimize,65188.167
pipeline,slow_path_optimize,65872.333
pipeline,slow_path_optimize,65833.416
pipeline,slow_path_optimize,65573.958
pipeline,slow_path_optimize,65611.666
pipeline,slow_path_optimize,66338.042
pipeline,slow_path_optimize,65870.667
pipeline,slow_path_optimize,65241.250
pipeline,slow_path_optimize,65907.125
pipeline,slow_path_optimize,66001.333
pipeline,slow_path_optimize,65290.042
pipeline,slow_path_optimize,65667.000
pipeline,slow_path_optimize,65879.500
pipeline,slow_path_optimize,65480.084
pipeline,slow_path_optimize,65075.750
pipeline,slow_path_optimize,65948.042
pipeline,slow_path_optimize,65963.959
pipeline,slow_path_optimize,65417.875
pipeline,slow_path_optimize,65045.750
pipeline,slow_path_optimize,64537.667
pipeline,slow_path_optimize,65047.500
pipeline,slow_path_optimize,65241.708
pipeline,slow_path_optimize,65753.625
pipeline,slow_path_optimize,65316.208
pipeline,slow_path_optimize,65455.709
pipeline,slow_path_optimize,65663.667
pipeline,slow_path_optimize,65946.625
pipeline,slow_path_optimize,65930.125
pipeline,slow_path_optimize,65466.459
pipeline,slow_path_optimize,65482.417
pipeline,policy_propagation,1.207
pipeline,policy_propagation,1.249
pipeline,policy_propagation,0.750
pipeline,policy_propagation,0.749
pipeline,policy_propagation,0.790
pipeline,policy_propagation,0.709
pipeline,policy_propagation,0.957
pipeline,policy_propagation,0.667
pipeline,policy_propagation,0.667
pipeline,policy_propagation,0.874
pipeline,policy_propagation,0.874
pipeline,policy_propagation,0.915
pipeline,policy_propagation,0.709
pipeline,policy_propagation,0.750
pipeline,policy_propagation,0.832
pipeline,policy_propagation,0.707
pipeline,policy_propagation,0.833
pipeline,policy_propagation,0.832
pipeline,policy_propagation,0.666
pipeline,policy_propagation,0.625
pipeline,policy_propagation,0.708
pipeline,policy_propagation,0.708
pipeline,policy_propagation,0.916
pipeline,policy_propagation,0.790
pipeline,policy_propagation,0.874
pipeline,policy_propagation,0.708
pipeline,policy_propagation,0.749
pipeline,policy_propagation,0.916
pipeline,policy_propagation,0.625
pipeline,policy_propagation,0.749
pipeline,policy_propagation,0.665
pipeline,policy_propagation,0.707
pipeline,policy_propagation,0.959
pipeline,policy_propagation,0.749
pipeline,policy_propagation,0.833
pipeline,policy_propagation,0.583
pipeline,policy_propagation,0.541
pipeline,policy_propagation,0.790
pipeline,policy_propagation,0.665
pipeline,policy_propagation,0.832
pipeline,policy_propagation,0.542
pipeline,policy_propagation,0.666
pipeline,policy_propagation,0.624
pipeline,policy_propagation,0.583
pipeline,policy_propagation,0.832
pipeline,policy_propagation,0.667
pipeline,policy_propagation,0.916
pipeline,policy_propagation,0.500
pipeline,policy_propagation,0.749
pipeline,policy_propagation,0.791
pipeline,policy_propagation,0.707
pipeline,policy_propagation,0.707
pipeline,policy_propagation,0.667
pipeline,policy_propagation,0.666
pipeline,policy_propagation,0.709
pipeline,policy_propagation,0.915
pipeline,policy_propagation,0.875
pipeline,policy_propagation,0.749
pipeline,policy_propagation,0.707
pipeline,policy_propagation,0.707
pipeline,policy_propagation,0.916
pipeline,policy_propagation,0.708
pipeline,policy_propagation,0.791
pipeline,policy_propagation,0.625
pipeline,policy_propagation,0.833
pipeline,policy_propagation,0.791
pipeline,policy_propagation,0.791
pipeline,policy_propagation,0.708
pipeline,policy_propagation,0.667
pipeline,policy_propagation,0.625
pipeline,policy_propagation,0.666
pipeline,policy_propagation,0.708
pipeline,policy_propagation,0.624
pipeline,policy_propagation,0.624
pipeline,policy_propagation,0.791
pipeline,policy_propagation,0.667
pipeline,policy_propagation,0.790
pipeline,policy_propagation,0.749
pipeline,policy_propagation,0.707
pipeline,policy_propagation,0.707
pipeline,policy_propagation,0.667
pipeline,policy_propagation,0.666
pipeline,policy_propagation,0.791
pipeline,policy_propagation,0.583
pipeline,policy_propagation,0.791
pipeline,policy_propagation,0.666
pipeline,policy_propagation,0.791
pipeline,policy_propagation,0.833
pipeline,policy_propagation,0.832
pipeline,policy_propagation,0.792
pipeline,policy_propagation,0.749
pipeline,policy_propagation,0.749
pipeline,policy_propagation,0.750
pipeline,policy_propagation,0.667
pipeline,policy_propagation,0.750
pipeline,policy_propagation,0.791
pipeline,policy_propagation,0.750
pipeline,policy_propagation,0.624
pipeline,policy_propagation,0.749
pipeline,policy_propagation,0.875
pipeline,policy_propagation,0.750
pipeline,policy_propagation,0.625
pipeline,policy_propagation,0.667
pipeline,policy_propagation,0.833
pipeline,policy_propagation,0.749
pipeline,policy_propagation,0.708
pipeline,policy_propagation,0.874
pipeline,policy_propagation,0.832
pipeline,policy_propagation,1.041
pipeline,policy_propagation,0.583
pipeline,policy_propagation,0.583
pipeline,policy_propagation,0.790
pipeline,policy_propagation,0.708
pipeline,policy_propagation,0.709
pipeline,policy_propagation,0.874
pipeline,policy_propagation,0.750
pipeline,policy_propagation,0.624
pipeline,policy_propagation,0.792
pipeline,policy_propagation,0.874
pipeline,policy_propagation,0.791
pipeline,policy_propagation,0.707
pipeline,policy_propagation,0.790
pipeline,policy_propagation,0.833
pipeline,policy_propagation,0.874
pipeline,policy_propagation,0.709
pipeline,policy_propagation,0.667
pipeline,policy_propagation,0.750
pipeline,policy_propagation,0.707
pipeline,policy_propagation,0.667
pipeline,policy_propagation,0.583
pipeline,policy_propagation,0.750
pipeline,policy_propagation,0.790
pipeline,policy_propagation,0.749
pipeline,policy_propagation,0.749
pipeline,policy_propagation,0.624
pipeline,policy_propagation,0.749
pipeline,policy_propagation,0.709
pipeline,policy_propagation,0.749
pipeline,policy_propagation,0.874
pipeline,policy_propagation,0.708
pipeline,policy_propagation,0.708
pipeline,policy_propagation,0.792
pipeline,policy_propagation,0.625
pipeline,policy_propagation,0.707
pipeline,policy_propagation,0.625
pipeline,policy_propagation,0.792
pipeline,policy_propagation,0.790
pipeline,policy_propagation,0.707
pipeline,policy_propagation,0.707
pipeline,policy_propagation,0.749
pipeline,policy_propagation,0.708
pipeline,policy_propagation,0.790
pipeline,policy_propagation,0.749
pipeline,policy_propagation,0.874
pipeline,policy_propagation,0.791
pipeline,policy_propagation,0.707
pipeline,policy_propagation,0.791
pipeline,policy_propagation,0.916
pipeline,policy_propagation,0.749
pipeline,policy_propagation,0.750
pipeline,policy_propagation,0.875
pipeline,policy_propagation,0.791
pipeline,policy_propagation,0.584
pipeline,policy_propagation,0.666
pipeline,policy_propagation,0.666
pipeline,policy_propagation,0.791
pipeline,policy_propagation,0.707
pipeline,policy_propagation,0.750
pipeline,policy_propagation,1.000
pipeline,policy_propagation,0.874
pipeline,policy_propagation,0.750
pipeline,policy_propagation,0.791
pipeline,policy_propagation,0.833
pipeline,policy_propagation,0.709
pipeline,policy_propagation,0.625
pipeline,policy_propagation,0.791
pipeline,policy_propagation,0.625
pipeline,policy_propagation,0.708
pipeline,policy_propagation,0.916
pipeline,policy_propagation,0.667
pipeline,policy_propagation,0.583
pipeline,policy_propagation,0.708
pipeline,policy_propagation,0.583
pipeline,policy_propagation,0.584
pipeline,policy_propagation,0.832
pipeline,policy_propagation,0.667
pipeline,policy_propagation,0.874
pipeline,policy_propagation,0.749
pipeline,policy_propagation,0.708
pipeline,policy_propagation,0.666
pipeline,policy_propagation,0.915
pipeline,policy_propagation,0.874
pipeline,policy_propagation,0.959
pipeline,policy_propagation,0.791
pipeline,policy_propagation,0.792
pipeline,policy_propagation,0.916
pipeline,policy_propagation,0.749
pipeline,policy_propagation,0.791
pipeline,policy_propagation,0.667
pipeline,policy_propagation,0.958
pipeline,policy_propagation,0.833
pipeline,policy_propagation,0.625
pipeline,policy_propagation,0.749
pipeline,policy_propagation,0.792
pipeline,policy_propagation,0.666
pipeline,policy_propagation,0.625
pipeline,policy_propagation,0.624
pipeline,policy_propagation,0.833
pipeline,policy_propagation,0.875
pipeline,policy_propagation,0.625
pipeline,policy_propagation,0.625
pipeline,policy_propagation,0.667
pipeline,policy_propagation,0.792
pipeline,policy_propagation,0.916
pipeline,policy_propagation,0.790
pipeline,policy_propagation,0.625
pipeline,policy_propagation,0.749
pipeline,policy_propagation,0.750
pipeline,policy_propagation,0.583
pipeline,policy_propagation,0.584
pipeline,policy_propagation,0.832
pipeline,policy_propagation,0.791
pipeline,policy_propagation,0.708
pipeline,policy_propagation,0.708
pipeline,policy_propagation,0.750
pipeline,policy_propagation,0.624
pipeline,policy_propagation,0.750
pipeline,policy_propagation,0.666
pipeline,policy_propagation,0.624
pipeline,policy_propagation,0.584
pipeline,policy_propagation,0.833
pipeline,policy_propagation,0.667
pipeline,policy_propagation,0.583
pipeline,policy_propagation,0.874
pipeline,policy_propagation,0.791
pipeline,policy_propagation,0.707
pipeline,policy_propagation,0.624
pipeline,policy_propagation,0.833
pipeline,policy_propagation,0.791
pipeline,policy_propagation,0.625
pipeline,policy_propagation,0.874
pipeline,policy_propagation,0.708
pipeline,policy_propagation,0.707
pipeline,policy_propagation,0.833
pipeline,policy_propagation,0.708
pipeline,policy_propagation,0.709
pipeline,policy_propagation,0.708
pipeline,policy_propagation,0.957
pipeline,policy_propagation,0.874
pipeline,policy_propagation,0.833
pipeline,policy_propagation,0.834
pipeline,policy_propagation,0.749
pipeline,policy_propagation,0.750
pipeline,policy_propagation,0.625
pipeline,policy_propagation,0.749
pipeline,policy_propagation,0.666
pipeline,policy_propagation,0.874
pipeline,policy_propagation,0.832
pipeline,policy_propagation,0.709
pipeline,policy_propagation,1.208
pipeline,policy_propagation,0.708
pipeline,policy_propagation,0.874
pipeline,policy_propagation,0.916
pipeline,policy_propagation,0.875
pipeline,policy_propagation,0.666
pipeline,policy_propagation,0.832
pipeline,policy_propagation,0.791
pipeline,policy_propagation,0.584
pipeline,policy_propagation,0.833
pipeline,policy_propagation,0.791
pipeline,policy_propagation,0.500
pipeline,policy_propagation,0.666
pipeline,policy_propagation,0.542
pipeline,policy_propagation,0.750
pipeline,policy_propagation,0.542
pipeline,policy_propagation,0.791
pipeline,policy_propagation,0.916
pipeline,policy_propagation,0.750
pipeline,policy_propagation,0.874
pipeline,policy_propagation,0.666
pipeline,policy_propagation,0.666
pipeline,policy_propagation,0.749
pipeline,policy_propagation,0.874
pipeline,policy_propagation,0.708
pipeline,policy_propagation,0.708
pipeline,policy_propagation,0.832
pipeline,policy_propagation,0.833
pipeline,policy_propagation,0.790
pipeline,policy_propagation,0.625
pipeline,policy_propagation,0.790
pipeline,policy_propagation,0.832
pipeline,policy_propagation,0.625
pipeline,policy_propagation,0.790
pipeline,policy_propagation,0.708
pipeline,policy_propagation,0.707
pipeline,policy_propagation,0.833
pipeline,policy_propagation,0.750
pipeline,policy_propagation,0.707
pipeline,policy_propagation,0.791
pipeline,policy_propagation,0.667
pipeline,policy_propagation,0.791
pipeline,policy_propagation,0.666
pipeline,policy_propagation,0.665
pipeline,policy_propagation,0.666
pipeline,policy_propagation,0.750
pipeline,policy_propagation,0.791
pipeline,policy_propagation,0.707
pipeline,policy_propagation,0.666
pipeline,policy_propagation,0.916
pipeline,policy_propagation,0.707
pipeline,policy_propagation,0.749
pipeline,policy_propagation,0.832
pipeline,policy_propagation,0.667
pipeline,policy_propagation,0.791
pipeline,policy_propagation,0.749
pipeline,policy_propagation,0.874
pipeline,policy_propagation,0.915
pipeline,policy_propagation,0.624
pipeline,policy_propagation,0.749
pipeline,policy_propagation,0.834
pipeline,policy_propagation,0.750
pipeline,policy_propagation,0.667
pipeline,policy_propagation,0.667
pipeline,policy_propagation,0.667
pipeline,policy_propagation,0.916
pipeline,policy_propagation,0.832
pipeline,policy_propagation,0.666
pipeline,policy_propagation,0.708
pipeline,policy_propagation,0.875
pipeline,policy_propagation,0.791
pipeline,policy_propagation,0.833
pipeline,policy_propagation,0.792
pipeline,policy_propagation,0.790
pipeline,policy_propagation,0.624
pipeline,policy_propagation,0.916
pipeline,policy_propagation,0.749
pipeline,policy_propagation,0.832
pipeline,policy_propagation,0.667
pipeline,policy_propagation,0.791
pipeline,policy_propagation,0.749
pipeline,policy_propagation,0.833
pipeline,policy_propagation,0.833
pipeline,policy_propagation,0.832
pipeline,policy_propagation,0.833
pipeline,policy_propagation,0.790
pipeline,policy_propagation,0.833
pipeline,policy_propagation,0.707
pipeline,policy_propagation,0.874
pipeline,policy_propagation,0.708
pipeline,policy_propagation,0.750
pipeline,policy_propagation,0.791
pipeline,policy_propagation,0.749
pipeline,policy_propagation,0.750
pipeline,policy_propagation,4.500
pipeline,policy_propagation,0.708
pipeline,policy_propagation,0.625
pipeline,policy_propagation,0.624
pipeline,policy_propagation,0.791
pipeline,policy_propagation,0.625
pipeline,policy_propagation,0.792
pipeline,policy_propagation,0.666
pipeline,policy_propagation,0.790
pipeline,policy_propagation,0.750
pipeline,policy_propagation,0.874
pipeline,policy_propagation,0.625
pipeline,policy_propagation,0.667
pipeline,policy_propagation,0.833
pipeline,policy_propagation,0.708
pipeline,policy_propagation,0.916
pipeline,policy_propagation,0.874
pipeline,policy_propagation,0.874
pipeline,policy_propagation,0.791
pipeline,policy_propagation,0.709
pipeline,policy_propagation,0.667
pipeline,policy_propagation,0.833
pipeline,policy_propagation,0.791
pipeline,policy_propagation,0.708
pipeline,policy_propagation,0.875
pipeline,policy_propagation,0.833
pipeline,policy_propagation,0.749
pipeline,policy_propagation,0.666
pipeline,policy_propagation,0.667
pipeline,policy_propagation,0.832
pipeline,policy_propagation,0.833
pipeline,policy_propagation,0.707
pipeline,policy_propagation,0.708
pipeline,policy_propagation,0.667
pipeline,policy_propagation,0.791
pipeline,policy_propagation,0.874
pipeline,policy_propagation,0.792
pipeline,policy_propagation,0.708
pipeline,policy_propagation,0.791
pipeline,policy_propagation,0.709
pipeline,policy_propagation,0.750
pipeline,policy_propagation,0.790
pipeline,policy_propagation,0.707
pipeline,policy_propagation,0.625
pipeline,policy_propagation,0.959
pipeline,policy_propagation,0.959
pipeline,policy_propagation,0.833
pipeline,policy_propagation,0.624
pipeline,policy_propagation,0.707
pipeline,policy_propagation,0.750
pipeline,policy_propagation,0.791
pipeline,policy_propagation,0.874
pipeline,policy_propagation,0.666
pipeline,policy_propagation,0.874
pipeline,policy_propagation,0.790
pipeline,policy_propagation,0.666
pipeline,policy_propagation,0.749
pipeline,policy_propagation,0.667
pipeline,policy_propagation,0.791
pipeline,policy_propagation,0.749
pipeline,policy_propagation,0.915
pipeline,policy_propagation,0.709
pipeline,policy_propagation,0.709
pipeline,policy_propagation,0.832
pipeline,policy_propagation,0.875
pipeline,policy_propagation,0.707
pipeline,policy_propagation,0.791
pipeline,policy_propagation,0.667
pipeline,policy_propagation,0.957
pipeline,policy_propagation,0.874
pipeline,policy_propagation,0.708
pipeline,policy_propagation,1.000
pipeline,policy_propagation,0.750
pipeline,policy_propagation,0.667
pipeline,policy_propagation,0.708
pipeline,policy_propagation,0.874
pipeline,policy_propagation,0.666
pipeline,policy_propagation,0.832
pipeline,policy_propagation,0.916
pipeline,policy_propagation,0.708
pipeline,policy_propagation,0.874
pipeline,policy_propagation,0.749
pipeline,policy_propagation,0.708
pipeline,policy_propagation,0.917
pipeline,policy_propagation,0.833
pipeline,policy_propagation,0.833
pipeline,policy_propagation,0.792
pipeline,policy_propagation,0.791
pipeline,policy_propagation,0.750
pipeline,policy_propagation,0.750
pipeline,policy_propagation,0.833
pipeline,policy_propagation,1.041
pipeline,policy_propagation,0.667
pipeline,policy_propagation,0.959
pipeline,policy_propagation,0.791
pipeline,policy_propagation,0.791
pipeline,policy_propagation,0.915
pipeline,policy_propagation,0.708
pipeline,policy_propagation,0.624
pipeline,policy_propagation,0.666
pipeline,policy_propagation,0.750
pipeline,policy_propagation,0.874
pipeline,policy_propagation,0.667
pipeline,policy_propagation,0.916
pipeline,policy_propagation,1.000
pipeline,policy_propagation,0.832
pipeline,policy_propagation,0.957
pipeline,policy_propagation,0.916
pipeline,policy_propagation,0.832
pipeline,policy_propagation,0.833
pipeline,policy_propagation,0.792
pipeline,policy_propagation,0.957
pipeline,policy_propagation,0.790
pipeline,policy_propagation,0.833
pipeline,policy_propagation,0.749
pipeline,policy_propagation,0.792
pipeline,policy_propagation,0.791
pipeline,policy_propagation,0.667
pipeline,policy_propagation,0.791
pipeline,policy_propagation,0.624
pipeline,policy_propagation,0.666
pipeline,policy_propagation,0.709
pipeline,policy_propagation,1.041
pipeline,policy_propagation,0.791
pipeline,policy_propagation,0.708
pipeline,policy_propagation,0.832
pipeline,policy_propagation,0.959
pipeline,policy_propagation,0.957
pipeline,policy_propagation,0.749
pipeline,policy_propagation,0.666
pipeline,policy_propagation,0.749
pipeline,policy_propagation,0.750
pipeline,policy_propagation,0.750
pipeline,policy_propagation,0.666
pipeline,policy_propagation,0.708
pipeline,policy_propagation,0.665
pipeline,policy_propagation,0.541
pipeline,policy_propagation,0.708
pipeline,policy_propagation,0.957
pipeline,policy_propagation,0.792
pipeline,policy_propagation,0.916
pipeline,policy_propagation,0.875
pipeline,policy_propagation,0.958
pipeline,policy_propagation,0.959
pipeline,policy_propagation,0.749
pipeline,policy_propagation,0.791
pipeline,policy_propagation,0.791
