family,n,seed,solver,energy,min_energy,max_energy,approx_ratio,optimality_gap,optimal,time_s,iterations,fill_rate
toy,4,0,BruteForce,-39.65,-39.65,121.45,1,0,True,2.504199801e-05,0,
toy,4,0,SA_1,-39.65,-39.65,121.45,1,0,True,0.026508709,1000,
toy,4,0,SA,-39.65,-39.65,121.45,1,0,True,0.034497875,1000,
toy,4,0,Greedy,-39.4,-39.65,121.45,0.9984481688,0.00630517024,False,2.41250018e-05,2,
toy,4,1,BruteForce,-39.65,-39.65,121.45,1,0,True,2.254200081e-05,0,
toy,4,1,SA_1,-39.65,-39.65,121.45,1,0,True,0.026428292,1000,
toy,4,1,SA,-39.65,-39.65,121.45,1,0,True,0.034201125,1000,
toy,4,1,Greedy,-39.5,-39.65,121.45,0.9990689013,0.003783102144,False,2.066699381e-05,2,
toy,4,2,BruteForce,-39.65,-39.65,121.45,1,0,True,2.262500493e-05,0,
toy,4,2,SA_1,-39.65,-39.65,121.45,1,0,True,0.026612458,1000,
toy,4,2,SA,-39.65,-39.65,121.45,1,0,True,0.034182041,1000,
toy,4,2,Greedy,-39.4,-39.65,121.45,0.9984481688,0.00630517024,False,1.974999759e-05,2,
toy,4,3,BruteForce,-39.65,-39.65,121.45,1,0,True,2.237500303e-05,0,
toy,4,3,SA_1,-39.65,-39.65,121.45,1,0,True,0.026639125,1000,
toy,4,3,SA,-39.65,-39.65,121.45,1,0,True,0.034257958,1000,
toy,4,3,Greedy,-39.4,-39.65,121.45,0.9984481688,0.00630517024,False,1.595899812e-05,2,
toy,4,4,BruteForce,-39.65,-39.65,121.45,1,0,True,2.216699795e-05,0,
toy,4,4,SA_1,-39.65,-39.65,121.45,1,0,True,0.02676545799,1000,
toy,4,4,SA,-39.65,-39.65,121.45,1,0,True,0.033999792,1000,
toy,4,4,Greedy,-39.4,-39.65,121.45,0.9984481688,0.00630517024,False,1.845799852e-05,2,
toy,4,5,BruteForce,-39.65,-39.65,121.45,1,0,True,2.166699414e-05,0,
toy,4,5,SA_1,-39.65,-39.65,121.45,1,0,True,0.026073417,1000,
toy,4,5,SA,-39.65,-39.65,121.45,1,0,True,0.03388366701,1000,
toy,4,5,Greedy,-39.4,-39.65,121.45,0.9984481688,0.00630517024,False,1.445799717e-05,2,
toy,4,6,BruteForce,-39.65,-39.65,121.45,1,0,True,2.137499541e-05,0,
toy,4,6,SA_1,-39.65,-39.65,121.45,1,0,True,0.02616204099,1000,
toy,4,6,SA,-39.65,-39.65,121.45,1,0,True,0.033870208,1000,
toy,4,6,Greedy,-39.65,-39.65,121.45,1,0,True,1.995800267e-05,3,
toy,4,7,BruteForce,-39.65,-39.65,121.45,1,0,True,2.237499575e-05,0,
toy,4,7,SA_1,-39.65,-39.65,121.45,1,0,True,0.026375958,1000,
toy,4,7,SA,-39.65,-39.65,121.45,1,0,True,0.033962875,1000,
toy,4,7,Greedy,-39.4,-39.65,121.45,0.9984481688,0.00630517024,False,1.49999978e-05,2,
toy,4,8,BruteForce,-39.65,-39.65,121.45,1,0,True,2.116700489e-05,0,
toy,4,8,SA_1,-39.65,-39.65,121.45,1,0,True,0.026311542,1000,
toy,4,8,SA,-39.65,-39.65,121.45,1,0,True,0.03443875,1000,
toy,4,8,Greedy,-39.4,-39.65,121.45,0.9984481688,0.00630517024,False,1.470799907e-05,2,
toy,4,9,BruteForce,-39.65,-39.65,121.45,1,0,True,2.187499922e-05,0,
toy,4,9,SA_1,-39.65,-39.65,121.45,1,0,True,0.026602875,1000,
toy,4,9,SA,-39.65,-39.65,121.45,1,0,True,0.034767917,1000,
toy,4,9,Greedy,-39.65,-39.65,121.45,1,0,True,2.308300463e-05,3,
toy,6,0,BruteForce,-89.4,-89.4,272.4,1,0,True,8.8959001e-05,0,
toy,6,0,SA_1,-89.4,-89.4,272.4,1,0,True,0.039178417,1000,
toy,6,0,SA,-89.4,-89.4,272.4,1,0,True,0.05053425,1000,
toy,6,0,Greedy,-89.05,-89.4,272.4,0.9990326147,0.003914988814,False,1.937499474e-05,2,
toy,6,1,BruteForce,-89.4,-89.4,272.4,1,0,True,8.695900033e-05,0,
toy,6,1,SA_1,-89.4,-89.4,272.4,1,0,True,0.038889958,1000,
toy,6,1,SA,-89.4,-89.4,272.4,1,0,True,0.050188834,1000,
toy,6,1,Greedy,-89.05,-89.4,272.4,0.9990326147,0.003914988814,False,2.029199823e-05,2,
toy,6,2,BruteForce,-89.4,-89.4,272.4,1,0,True,8.533399523e-05,0,
toy,6,2,SA_1,-89.4,-89.4,272.4,1,0,True,0.039065292,1000,
toy,6,2,SA,-89.4,-89.4,272.4,1,0,True,0.049992125,1000,
toy,6,2,Greedy,-89.25,-89.4,272.4,0.9995854063,0.001677852349,False,1.187500311e-05,1,
toy,6,3,BruteForce,-89.4,-89.4,272.4,1,0,True,8.495899965e-05,0,
toy,6,3,SA_1,-89.4,-89.4,272.4,1,0,True,0.039153125,1000,
toy,6,3,SA,-89.4,-89.4,272.4,1,0,True,0.050338375,1000,
toy,6,3,Greedy,-89.15,-89.4,272.4,0.9993090105,0.002796420582,False,2.05000033e-05,2,
toy,6,4,BruteForce,-89.4,-89.4,272.4,1,0,True,8.550000348e-05,0,
toy,6,4,SA_1,-89.4,-89.4,272.4,1,0,True,0.03878129199,1000,
toy,6,4,SA,-89.4,-89.4,272.4,1,0,True,0.049884042,1000,
toy,6,4,Greedy,-89.15,-89.4,272.4,0.9993090105,0.002796420582,False,2.095899981e-05,2,
toy,6,5,BruteForce,-89.4,-89.4,272.4,1,0,True,8.520800475e-05,0,
toy,6,5,SA_1,-89.4,-89.4,272.4,1,0,True,0.039022,1000,
toy,6,5,SA,-89.4,-89.4,272.4,1,0,True,0.049705041,1000,
toy,6,5,Greedy,-89.05,-89.4,272.4,0.9990326147,0.003914988814,False,1.849999535e-05,2,
toy,6,6,BruteForce,-89.4,-89.4,272.4,1,0,True,8.683399938e-05,0,
toy,6,6,SA_1,-89.4,-89.4,272.4,1,0,True,0.038415542,1000,
toy,6,6,SA,-89.4,-89.4,272.4,1,0,True,0.049304458,1000,
toy,6,6,Greedy,-89.4,-89.4,272.4,1,0,True,2.262499765e-05,3,
toy,6,7,BruteForce,-89.4,-89.4,272.4,1,0,True,8.491700282e-05,0,
toy,6,7,SA_1,-89.4,-89.4,272.4,1,0,True,0.038589584,1000,
toy,6,7,SA,-89.4,-89.4,272.4,1,0,True,0.04966875001,1000,
toy,6,7,Greedy,-89.15,-89.4,272.4,0.9993090105,0.002796420582,False,1.883300138e-05,2,
toy,6,8,BruteForce,-89.4,-89.4,272.4,1,0,True,8.612500096e-05,0,
toy,6,8,SA_1,-89.4,-89.4,272.4,1,0,True,0.038730459,1000,
toy,6,8,SA,-89.4,-89.4,272.4,1,0,True,0.04964558301,1000,
toy,6,8,Greedy,-89.15,-89.4,272.4,0.9993090105,0.002796420582,False,1.691700163e-05,2,
toy,6,9,BruteForce,-89.4,-89.4,272.4,1,0,True,8.566600445e-05,0,
toy,6,9,SA_1,-89.4,-89.4,272.4,1,0,True,0.038577167,1000,
toy,6,9,SA,-89.4,-89.4,272.4,1,0,True,0.049871125,1000,
toy,6,9,Greedy,-89.05,-89.4,272.4,0.9990326147,0.003914988814,False,1.687499753e-05,2,
toy,8,0,BruteForce,-159.15,-159.15,483.5,1,0,True,0.0003487079957,0,
toy,8,0,SA_1,-159.15,-159.15,483.5,1,0,True,0.05127325,1000,
toy,8,0,SA,-159.15,-159.15,483.5,1,0,True,0.065445,1000,
toy,8,0,Greedy,-158.5,-159.15,483.5,0.998988563,0.004084197298,False,2.074999793e-05,2,
toy,8,1,BruteForce,-159.15,-159.15,483.5,1,0,True,0.0003460830048,0,
toy,8,1,SA_1,-159.15,-159.15,483.5,1,0,True,0.05101375,1000,
toy,8,1,SA,-159.15,-159.15,483.5,1,0,True,0.065894208,1000,
toy,8,1,Greedy,-158.5,-159.15,483.5,0.998988563,0.004084197298,False,2.354200114e-05,2,
toy,8,2,BruteForce,-159.15,-159.15,483.5,1,0,True,0.0003554579962,0,
toy,8,2,SA_1,-159.15,-159.15,483.5,1,0,True,0.051490583,1000,
toy,8,2,SA,-159.15,-159.15,483.5,1,0,True,0.065568417,1000,
toy,8,2,Greedy,-158.95,-159.15,483.5,0.9996887886,0.001256676092,False,1.575000351e-05,1,
toy,8,3,BruteForce,-159.15,-159.15,483.5,1,0,True,0.0003533339986,0,
toy,8,3,SA_1,-159.15,-159.15,483.5,1,0,True,0.051421625,1000,
toy,8,3,SA,-159.15,-159.15,483.5,1,0,True,0.066680292,1000,
toy,8,3,Greedy,-158.85,-159.15,483.5,0.9995331829,0.001885014138,False,2.45830015e-05,2,
toy,8,4,BruteForce,-159.15,-159.15,483.5,1,0,True,0.0003484580011,0,
toy,8,4,SA_1,-159.15,-159.15,483.5,1,0,True,0.0520085,1000,
toy,8,4,SA,-159.15,-159.15,483.5,1,0,True,0.065478792,1000,
toy,8,4,Greedy,-158.65,-159.15,483.5,0.9992219715,0.003141690229,False,3.020800068e-05,2,
toy,8,5,BruteForce,-159.15,-159.15,483.5,1,0,True,0.0003554170034,0,
toy,8,5,SA_1,-159.15,-159.15,483.5,1,0,True,0.051260708,1000,
toy,8,5,SA,-159.15,-159.15,483.5,1,0,True,0.06525,1000,
toy,8,5,Greedy,-158.5,-159.15,483.5,0.998988563,0.004084197298,False,2.129199856e-05,2,
toy,8,6,BruteForce,-159.15,-159.15,483.5,1,0,True,0.0003516659999,0,
toy,8,6,SA_1,-159.15,-159.15,483.5,1,0,True,0.051914875,1000,
toy,8,6,SA,-159.15,-159.15,483.5,1,0,True,0.065493209,1000,
toy,8,6,Greedy,-158.65,-159.15,483.5,0.9992219715,0.003141690229,False,2.38749999e-05,2,
toy,8,7,BruteForce,-159.15,-159.15,483.5,1,0,True,0.0003587499959,0,
toy,8,7,SA_1,-159.15,-159.15,483.5,1,0,True,0.052060333,1000,
toy,8,7,SA,-159.15,-159.15,483.5,1,0,True,0.06543675,1000,
toy,8,7,Greedy,-158.65,-159.15,483.5,0.9992219715,0.003141690229,False,2.383300307e-05,2,
toy,8,8,BruteForce,-159.15,-159.15,483.5,1,0,True,0.0003480420055,0,
toy,8,8,SA_1,-159.15,-159.15,483.5,1,0,True,0.051570125,1000,
toy,8,8,SA,-159.15,-159.15,483.5,1,0,True,0.065639333,1000,
toy,8,8,Greedy,-158.85,-159.15,483.5,0.9995331829,0.001885014138,False,2.43750037e-05,2,
toy,8,9,BruteForce,-159.15,-159.15,483.5,1,0,True,0.0003470829979,0,
toy,8,9,SA_1,-159.15,-159.15,483.5,1,0,True,0.050706583,1000,
toy,8,9,SA,-159.15,-159.15,483.5,1,0,True,0.064978292,1000,
toy,8,9,Greedy,-158.75,-159.15,483.5,0.9993775772,0.002513352183,False,2.833300096e-05,3,
toy,10,0,BruteForce,-248.9,-248.9,754.75,1,0,True,0.001479125,0,
toy,10,0,SA_1,-248.9,-248.9,754.75,1,0,True,0.063624458,1000,
toy,10,0,SA,-248.9,-248.9,754.75,1,0,True,0.080442541,1000,
toy,10,0,Greedy,-248,-248.9,754.75,0.9991032731,0.003615910004,False,2.562499867e-05,2,
toy,10,1,BruteForce,-248.9,-248.9,754.75,1,0,True,0.001455374993,0,
toy,10,1,SA_1,-248.9,-248.9,754.75,1,0,True,0.063357083,1000,
toy,10,1,SA,-248.9,-248.9,754.75,1,0,True,0.080477125,1000,
toy,10,1,Greedy,-248,-248.9,754.75,0.9991032731,0.003615910004,False,3.012499656e-05,2,
toy,10,2,BruteForce,-248.9,-248.9,754.75,1,0,True,0.001462667002,0,
toy,10,2,SA_1,-248.9,-248.9,754.75,1,0,True,0.063233416,1000,
toy,10,2,SA,-248.9,-248.9,754.75,1,0,True,0.080589167,1000,
toy,10,2,Greedy,-248.75,-248.9,754.75,0.9998505455,0.0006026516673,False,2.495799708e-05,2,
toy,10,3,BruteForce,-248.9,-248.9,754.75,1,0,True,0.001442166002,0,
toy,10,3,SA_1,-248.9,-248.9,754.75,1,0,True,0.063108959,1000,
toy,10,3,SA,-248.9,-248.9,754.75,1,0,True,0.080565125,1000,
toy,10,3,Greedy,-248.2,-248.9,754.75,0.9993025457,0.002812374448,False,2.529199992e-05,2,
toy,10,4,BruteForce,-248.9,-248.9,754.75,1,0,True,0.001470999996,0,
toy,10,4,SA_1,-248.9,-248.9,754.75,1,0,True,0.063999959,1000,
toy,10,4,SA,-248.9,-248.9,754.75,1,0,True,0.08212375,1000,
toy,10,4,Greedy,-248.3,-248.9,754.75,0.999402182,0.002410606669,False,2.954099909e-05,2,
toy,10,5,BruteForce,-248.9,-248.9,754.75,1,0,True,0.001508166999,0,
toy,10,5,SA_1,-248.9,-248.9,754.75,1,0,True,0.063833791,1000,
toy,10,5,SA,-248.9,-248.9,754.75,1,0,True,0.081521208,1000,
toy,10,5,Greedy,-247.95,-248.9,754.75,0.9990534549,0.003816793893,False,2.816600318e-05,2,
toy,10,6,BruteForce,-248.9,-248.9,754.75,1,0,True,0.001480082996,0,
toy,10,6,SA_1,-248.9,-248.9,754.75,1,0,True,0.06460125,1000,
toy,10,6,SA,-248.9,-248.9,754.75,1,0,True,0.081791583,1000,
toy,10,6,Greedy,-248.3,-248.9,754.75,0.999402182,0.002410606669,False,3.012500383e-05,2,
toy,10,7,BruteForce,-248.9,-248.9,754.75,1,0,True,0.001488792004,0,
toy,10,7,SA_1,-248.9,-248.9,754.75,1,0,True,0.063475791,1000,
toy,10,7,SA,-248.9,-248.9,754.75,1,0,True,0.084547709,1000,
toy,10,7,Greedy,-248.3,-248.9,754.75,0.999402182,0.002410606669,False,3.52920033e-05,2,
toy,10,8,BruteForce,-248.9,-248.9,754.75,1,0,True,0.00145725,0,
toy,10,8,SA_1,-248.9,-248.9,754.75,1,0,True,0.064013292,1000,
toy,10,8,SA,-248.9,-248.9,754.75,1,0,True,0.08075387499,1000,
toy,10,8,Greedy,-248.2,-248.9,754.75,0.9993025457,0.002812374448,False,3.18329985e-05,2,
toy,10,9,BruteForce,-248.9,-248.9,754.75,1,0,True,0.001480708997,0,
toy,10,9,SA_1,-248.9,-248.9,754.75,1,0,True,0.06343954099,1000,
toy,10,9,SA,-248.9,-248.9,754.75,1,0,True,0.080936083,1000,
toy,10,9,Greedy,-248.2,-248.9,754.75,0.9993025457,0.002812374448,False,2.641700121e-05,2,
toy,12,0,BruteForce,-358.6,-358.6,1086.15,1,0,True,0.005972499996,0,
toy,12,0,SA_1,-358.6,-358.6,1086.15,1,0,True,0.075697833,1000,
toy,12,0,SA,-358.6,-358.6,1086.15,1,0,True,0.096866792,1000,
toy,12,0,Greedy,-357.35,-358.6,1086.15,0.9991347984,0.003485778026,False,3.075000132e-05,2,
toy,12,1,BruteForce,-358.6,-358.6,1086.15,1,0,True,0.006169084001,0,
toy,12,1,SA_1,-358.6,-358.6,1086.15,1,0,True,0.075818542,1000,
toy,12,1,SA,-358.6,-358.6,1086.15,1,0,True,0.096601583,1000,
toy,12,1,Greedy,-357.3,-358.6,1086.15,0.9991001903,0.003625209147,False,3.137500607e-05,2,
toy,12,2,BruteForce,-358.6,-358.6,1086.15,1,0,True,0.006147459004,0,
toy,12,2,SA_1,-358.6,-358.6,1086.15,1,0,True,0.07608858401,1000,
toy,12,2,SA,-358.6,-358.6,1086.15,1,0,True,0.097470416,1000,
toy,12,2,Greedy,-358.35,-358.6,1086.15,0.9998269597,0.0006971556051,False,3.145899973e-05,2,
toy,12,3,BruteForce,-358.6,-358.6,1086.15,1,0,True,0.006205624995,0,
toy,12,3,SA_1,-358.6,-358.6,1086.15,1,0,True,0.07706025,1000,
toy,12,3,SA,-358.6,-358.6,1086.15,1,0,True,0.097882084,1000,
toy,12,3,Greedy,-357.8,-358.6,1086.15,0.999446271,0.002230897936,False,3.52499992e-05,2,
toy,12,4,BruteForce,-358.6,-358.6,1086.15,1,0,True,0.006282041999,0,
toy,12,4,SA_1,-358.6,-358.6,1086.15,1,0,True,0.081401458,1000,
toy,12,4,SA,-358.6,-358.6,1086.15,1,0,True,0.100231,1000,
toy,12,4,Greedy,-357.45,-358.6,1086.15,0.9992040145,0.003206915784,False,3.129100514e-05,2,
toy,12,5,BruteForce,-358.6,-358.6,1086.15,1,0,True,0.006310084005,0,
toy,12,5,SA_1,-358.6,-358.6,1086.15,1,0,True,0.079374542,1000,
toy,12,5,SA,-358.6,-358.6,1086.15,1,0,True,0.100243375,1000,
toy,12,5,Greedy,-357.55,-358.6,1086.15,0.9992732307,0.002928053542,False,3.433299571e-05,2,
toy,12,6,BruteForce,-358.6,-358.6,1086.15,1,0,True,0.006477000003,0,
toy,12,6,SA_1,-358.6,-358.6,1086.15,1,0,True,0.078526167,1000,
toy,12,6,SA,-358.6,-358.6,1086.15,1,0,True,0.099307458,1000,
toy,12,6,Greedy,-357.45,-358.6,1086.15,0.9992040145,0.003206915784,False,3.13749988e-05,2,
toy,12,7,BruteForce,-358.6,-358.6,1086.15,1,0,True,0.006051167002,0,
toy,12,7,SA_1,-358.6,-358.6,1086.15,1,0,True,0.078158958,1000,
toy,12,7,SA,-358.6,-358.6,1086.15,1,0,True,0.098670583,1000,
toy,12,7,Greedy,-357.6,-358.6,1086.15,0.9993078387,0.002788622421,False,3.174999438e-05,2,
toy,12,8,BruteForce,-358.6,-358.6,1086.15,1,0,True,0.006134167001,0,
toy,12,8,SA_1,-358.6,-358.6,1086.15,1,0,True,0.07758349999,1000,
toy,12,8,SA,-358.6,-358.6,1086.15,1,0,True,0.098820791,1000,
toy,12,8,Greedy,-357.95,-358.6,1086.15,0.9995500952,0.001812604573,False,3.020800068e-05,2,
toy,12,9,BruteForce,-358.6,-358.6,1086.15,1,0,True,0.006257832996,0,
toy,12,9,SA_1,-358.6,-358.6,1086.15,1,0,True,0.077280125,1000,
toy,12,9,SA,-358.6,-358.6,1086.15,1,0,True,0.099213542,1000,
toy,12,9,Greedy,-357.55,-358.6,1086.15,0.9992732307,0.002928053542,False,3.049999941e-05,2,
toy,14,0,BruteForce,-488.3,-488.3,1477.7,1,0,True,0.025716833,0,
toy,14,0,SA_1,-488.3,-488.3,1477.7,1,0,True,0.089675584,1000,
toy,14,0,SA,-488.3,-488.3,1477.7,1,0,True,0.115989333,1000,
toy,14,0,Greedy,-486.9,-488.3,1477.7,0.9992878942,0.002867089904,False,4.804099444e-05,3,
toy,14,1,BruteForce,-488.3,-488.3,1477.7,1,0,True,0.026468416,0,
toy,14,1,SA_1,-488.25,-488.3,1477.7,0.9999745677,0.000102396068,False,0.090024584,1000,
toy,14,1,SA,-488.3,-488.3,1477.7,1,0,True,0.113996709,1000,
toy,14,1,Greedy,-486.55,-488.3,1477.7,0.9991098678,0.00358386238,False,3.679200017e-05,2,
toy,14,2,BruteForce,-488.3,-488.3,1477.7,1,0,True,0.025823375,0,
toy,14,2,SA_1,-488.25,-488.3,1477.7,0.9999745677,0.000102396068,False,0.08941575,1000,
toy,14,2,SA,-488.3,-488.3,1477.7,1,0,True,0.113819292,1000,
toy,14,2,Greedy,-487.45,-488.3,1477.7,0.9995676501,0.001740733156,False,2.445800055e-05,1,
toy,14,3,BruteForce,-488.3,-488.3,1477.7,1,0,True,0.02611095901,0,
toy,14,3,SA_1,-488.25,-488.3,1477.7,0.9999745677,0.000102396068,False,0.089494583,1000,
toy,14,3,SA,-488.3,-488.3,1477.7,1,0,True,0.114194167,1000,
toy,14,3,Greedy,-486.95,-488.3,1477.7,0.9993133266,0.002764693836,False,3.595899761e-05,2,
toy,14,4,BruteForce,-488.3,-488.3,1477.7,1,0,True,0.02599504199,0,
toy,14,4,SA_1,-488.3,-488.3,1477.7,1,0,True,0.089719833,1000,
toy,14,4,SA,-488.3,-488.3,1477.7,1,0,True,0.114093166,1000,
toy,14,4,Greedy,-487,-488.3,1477.7,0.9993387589,0.002662297768,False,3.55000011e-05,2,
toy,14,5,BruteForce,-488.3,-488.3,1477.7,1,0,True,0.026545708,0,
toy,14,5,SA_1,-488.3,-488.3,1477.7,1,0,True,0.089601542,1000,
toy,14,5,SA,-488.3,-488.3,1477.7,1,0,True,0.114672625,1000,
toy,14,5,Greedy,-487.25,-488.3,1477.7,0.9994659207,0.002150317428,False,3.72909999e-05,2,
toy,14,6,BruteForce,-488.3,-488.3,1477.7,1,0,True,0.026470541,0,
toy,14,6,SA_1,-488.3,-488.3,1477.7,1,0,True,0.090949875,1000,
toy,14,6,SA,-488.3,-488.3,1477.7,1,0,True,0.114909917,1000,
toy,14,6,Greedy,-486.7,-488.3,1477.7,0.9991861648,0.003276674176,False,3.516700235e-05,2,
toy,14,7,BruteForce,-488.3,-488.3,1477.7,1,0,True,0.0259605,0,
toy,14,7,SA_1,-488.3,-488.3,1477.7,1,0,True,0.09069375,1000,
toy,14,7,SA,-488.3,-488.3,1477.7,1,0,True,0.115004958,1000,
toy,14,7,Greedy,-486.7,-488.3,1477.7,0.9991861648,0.003276674176,False,3.404200106e-05,2,
toy,14,8,BruteForce,-488.3,-488.3,1477.7,1,0,True,0.026029333,0,
toy,14,8,SA_1,-488.25,-488.3,1477.7,0.9999745677,0.000102396068,False,0.09106283401,1000,
toy,14,8,SA,-488.3,-488.3,1477.7,1,0,True,0.114730125,1000,
toy,14,8,Greedy,-487.5,-488.3,1477.7,0.9995930824,0.001638337088,False,3.695800115e-05,2,
toy,14,9,BruteForce,-488.3,-488.3,1477.7,1,0,True,0.026135625,0,
toy,14,9,SA_1,-488.3,-488.3,1477.7,1,0,True,0.090298792,1000,
toy,14,9,SA,-488.3,-488.3,1477.7,1,0,True,0.115267334,1000,
toy,14,9,Greedy,-486.8,-488.3,1477.7,0.9992370295,0.00307188204,False,3.441699664e-05,2,
toy,16,0,BruteForce,-638,-638,1929.4,1,0,True,0.105460333,0,
toy,16,0,SA_1,-638,-638,1929.4,1,0,True,0.105233959,1000,
toy,16,0,SA,-638,-638,1929.4,1,0,True,0.132382458,1000,
toy,16,0,Greedy,-636.15,-638,1929.4,0.9992794267,0.00289968652,False,4.841600457e-05,2,
toy,16,1,BruteForce,-638,-638,1929.4,1,0,True,0.108831042,0,
toy,16,1,SA_1,-637.9,-638,1929.4,0.9999610501,0.0001567398119,False,0.101744041,1000,
toy,16,1,SA,-638,-638,1929.4,1,0,True,0.128851584,1000,
toy,16,1,Greedy,-635.85,-638,1929.4,0.9991625769,0.003369905956,False,4.524999531e-05,2,
toy,16,2,BruteForce,-638,-638,1929.4,1,0,True,0.104310208,0,
toy,16,2,SA_1,-638,-638,1929.4,1,0,True,0.101050917,1000,
toy,16,2,SA,-638,-638,1929.4,1,0,True,0.128723833,1000,
toy,16,2,Greedy,-637.25,-638,1929.4,0.9997078757,0.001175548589,False,3.958299931e-05,2,
toy,16,3,BruteForce,-638,-638,1929.4,1,0,True,0.104163792,0,
toy,16,3,SA_1,-638,-638,1929.4,1,0,True,0.101501166,1000,
toy,16,3,SA,-638,-638,1929.4,1,0,True,0.129692541,1000,
toy,16,3,Greedy,-636.45,-638,1929.4,0.9993962764,0.002429467085,False,3.941600153e-05,2,
toy,16,4,BruteForce,-638,-638,1929.4,1,0,True,0.104352541,0,
toy,16,4,SA_1,-637.9,-638,1929.4,0.9999610501,0.0001567398119,False,0.101799041,1000,
toy,16,4,SA,-638,-638,1929.4,1,0,True,0.129112875,1000,
toy,16,4,Greedy,-636.1,-638,1929.4,0.9992599517,0.002978056426,False,3.879099677e-05,2,
toy,16,5,BruteForce,-638,-638,1929.4,1,0,True,0.104133166,0,
toy,16,5,SA_1,-637.9,-638,1929.4,0.9999610501,0.0001567398119,False,0.101451542,1000,
toy,16,5,SA,-638,-638,1929.4,1,0,True,0.128560209,1000,
toy,16,5,Greedy,-636.2,-638,1929.4,0.9992989016,0.002821316614,False,4.079200153e-05,2,
toy,16,6,BruteForce,-638,-638,1929.4,1,0,True,0.103971416,0,
toy,16,6,SA_1,-638,-638,1929.4,1,0,True,0.101406084,1000,
toy,16,6,SA,-638,-638,1929.4,1,0,True,0.128092,1000,
toy,16,6,Greedy,-636.2,-638,1929.4,0.9992989016,0.002821316614,False,3.970800026e-05,2,
toy,16,7,BruteForce,-638,-638,1929.4,1,0,True,0.102719916,0,
toy,16,7,SA_1,-637.95,-638,1929.4,0.999980525,7.836990596e-05,False,0.100375584,1000,
toy,16,7,SA,-638,-638,1929.4,1,0,True,0.128791375,1000,
toy,16,7,Greedy,-635.75,-638,1929.4,0.999123627,0.003526645768,False,4.066700058e-05,2,
toy,16,8,BruteForce,-638,-638,1929.4,1,0,True,0.104125917,0,
toy,16,8,SA_1,-637.9,-638,1929.4,0.9999610501,0.0001567398119,False,0.101163209,1000,
toy,16,8,SA,-638,-638,1929.4,1,0,True,0.128667917,1000,
toy,16,8,Greedy,-636.4,-638,1929.4,0.9993768014,0.002507836991,False,3.72909999e-05,2,
toy,16,9,BruteForce,-638,-638,1929.4,1,0,True,0.1036605,0,
toy,16,9,SA_1,-637.95,-638,1929.4,0.999980525,7.836990596e-05,False,0.100567583,1000,
toy,16,9,SA,-638,-638,1929.4,1,0,True,0.127935333,1000,
toy,16,9,Greedy,-636.45,-638,1929.4,0.9993962764,0.002429467085,False,3.783300053e-05,2,
toy,18,0,BruteForce,-807.65,-807.65,2441.25,1,0,True,0.435661875,0,
toy,18,0,SA_1,-807.55,-807.65,2441.25,0.9999692204,0.0001238160094,False,0.113381541,1000,
toy,18,0,SA,-807.65,-807.65,2441.25,1,0,True,0.144991791,1000,
toy,18,0,Greedy,-805.2,-807.65,2441.25,0.9992458986,0.003033492231,False,4.470799468e-05,2,
toy,18,1,SA_1,-807.5,-807.65,2441.25,0.9999538305,0.0001857240141,False,0.114194458,1000,
toy,18,1,SA,-807.6,-807.65,2441.25,0.9999846102,6.19080047e-05,False,0.144532458,1000,
toy,18,1,Greedy,-805.3,-807.65,2441.25,0.9992766783,0.002909676221,False,4.208299652e-05,2,
toy,18,2,SA_1,-807.65,-807.65,2441.25,1,0,True,0.113507334,1000,
toy,18,2,SA,-807.6,-807.65,2441.25,0.9999846102,6.19080047e-05,False,0.14556725,1000,
toy,18,2,Greedy,-806.15,-807.65,2441.25,0.9995383053,0.001857240141,False,3.029099753e-05,1,
toy,18,3,SA_1,-807.6,-807.65,2441.25,0.9999846102,6.19080047e-05,False,0.113677583,1000,
toy,18,3,SA,-807.65,-807.65,2441.25,1,0,True,0.14418475,1000,
toy,18,3,Greedy,-805.45,-807.65,2441.25,0.9993228477,0.002723952207,False,4.837499728e-05,2,
toy,18,4,SA_1,-807.55,-807.65,2441.25,0.9999692204,0.0001238160094,False,0.113498417,1000,
toy,18,4,SA,-807.65,-807.65,2441.25,1,0,True,0.145119833,1000,
toy,18,4,Greedy,-805,-807.65,2441.25,0.9991843393,0.003281124249,False,4.466700193e-05,2,
toy,18,5,SA_1,-807.5,-807.65,2441.25,0.9999538305,0.0001857240141,False,0.114030833,1000,
toy,18,5,SA,-807.65,-807.65,2441.25,1,0,True,0.146237209,1000,
toy,18,5,Greedy,-805.15,-807.65,2441.25,0.9992305088,0.003095400235,False,4.516600166e-05,2,
toy,18,6,SA_1,-807.55,-807.65,2441.25,0.9999692204,0.0001238160094,False,0.114447,1000,
toy,18,6,SA,-807.65,-807.65,2441.25,1,0,True,0.146504125,1000,
toy,18,6,Greedy,-805.65,-807.65,2441.25,0.999384407,0.002476320188,False,4.66249985e-05,2,
toy,18,7,SA_1,-807.5,-807.65,2441.25,0.9999538305,0.0001857240141,False,0.115091458,1000,
toy,18,7,SA,-807.65,-807.65,2441.25,1,0,True,0.145995708,1000,
toy,18,7,Greedy,-804.9,-807.65,2441.25,0.9991535597,0.003404940259,False,4.304199683e-05,2,
toy,18,8,SA_1,-807.5,-807.65,2441.25,0.9999538305,0.0001857240141,False,0.114935375,1000,
toy,18,8,SA,-807.65,-807.65,2441.25,1,0,True,0.145826875,1000,
toy,18,8,Greedy,-805.85,-807.65,2441.25,0.9994459663,0.002228688169,False,4.374999844e-05,2,
toy,18,9,SA_1,-807.65,-807.65,2441.25,1,0,True,0.113275583,1000,
toy,18,9,SA,-807.65,-807.65,2441.25,1,0,True,0.1451025,1000,
toy,18,9,Greedy,-805.25,-807.65,2441.25,0.9992612884,0.002971584226,False,4.408299719e-05,2,
toy,20,0,BruteForce,-997.3,-997.3,3013.25,1,0,True,1.814242459,0,
toy,20,0,SA_1,-997,-997.3,3013.25,0.9999251973,0.0003008121929,False,0.126763583,1000,
toy,20,0,SA,-997.3,-997.3,3013.25,1,0,True,0.162236791,1000,
toy,20,0,Greedy,-994.6,-997.3,3013.25,0.9993267756,0.002707309736,False,5.345800309e-05,2,
toy,20,1,SA_1,-997.15,-997.3,3013.25,0.9999625986,0.0001504060965,False,0.127713333,1000,
toy,20,1,SA,-997.3,-997.3,3013.25,1,0,True,0.162847791,1000,
toy,20,1,Greedy,-994.7,-997.3,3013.25,0.9993517099,0.002607039005,False,5.133300147e-05,2,
toy,20,2,SA_1,-997.1,-997.3,3013.25,0.9999501315,0.0002005414619,False,0.127370167,1000,
toy,20,2,SA,-997.3,-997.3,3013.25,1,0,True,0.162896084,1000,
toy,20,2,Greedy,-995.55,-997.3,3013.25,0.9995636509,0.001754737792,False,2.920899715e-05,1,
toy,20,3,SA_1,-997.15,-997.3,3013.25,0.9999625986,0.0001504060965,False,0.12751275,1000,
toy,20,3,SA,-997.25,-997.3,3013.25,0.9999875329,5.013536549e-05,False,0.162170458,1000,
toy,20,3,Greedy,-995.15,-997.3,3013.25,0.9994639139,0.002155820716,False,5.075000081e-05,2,
toy,20,4,SA_1,-997.2,-997.3,3013.25,0.9999750658,0.000100270731,False,0.127587958,1000,
toy,20,4,SA,-997.25,-997.3,3013.25,0.9999875329,5.013536549e-05,False,0.163072458,1000,
toy,20,4,Greedy,-994,-997.3,3013.25,0.9991771702,0.003308934122,False,4.941599764e-05,2,
toy,20,5,SA_1,-997.1,-997.3,3013.25,0.9999501315,0.0002005414619,False,0.12839575,1000,
toy,20,5,SA,-997.25,-997.3,3013.25,0.9999875329,5.013536549e-05,False,0.162529208,1000,
toy,20,5,Greedy,-994.8,-997.3,3013.25,0.9993766441,0.002506768274,False,4.866700328e-05,2,
toy,20,6,SA_1,-997.05,-997.3,3013.25,0.9999376644,0.0002506768274,False,0.128497334,1000,
toy,20,6,SA,-997.25,-997.3,3013.25,0.9999875329,5.013536549e-05,False,0.161981583,1000,
toy,20,6,Greedy,-994.6,-997.3,3013.25,0.9993267756,0.002707309736,False,4.891699791e-05,2,
toy,20,7,SA_1,-997.2,-997.3,3013.25,0.9999750658,0.000100270731,False,0.126793083,1000,
toy,20,7,SA,-997.3,-997.3,3013.25,1,0,True,0.170305083,1000,
toy,20,7,Greedy,-994.05,-997.3,3013.25,0.9991896373,0.003258798757,False,5.991700164e-05,2,
toy,20,8,SA_1,-997.1,-997.3,3013.25,0.9999501315,0.0002005414619,False,0.127655042,1000,
toy,20,8,SA,-997.2,-997.3,3013.25,0.9999750658,0.000100270731,False,0.162179583,1000,
toy,20,8,Greedy,-995.5,-997.3,3013.25,0.9995511838,0.001804873158,False,4.833300045e-05,2,
toy,20,9,SA_1,-997.15,-997.3,3013.25,0.9999625986,0.0001504060965,False,0.127129292,1000,
toy,20,9,SA,-997.3,-997.3,3013.25,1,0,True,0.162832417,1000,
toy,20,9,Greedy,-994.95,-997.3,3013.25,0.9994140455,0.002356362178,False,4.629199975e-05,2,
execution,6,0,BruteForce,-3999999.491,-3999999.491,0,1,0,True,8.949999756e-05,0,
execution,6,0,SA_1,-3999999.491,-3999999.491,0,1,0,True,0.042147791,1000,
execution,6,0,SA,-3999999.491,-3999999.491,0,1,0,True,0.05059141599,1000,1
execution,6,0,Greedy,-3999999.403,-3999999.491,0,0.999999978,2.196699439e-08,False,2.375000622e-05,3,
execution,6,1,BruteForce,-3999999.491,-3999999.491,0,1,0,True,8.729100227e-05,0,
execution,6,1,SA_1,-3999999.491,-3999999.491,0,1,0,True,0.042059834,1000,
execution,6,1,SA,-3999999.491,-3999999.491,0,1,0,True,0.050658167,1000,1
execution,6,1,Greedy,-3999999.403,-3999999.491,0,0.999999978,2.196699439e-08,False,1.875000453e-05,1,
execution,6,2,BruteForce,-3999999.491,-3999999.491,0,1,0,True,8.766599785e-05,0,
execution,6,2,SA_1,-3999999.491,-3999999.491,0,1,0,True,0.042350875,1000,
execution,6,2,SA,-3999999.491,-3999999.491,0,1,0,True,0.050506291,1000,1
execution,6,2,Greedy,-3999999.491,-3999999.491,0,1,0,True,2.054100332e-05,2,
execution,6,3,BruteForce,-3999999.491,-3999999.491,0,1,0,True,8.708400128e-05,0,
execution,6,3,SA_1,-3999999.491,-3999999.491,0,1,0,True,0.042172791,1000,
execution,6,3,SA,-3999999.491,-3999999.491,0,1,0,True,0.050624875,1000,1
execution,6,3,Greedy,-3999999.491,-3999999.491,0,1,0,True,1.895800233e-05,1,
execution,6,4,BruteForce,-3999999.491,-3999999.491,0,1,0,True,8.658300067e-05,0,
execution,6,4,SA_1,-3999999.491,-3999999.491,0,1,0,True,0.042263375,1000,
execution,6,4,SA,-3999999.491,-3999999.491,0,1,0,True,0.0501145,1000,1
execution,6,4,Greedy,-3999999.491,-3999999.491,0,1,1.164153366e-16,True,2.029199823e-05,2,
execution,6,5,BruteForce,-3999999.491,-3999999.491,0,1,0,True,8.641699969e-05,0,
execution,6,5,SA_1,-3999999.491,-3999999.491,0,1,0,True,0.041916708,1000,
execution,6,5,SA,-3999999.491,-3999999.491,0,1,0,True,0.04969216701,1000,1
execution,6,5,Greedy,-3999999.403,-3999999.491,0,0.999999978,2.196699439e-08,False,2.43329996e-05,3,
execution,6,6,BruteForce,-3999999.491,-3999999.491,0,1,0,True,8.629199874e-05,0,
execution,6,6,SA_1,-3999999.491,-3999999.491,0,1,0,True,0.042202042,1000,
execution,6,6,SA,-3999999.491,-3999999.491,0,1,0,True,0.050022625,1000,1
execution,6,6,Greedy,-3999999.491,-3999999.491,0,1,0,True,1.174999488e-05,1,
execution,6,7,BruteForce,-3999999.491,-3999999.491,0,1,0,True,8.683299529e-05,0,
execution,6,7,SA_1,-3999999.491,-3999999.491,0,1,0,True,0.041823583,1000,
execution,6,7,SA,-3999999.491,-3999999.491,0,1,0,True,0.0500335,1000,1
execution,6,7,Greedy,-3999999.491,-3999999.491,0,1,1.164153366e-16,True,1.795799471e-05,2,
execution,6,8,BruteForce,-3999999.491,-3999999.491,0,1,0,True,8.637499559e-05,0,
execution,6,8,SA_1,-3999999.491,-3999999.491,0,1,0,True,0.04154525,1000,
execution,6,8,SA,-3999999.491,-3999999.491,0,1,0,True,0.050193709,1000,1
execution,6,8,Greedy,-3999999.491,-3999999.491,0,1,0,True,1.783300104e-05,2,
execution,6,9,BruteForce,-3999999.491,-3999999.491,0,1,0,True,8.637499559e-05,0,
execution,6,9,SA_1,-3999999.491,-3999999.491,0,1,0,True,0.041619042,1000,
execution,6,9,SA,-3999999.491,-3999999.491,0,1,0,True,0.04984475,1000,1
execution,6,9,Greedy,-3999999.403,-3999999.491,0,0.999999978,2.196699439e-08,False,2.420799865e-05,3,
execution,9,0,BruteForce,-8999999.404,-8999999.404,0,1,0,True,0.0007287920016,0,
execution,9,0,SA_1,-8999999.404,-8999999.404,0,1,0,True,0.06170137499,1000,
execution,9,0,SA,-8999999.404,-8999999.404,0,1,0,True,0.073543167,1000,1
execution,9,0,Greedy,-8999999.383,-8999999.404,0,0.9999999977,2.348054149e-09,False,2.262499765e-05,2,
execution,9,1,BruteForce,-8999999.404,-8999999.404,0,1,0,True,0.0007273329975,0,
execution,9,1,SA_1,-8999999.404,-8999999.404,0,1,0,True,0.061935375,1000,
execution,9,1,SA,-8999999.404,-8999999.404,0,1,0,True,0.073457292,1000,1
execution,9,1,Greedy,-8749999.51,-8999999.404,0,0.9722222322,0.02777776781,False,1.691599755e-05,1,
execution,9,2,BruteForce,-8999999.404,-8999999.404,0,1,0,True,0.0007442919959,0,
execution,9,2,SA_1,-8999999.404,-8999999.404,0,1,0,True,0.061934917,1000,
execution,9,2,SA,-8999999.404,-8999999.404,0,1,0,True,0.073544292,1000,1
execution,9,2,Greedy,-8999999.404,-8999999.404,0,1,0,True,2.41670059e-05,2,
execution,9,3,BruteForce,-8999999.404,-8999999.404,0,1,0,True,0.0007343329999,0,
execution,9,3,SA_1,-8999999.404,-8999999.404,0,1,0,True,0.061620208,1000,
execution,9,3,SA,-8999999.404,-8999999.404,0,1,0,True,0.07349808299,1000,1
execution,9,3,Greedy,-8999999.361,-8999999.404,0,0.9999999953,4.744520725e-09,False,1.420799526e-05,1,
execution,9,4,BruteForce,-8999999.404,-8999999.404,0,1,0,True,0.0007307920023,0,
execution,9,4,SA_1,-8999999.404,-8999999.404,0,1,0,True,0.061770333,1000,
execution,9,4,SA,-8999999.404,-8999999.404,0,1,0,True,0.073023709,1000,1
execution,9,4,Greedy,-8999999.34,-8999999.404,0,0.9999999929,7.092574874e-09,False,1.466699905e-05,1,
execution,9,5,BruteForce,-8999999.404,-8999999.404,0,1,0,True,0.0007320000004,0,
execution,9,5,SA_1,-8999999.404,-8999999.404,0,1,0,True,0.062989166,1000,
execution,9,5,SA,-8999999.404,-8999999.404,0,1,0,True,0.077358792,1000,1
execution,9,5,Greedy,-8999999.298,-8999999.404,0,0.9999999883,1.174027095e-08,False,3.254200419e-05,2,
execution,9,6,BruteForce,-8999999.404,-8999999.404,0,1,0,True,0.0007669170009,0,
execution,9,6,SA_1,-8999999.404,-8999999.404,0,1,0,True,0.065418792,1000,
execution,9,6,SA,-8999999.404,-8999999.404,0,1,0,True,0.077028791,1000,1
execution,9,6,Greedy,-8999999.34,-8999999.404,0,0.9999999929,7.092574874e-09,False,3.233299503e-05,2,
execution,9,7,BruteForce,-8999999.404,-8999999.404,0,1,0,True,0.000742665994,0,
execution,9,7,SA_1,-8999999.404,-8999999.404,0,1,0,True,0.063558792,1000,
execution,9,7,SA,-8999999.404,-8999999.404,0,1,0,True,0.075818542,1000,1
execution,9,7,Greedy,-8999999.34,-8999999.404,0,0.9999999929,7.092574874e-09,False,2.079099795e-05,1,
execution,9,8,BruteForce,-8999999.404,-8999999.404,0,1,0,True,0.0007491249999,0,
execution,9,8,SA_1,-8999999.404,-8999999.404,0,1,0,True,0.064357416,1000,
execution,9,8,SA,-8999999.404,-8999999.404,0,1,0,True,0.07687999999,1000,1
execution,9,8,Greedy,-8999999.404,-8999999.404,0,1,0,True,3.020899749e-05,2,
execution,9,9,BruteForce,-8999999.404,-8999999.404,0,1,0,True,0.0007796669961,0,
execution,9,9,SA_1,-8999999.404,-8999999.404,0,1,0,True,0.063830333,1000,
execution,9,9,SA,-8999999.404,-8999999.404,0,1,0,True,0.07485300001,1000,1
execution,9,9,Greedy,-8999999.383,-8999999.404,0,0.9999999977,2.348054149e-09,False,3.041599848e-05,2,
execution,12,0,BruteForce,-15999999.38,-15999999.38,0,1,0,True,0.006279666995,0,
execution,12,0,SA_1,-15999999.38,-15999999.38,0,1,0,True,0.086577834,1000,
execution,12,0,SA,-15999999.38,-15999999.38,0,1,0,True,0.1039285,1000,1
execution,12,0,Greedy,-15999999.3,-15999999.38,0,0.9999999949,5.062500328e-09,False,4.712500231e-05,3,
execution,12,1,BruteForce,-15999999.38,-15999999.38,0,1,0,True,0.006413916999,0,
execution,12,1,SA_1,-15999999.38,-15999999.38,0,1,0,True,0.08587825,1000,
execution,12,1,SA,-15999999.38,-15999999.38,0,1,0,True,0.10167975,1000,1
execution,12,1,Greedy,-15999999.3,-15999999.38,0,0.9999999949,5.062500212e-09,False,3.920799645e-05,2,
execution,12,2,BruteForce,-15999999.38,-15999999.38,0,1,0,True,0.005996666994,0,
execution,12,2,SA_1,-15999999.38,-15999999.38,0,1,0,True,0.082529542,1000,
execution,12,2,SA,-15999999.38,-15999999.38,0,1,0,True,0.097687958,1000,1
execution,12,2,Greedy,-15999999.38,-15999999.38,0,1,1.164153264e-16,True,3.145799565e-05,2,
execution,12,3,BruteForce,-15999999.38,-15999999.38,0,1,0,True,0.006209334002,0,
execution,12,3,SA_1,-15999999.38,-15999999.38,0,1,0,True,0.081955875,1000,
execution,12,3,SA,-15999999.38,-15999999.38,0,1,0,True,0.096959834,1000,1
execution,12,3,Greedy,-15999999.35,-15999999.38,0,0.9999999981,1.864862235e-09,False,3.291699977e-05,2,
execution,12,4,BruteForce,-15999999.38,-15999999.38,0,1,0,True,0.006107000001,0,
execution,12,4,SA_1,-15999999.38,-15999999.38,0,1,0,True,0.081314209,1000,
execution,12,4,SA,-15999999.38,-15999999.38,0,1,0,True,0.097601833,1000,1
execution,12,4,Greedy,-15999999.28,-15999999.38,0,0.9999999938,6.177362295e-09,False,5.029200111e-05,3,
execution,12,5,BruteForce,-15999999.38,-15999999.38,0,1,0,True,0.006276916996,0,
execution,12,5,SA_1,-15999999.38,-15999999.38,0,1,0,True,0.082180875,1000,
execution,12,5,SA,-15999999.38,-15999999.38,0,1,0,True,0.096085834,1000,1
execution,12,5,Greedy,-15999999.33,-15999999.38,0,0.9999999968,3.24398839e-09,False,4.074999742e-05,3,
execution,12,6,BruteForce,-15999999.38,-15999999.38,0,1,0,True,0.006047000003,0,
execution,12,6,SA_1,-15999999.38,-15999999.38,0,1,0,True,0.081784458,1000,
execution,12,6,SA,-15999999.38,-15999999.38,0,1,0,True,0.098080041,1000,1
execution,12,6,Greedy,-15999999.28,-15999999.38,0,0.9999999938,6.177362411e-09,False,4.750000517e-05,3,
execution,12,7,BruteForce,-15999999.38,-15999999.38,0,1,0,True,0.006143292005,0,
execution,12,7,SA_1,-15999999.38,-15999999.38,0,1,0,True,0.081732167,1000,
execution,12,7,SA,-15999999.38,-15999999.38,0,1,0,True,0.096655208,1000,1
execution,12,7,Greedy,-15999999.25,-15999999.38,0,0.9999999923,7.724237347e-09,False,2.308399417e-05,1,
execution,12,8,BruteForce,-15999999.38,-15999999.38,0,1,0,True,0.006195875001,0,
execution,12,8,SA_1,-15999999.38,-15999999.38,0,1,0,True,0.08233975,1000,
execution,12,8,SA,-15999999.38,-15999999.38,0,1,0,True,0.096395416,1000,1
execution,12,8,Greedy,-15999999.38,-15999999.38,0,1,1.164153264e-16,True,3.32500058e-05,2,
execution,12,9,BruteForce,-15999999.38,-15999999.38,0,1,0,True,0.006093333999,0,
execution,12,9,SA_1,-15999999.38,-15999999.38,0,1,0,True,0.081705292,1000,
execution,12,9,SA,-15999999.38,-15999999.38,0,1,0,True,0.097488042,1000,1
execution,12,9,Greedy,-15999999.28,-15999999.38,0,0.9999999938,6.234375304e-09,False,3.641600051e-05,2,
execution,15,0,BruteForce,-24999999.29,-24999999.29,0,1,0,True,0.05317224999,0,
execution,15,0,SA_1,-24999999.29,-24999999.29,0,1,0,True,0.103074583,1000,
execution,15,0,SA,-24999999.29,-24999999.29,0,1,0,True,0.121947125,1000,1
execution,15,0,Greedy,-24999999.25,-24999999.29,0,0.9999999984,1.598530308e-09,False,3.795799421e-05,2,
execution,15,1,BruteForce,-24999999.29,-24999999.29,0,1,0,True,0.05286275,0,
execution,15,1,SA_1,-24999999.29,-24999999.29,0,1,0,True,0.102819375,1000,
execution,15,1,SA,-24999999.29,-24999999.29,0,1,0,True,0.120914125,1000,1
execution,15,1,Greedy,-24999999.27,-24999999.29,0,0.9999999989,1.061873913e-09,False,3.787499736e-05,2,
execution,15,2,BruteForce,-24999999.29,-24999999.29,0,1,0,True,0.053035791,0,
execution,15,2,SA_1,-24999999.29,-24999999.29,0,1,0,True,0.101587917,1000,
execution,15,2,SA,-24999999.29,-24999999.29,0,1,0,True,0.123292292,1000,1
execution,15,2,Greedy,-24749999.39,-24999999.29,0,0.9900000036,0.009999996375,False,4.033400182e-05,2,
execution,15,3,BruteForce,-24999999.29,-24999999.29,0,1,0,True,0.05320775,0,
execution,15,3,SA_1,-24999999.29,-24999999.29,0,1,0,True,0.10208775,1000,
execution,15,3,SA,-24999999.29,-24999999.29,0,1,0,True,0.122477583,1000,1
execution,15,3,Greedy,-24999999.22,-24999999.29,0,0.9999999972,2.75469743e-09,False,2.120899444e-05,1,
execution,15,4,BruteForce,-24999999.29,-24999999.29,0,1,0,True,0.05365579201,0,
execution,15,4,SA_1,-24999999.29,-24999999.29,0,1,0,True,0.102302625,1000,
execution,15,4,SA,-24999999.29,-24999999.29,0,1,0,True,0.123871875,1000,1
execution,15,4,Greedy,-24999999.18,-24999999.29,0,0.9999999954,4.574182461e-09,False,3.558400203e-05,2,
execution,15,5,BruteForce,-24999999.29,-24999999.29,0,1,0,True,0.05316,0,
execution,15,5,SA_1,-24999999.29,-24999999.29,0,1,0,True,0.10381925,1000,
execution,15,5,SA,-24999999.29,-24999999.29,0,1,0,True,0.123379291,1000,1
execution,15,5,Greedy,-24999999.2,-24999999.29,0,0.9999999963,3.676718428e-09,False,3.929199738e-05,2,
execution,15,6,BruteForce,-24999999.29,-24999999.29,0,1,0,True,0.053206791,0,
execution,15,6,SA_1,-24999999.29,-24999999.29,0,1,0,True,0.101785625,1000,
execution,15,6,SA,-24999999.29,-24999999.29,0,1,0,True,0.12125925,1000,1
execution,15,6,Greedy,-24999999.18,-24999999.29,0,0.9999999954,4.574182461e-09,False,3.825000022e-05,2,
execution,15,7,BruteForce,-24999999.29,-24999999.29,0,1,0,True,0.053412708,0,
execution,15,7,SA_1,-24999999.29,-24999999.29,0,1,0,True,0.101578042,1000,
execution,15,7,SA,-24999999.29,-24999999.29,0,1,0,True,0.1220605,1000,1
execution,15,7,Greedy,-24999999.18,-24999999.29,0,0.9999999954,4.574182461e-09,False,3.937500151e-05,2,
execution,15,8,BruteForce,-24999999.29,-24999999.29,0,1,0,True,0.05351158301,0,
execution,15,8,SA_1,-24999999.29,-24999999.29,0,1,0,True,0.102127792,1000,
execution,15,8,SA,-24999999.29,-24999999.29,0,1,0,True,0.121839458,1000,1
execution,15,8,Greedy,-24999999.26,-24999999.29,0,0.9999999986,1.441936087e-09,False,3.758299863e-05,2,
execution,15,9,BruteForce,-24999999.29,-24999999.29,0,1,0,True,0.056148041,0,
execution,15,9,SA_1,-24999999.29,-24999999.29,0,1,0,True,0.1085955,1000,
execution,15,9,SA,-24999999.29,-24999999.29,0,1,0,True,0.123229167,1000,1
execution,15,9,Greedy,-24999999.27,-24999999.29,0,0.9999999989,1.061873913e-09,False,3.637500049e-05,1,
execution,18,0,BruteForce,-35999999.24,-35999999.24,0,1,0,True,0.437278625,0,
execution,18,0,SA_1,-35999999.24,-35999999.24,0,1,0,True,0.122545208,1000,
execution,18,0,SA,-35999999.24,-35999999.24,0,1,0,True,0.146680042,1000,1
execution,18,0,Greedy,-35999999.16,-35999999.24,0,0.9999999977,2.280948939e-09,False,6.262500392e-05,3,
execution,18,1,SA_1,-35999999.24,-35999999.24,0,1,0,True,0.121475792,1000,
execution,18,1,SA,-35999999.24,-35999999.24,0,1,0,True,0.145481791,1000,1
execution,18,1,Greedy,-35999999.22,-35999999.24,0,0.9999999995,4.705273543e-10,False,4.43329991e-05,2,
execution,18,2,SA_1,-35999999.24,-35999999.24,0,1,0,True,0.121934875,1000,
execution,18,2,SA,-35999999.24,-35999999.24,0,1,0,True,0.144734292,1000,1
execution,18,2,Greedy,-35999999.2,-35999999.24,0,0.9999999989,1.063592548e-09,False,4.570800229e-05,2,
execution,18,3,SA_1,-35999999.24,-35999999.24,0,1,0,True,0.120868875,1000,
execution,18,3,SA,-35999999.24,-35999999.24,0,1,0,True,0.145100625,1000,1
execution,18,3,Greedy,-35999999.13,-35999999.24,0,0.9999999971,2.940955531e-09,False,2.599999425e-05,1,
execution,18,4,SA_1,-35999999.24,-35999999.24,0,1,0,True,0.120784291,1000,
execution,18,4,SA,-35999999.24,-35999999.24,0,1,0,True,0.14539475,1000,1
execution,18,4,Greedy,-35999999.09,-35999999.24,0,0.999999996,4.009692083e-09,False,4.68329963e-05,2,
execution,18,5,SA_1,-35999999.24,-35999999.24,0,1,0,True,0.122303292,1000,
execution,18,5,SA,-35999999.24,-35999999.24,0,1,0,True,0.147232625,1000,1
execution,18,5,Greedy,-35999999.11,-35999999.24,0,0.9999999965,3.512063656e-09,False,4.849999823e-05,2,
execution,18,6,SA_1,-35999999.24,-35999999.24,0,1,0,True,0.121304375,1000,
execution,18,6,SA,-35999999.24,-35999999.24,0,1,0,True,0.144709,1000,1
execution,18,6,Greedy,-35999999.17,-35999999.24,0,0.999999998,1.982691636e-09,False,5.987500481e-05,3,
execution,18,7,SA_1,-35999999.24,-35999999.24,0,1,0,True,0.120581833,1000,
execution,18,7,SA,-35999999.24,-35999999.24,0,1,0,True,0.147800333,1000,1
execution,18,7,Greedy,-35999999.1,-35999999.24,0,0.9999999962,3.782519116e-09,False,4.291699588e-05,2,
execution,18,8,SA_1,-35999999.24,-35999999.24,0,1,0,True,0.130038541,1000,
execution,18,8,SA,-35999999.24,-35999999.24,0,1,0,True,0.147275792,1000,1
execution,18,8,Greedy,-35999999.18,-35999999.24,0,0.9999999984,1.584803098e-09,False,4.954200267e-05,2,
execution,18,9,SA_1,-35999999.24,-35999999.24,0,1,0,True,0.122635125,1000,
execution,18,9,SA,-35999999.24,-35999999.24,0,1,0,True,0.147779333,1000,1
execution,18,9,Greedy,-35999999.14,-35999999.24,0,0.9999999974,2.647787803e-09,False,4.712499504e-05,2,
slice,4,0,BruteForce,-19.54925373,-19.54925373,0.2506658369,1,0,True,2.424999548e-05,0,
slice,4,0,SA_1,-19.54925373,-19.54925373,0.2506658369,1,0,True,0.026911291,1000,
slice,4,0,SA,-19.54925373,-19.54925373,0.2506658369,1,0,True,0.035214041,1000,1
slice,4,0,Greedy,-18.27831216,-19.54925373,0.2506658369,0.9358107711,0.06501228065,False,1.770800009e-05,2,
slice,4,1,BruteForce,-19.54925373,-19.54925373,0.2506658369,1,0,True,2.200000017e-05,0,
slice,4,1,SA_1,-19.54925373,-19.54925373,0.2506658369,1,0,True,0.027267625,1000,
slice,4,1,SA,-19.54925373,-19.54925373,0.2506658369,1,0,True,0.0349405,1000,1
slice,4,1,Greedy,-19.54925373,-19.54925373,0.2506658369,1,0,True,1.116599742e-05,1,
slice,4,2,BruteForce,-19.54925373,-19.54925373,0.2506658369,1,0,True,2.204200428e-05,0,
slice,4,2,SA_1,-19.54925373,-19.54925373,0.2506658369,1,0,True,0.02645275,1000,
slice,4,2,SA,-19.54925373,-19.54925373,0.2506658369,1,0,True,0.034610708,1000,1
slice,4,2,Greedy,-19.0353083,-19.54925373,0.2506658369,0.9740430548,0.02628977218,False,1.312500535e-05,1,
slice,4,3,BruteForce,-19.54925373,-19.54925373,0.2506658369,1,0,True,2.174999827e-05,0,
slice,4,3,SA_1,-19.54925373,-19.54925373,0.2506658369,1,0,True,0.026520417,1000,
slice,4,3,SA,-19.54925373,-19.54925373,0.2506658369,1,0,True,0.035146417,1000,1
slice,4,3,Greedy,-18.27831216,-19.54925373,0.2506658369,0.9358107711,0.06501228065,False,1.650000195e-05,2,
slice,4,4,BruteForce,-19.54925373,-19.54925373,0.2506658369,1,0,True,3.104200005e-05,0,
slice,4,4,SA_1,-19.54925373,-19.54925373,0.2506658369,1,0,True,0.026343791,1000,
slice,4,4,SA,-19.54925373,-19.54925373,0.2506658369,1,0,True,0.03504325,1000,1
slice,4,4,Greedy,-18.27831216,-19.54925373,0.2506658369,0.9358107711,0.06501228065,False,1.116599742e-05,1,
slice,4,5,BruteForce,-19.54925373,-19.54925373,0.2506658369,1,0,True,2.191700332e-05,0,
slice,4,5,SA_1,-19.54925373,-19.54925373,0.2506658369,1,0,True,0.02663204201,1000,
slice,4,5,SA,-19.54925373,-19.54925373,0.2506658369,1,0,True,0.034616083,1000,1
slice,4,5,Greedy,-18.27831216,-19.54925373,0.2506658369,0.9358107711,0.06501228065,False,1.470799907e-05,2,
slice,4,6,BruteForce,-19.54925373,-19.54925373,0.2506658369,1,0,True,2.145799954e-05,0,
slice,4,6,SA_1,-19.54925373,-19.54925373,0.2506658369,1,0,True,0.026922458,1000,
slice,4,6,SA,-19.54925373,-19.54925373,0.2506658369,1,0,True,0.034999541,1000,1
slice,4,6,Greedy,-19.45895549,-19.54925373,0.2506658369,0.9954394645,0.004619011963,False,1.495900506e-05,2,
slice,4,7,BruteForce,-19.54925373,-19.54925373,0.2506658369,1,0,True,2.158300049e-05,0,
slice,4,7,SA_1,-19.54925373,-19.54925373,0.2506658369,1,0,True,0.026527875,1000,
slice,4,7,SA,-19.54925373,-19.54925373,0.2506658369,1,0,True,0.035163875,1000,1
slice,4,7,Greedy,-18.27831216,-19.54925373,0.2506658369,0.9358107711,0.06501228065,False,1.445900125e-05,2,
slice,4,8,BruteForce,-19.54925373,-19.54925373,0.2506658369,1,0,True,2.124999446e-05,0,
slice,4,8,SA_1,-19.54925373,-19.54925373,0.2506658369,1,0,True,0.02656875,1000,
slice,4,8,SA,-19.54925373,-19.54925373,0.2506658369,1,0,True,0.035127875,1000,1
slice,4,8,Greedy,-19.0353083,-19.54925373,0.2506658369,0.9740430548,0.02628977218,False,1.058299677e-05,1,
slice,4,9,BruteForce,-19.54925373,-19.54925373,0.2506658369,1,0,True,2.174999827e-05,0,
slice,4,9,SA_1,-19.54925373,-19.54925373,0.2506658369,1,0,True,0.026602542,1000,
slice,4,9,SA,-19.54925373,-19.54925373,0.2506658369,1,0,True,0.034930416,1000,1
slice,4,9,Greedy,-19.45895549,-19.54925373,0.2506658369,0.9954394645,0.004619011963,False,9.833995136e-06,1,
slice,6,0,BruteForce,-108.5622139,-108.5622139,0.2506658369,1,0,True,8.729199908e-05,0,
slice,6,0,SA_1,-108.5622139,-108.5622139,0.2506658369,1,0,True,0.03815525,1000,
slice,6,0,SA,-108.5622139,-108.5622139,0.2506658369,1,0,True,0.04814975,1000,1
slice,6,0,Greedy,-107.2891533,-108.5622139,0.2506658369,0.9883004607,0.01172655309,False,1.870800043e-05,2,
slice,6,1,BruteForce,-108.5622139,-108.5622139,0.2506658369,1,0,True,8.604200411e-05,0,
slice,6,1,SA_1,-108.5622139,-108.5622139,0.2506658369,1,0,True,0.038115209,1000,
slice,6,1,SA,-108.5622139,-108.5622139,0.2506658369,1,0,True,0.04796125,1000,1
slice,6,1,Greedy,-108.2012067,-108.5622139,0.2506658369,0.9966823122,0.003325348251,False,2.308299736e-05,3,
slice,6,2,BruteForce,-108.5622139,-108.5622139,0.2506658369,1,0,True,8.504200378e-05,0,
slice,6,2,SA_1,-108.5622139,-108.5622139,0.2506658369,1,0,True,0.037933792,1000,
slice,6,2,SA,-108.5622139,-108.5622139,0.2506658369,1,0,True,0.04841075,1000,1
slice,6,2,Greedy,-108.5600949,-108.5622139,0.2506658369,0.9999805263,1.951871399e-05,False,1.775000419e-05,2,
slice,6,3,BruteForce,-108.5622139,-108.5622139,0.2506658369,1,0,True,8.545900346e-05,0,
slice,6,3,SA_1,-108.5622139,-108.5622139,0.2506658369,1,0,True,0.037998792,1000,
slice,6,3,SA,-108.5622139,-108.5622139,0.2506658369,1,0,True,0.048185709,1000,1
slice,6,3,Greedy,-108.3827698,-108.5622139,0.2506658369,0.998350893,0.001652914768,False,1.770899689e-05,2,
slice,6,4,BruteForce,-108.5622139,-108.5622139,0.2506658369,1,0,True,8.629199874e-05,0,
slice,6,4,SA_1,-108.5622139,-108.5622139,0.2506658369,1,0,True,0.038115875,1000,
slice,6,4,SA,-108.5622139,-108.5622139,0.2506658369,1,0,True,0.04836175,1000,1
slice,6,4,Greedy,-108.3827698,-108.5622139,0.2506658369,0.998350893,0.001652914768,False,1.154200436e-05,1,
slice,6,5,BruteForce,-108.5622139,-108.5622139,0.2506658369,1,0,True,8.533299842e-05,0,
slice,6,5,SA_1,-108.5622139,-108.5622139,0.2506658369,1,0,True,0.037944916,1000,
slice,6,5,SA,-108.5622139,-108.5622139,0.2506658369,1,0,True,0.04801625,1000,1
slice,6,5,Greedy,-107.2891533,-108.5622139,0.2506658369,0.9883004607,0.01172655309,False,1.770800009e-05,2,
slice,6,6,BruteForce,-108.5622139,-108.5622139,0.2506658369,1,0,True,8.50840006e-05,0,
slice,6,6,SA_1,-108.5622139,-108.5622139,0.2506658369,1,0,True,0.038041,1000,
slice,6,6,SA,-108.5622139,-108.5622139,0.2506658369,1,0,True,0.048422833,1000,1
slice,6,6,Greedy,-108.3827698,-108.5622139,0.2506658369,0.998350893,0.001652914768,False,1.729199721e-05,2,
slice,6,7,BruteForce,-108.5622139,-108.5622139,0.2506658369,1,0,True,8.462500409e-05,0,
slice,6,7,SA_1,-108.5622139,-108.5622139,0.2506658369,1,0,True,0.038191625,1000,
slice,6,7,SA,-108.5622139,-108.5622139,0.2506658369,1,0,True,0.048829625,1000,1
slice,6,7,Greedy,-108.3827698,-108.5622139,0.2506658369,0.998350893,0.001652914768,False,1.670900383e-05,2,
slice,6,8,BruteForce,-108.5622139,-108.5622139,0.2506658369,1,0,True,8.466599684e-05,0,
slice,6,8,SA_1,-108.5622139,-108.5622139,0.2506658369,1,0,True,0.037991041,1000,
slice,6,8,SA,-108.5622139,-108.5622139,0.2506658369,1,0,True,0.04821954099,1000,1
slice,6,8,Greedy,-106.1047918,-108.5622139,0.2506658369,0.9774160734,0.02263607199,False,1.745800546e-05,2,
slice,6,9,BruteForce,-108.5622139,-108.5622139,0.2506658369,1,0,True,8.720900223e-05,0,
slice,6,9,SA_1,-108.5622139,-108.5622139,0.2506658369,1,0,True,0.038953291,1000,
slice,6,9,SA,-108.5622139,-108.5622139,0.2506658369,1,0,True,0.04821025,1000,1
slice,6,9,Greedy,-107.2891533,-108.5622139,0.2506658369,0.9883004607,0.01172655309,False,1.929200516e-05,2,
slice,8,0,BruteForce,-78.57842035,-78.57842035,0.3564325862,1,0,True,0.0003540410034,0,
slice,8,0,SA_1,-78.57842035,-78.57842035,0.3564325862,1,0,True,0.052728792,1000,
slice,8,0,SA,-78.57842035,-78.57842035,0.3564325862,1,0,True,0.065779708,1000,1
slice,8,0,Greedy,-77.81924317,-78.57842035,0.3564325862,0.990382231,0.009661395274,False,2.104200394e-05,2,
slice,8,1,BruteForce,-78.57842035,-78.57842035,0.3564325862,1,0,True,0.0003511670002,0,
slice,8,1,SA_1,-78.57842035,-78.57842035,0.3564325862,1,0,True,0.052287834,1000,
slice,8,1,SA,-78.57842035,-78.57842035,0.3564325862,1,0,True,0.06566983301,1000,1
slice,8,1,Greedy,-78.14046108,-78.57842035,0.3564325862,0.9944516364,0.005573531018,False,2.133299859e-05,2,
slice,8,2,BruteForce,-78.57842035,-78.57842035,0.3564325862,1,0,True,0.0003551249974,0,
slice,8,2,SA_1,-78.57842035,-78.57842035,0.3564325862,1,0,True,0.052854708,1000,
slice,8,2,SA,-78.57842035,-78.57842035,0.3564325862,1,0,True,0.066008708,1000,1
slice,8,2,Greedy,-78.55017768,-78.57842035,0.3564325862,0.9996422029,0.0003594201013,False,2.095799573e-05,2,
slice,8,3,BruteForce,-78.57842035,-78.57842035,0.3564325862,1,0,True,0.0003475830017,0,
slice,8,3,SA_1,-78.57842035,-78.57842035,0.3564325862,1,0,True,0.0532905,1000,
slice,8,3,SA,-78.57842035,-78.57842035,0.3564325862,1,0,True,0.066080833,1000,1
slice,8,3,Greedy,-78.43455826,-78.57842035,0.3564325862,0.998177458,0.001830809113,False,2.141699952e-05,2,
slice,8,4,BruteForce,-78.57842035,-78.57842035,0.3564325862,1,0,True,0.0003542090053,0,
slice,8,4,SA_1,-78.57842035,-78.57842035,0.3564325862,1,0,True,0.053058125,1000,
slice,8,4,SA,-78.57842035,-78.57842035,0.3564325862,1,0,True,0.06666929201,1000,1
slice,8,4,Greedy,-77.90930458,-78.57842035,0.3564325862,0.9915231897,0.008515261161,False,1.479099592e-05,1,
slice,8,5,BruteForce,-78.57842035,-78.57842035,0.3564325862,1,0,True,0.0003529590031,0,
slice,8,5,SA_1,-78.57842035,-78.57842035,0.3564325862,1,0,True,0.053699208,1000,
slice,8,5,SA,-78.57842035,-78.57842035,0.3564325862,1,0,True,0.065947083,1000,1
slice,8,5,Greedy,-77.81924317,-78.57842035,0.3564325862,0.990382231,0.009661395274,False,2.424999548e-05,2,
slice,8,6,BruteForce,-78.57842035,-78.57842035,0.3564325862,1,0,True,0.000354333999,0,
slice,8,6,SA_1,-78.57842035,-78.57842035,0.3564325862,1,0,True,0.0527825,1000,
slice,8,6,SA,-78.57842035,-78.57842035,0.3564325862,1,0,True,0.066088083,1000,1
slice,8,6,Greedy,-78.04234396,-78.57842035,0.3564325862,0.9932086224,0.006822183363,False,2.204200428e-05,2,
slice,8,7,BruteForce,-78.57842035,-78.57842035,0.3564325862,1,0,True,0.0003570410045,0,
slice,8,7,SA_1,-78.57842035,-78.57842035,0.3564325862,1,0,True,0.05316525,1000,
slice,8,7,SA,-78.57842035,-78.57842035,0.3564325862,1,0,True,0.066854291,1000,1
slice,8,7,Greedy,-77.90930458,-78.57842035,0.3564325862,0.9915231897,0.008515261161,False,2.254199353e-05,2,
slice,8,8,BruteForce,-78.57842035,-78.57842035,0.3564325862,1,0,True,0.0003553749993,0,
slice,8,8,SA_1,-78.57842035,-78.57842035,0.3564325862,1,0,True,0.053044541,1000,
slice,8,8,SA,-78.57842035,-78.57842035,0.3564325862,1,0,True,0.066394375,1000,1
slice,8,8,Greedy,-78.52946063,-78.57842035,0.3564325862,0.9993797452,0.000623068243,False,3.062500036e-05,3,
slice,8,9,BruteForce,-78.57842035,-78.57842035,0.3564325862,1,0,True,0.0003460410007,0,
slice,8,9,SA_1,-78.57842035,-78.57842035,0.3564325862,1,0,True,0.05248658401,1000,
slice,8,9,SA,-78.57842035,-78.57842035,0.3564325862,1,0,True,0.06626508399,1000,1
slice,8,9,Greedy,-77.30247218,-78.57842035,0.3564325862,0.9838354273,0.01623789541,False,2.091699571e-05,2,
slice,9,0,BruteForce,-222.9295496,-222.9295496,47.12777183,1,0,True,0.0007436250016,0,
slice,9,0,SA_1,-222.9295496,-222.9295496,47.12777183,1,0,True,0.057197166,1000,
slice,9,0,SA,-222.9295496,-222.9295496,47.12777183,1,0,True,0.071666125,1000,1
slice,9,0,Greedy,-222.1239751,-222.9295496,47.12777183,0.997017024,0.003613583342,False,2.38749999e-05,2,
slice,9,1,BruteForce,-222.9295496,-222.9295496,47.12777183,1,0,True,0.0007233329961,0,
slice,9,1,SA_1,-222.9295496,-222.9295496,47.12777183,1,0,True,0.056125625,1000,
slice,9,1,SA,-222.9295496,-222.9295496,47.12777183,1,0,True,0.070547875,1000,1
slice,9,1,Greedy,-222.496151,-222.9295496,47.12777183,0.9983951604,0.001944106071,False,2.545799362e-05,2,
slice,9,2,BruteForce,-222.9295496,-222.9295496,47.12777183,1,0,True,0.0007154169944,0,
slice,9,2,SA_1,-222.9295496,-222.9295496,47.12777183,1,0,True,0.057032375,1000,
slice,9,2,SA,-222.9295496,-222.9295496,47.12777183,1,0,True,0.071066917,1000,1
slice,9,2,Greedy,-220.7503736,-222.9295496,47.12777183,0.9919306907,0.009775178144,False,2.38749999e-05,2,
slice,9,3,BruteForce,-222.9295496,-222.9295496,47.12777183,1,0,True,0.0007245000015,0,
slice,9,3,SA_1,-222.9295496,-222.9295496,47.12777183,1,0,True,0.057035125,1000,
slice,9,3,SA,-222.9295496,-222.9295496,47.12777183,1,0,True,0.071070833,1000,1
slice,9,3,Greedy,-222.6477132,-222.9295496,47.12777183,0.998956383,0.001264239802,False,2.708299871e-05,2,
slice,9,4,BruteForce,-222.9295496,-222.9295496,47.12777183,1,0,True,0.0007275000025,0,
slice,9,4,SA_1,-222.9295496,-222.9295496,47.12777183,1,0,True,0.056901291,1000,
slice,9,4,SA,-222.9295496,-222.9295496,47.12777183,1,0,True,0.071458959,1000,1
slice,9,4,Greedy,-221.8263178,-222.9295496,47.12777183,0.9959148236,0.004948791233,False,2.500000119e-05,2,
slice,9,5,BruteForce,-222.9295496,-222.9295496,47.12777183,1,0,True,0.0007138339934,0,
slice,9,5,SA_1,-222.9295496,-222.9295496,47.12777183,1,0,True,0.056930375,1000,
slice,9,5,SA,-222.9295496,-222.9295496,47.12777183,1,0,True,0.07141375,1000,1
slice,9,5,Greedy,-221.9466379,-222.9295496,47.12777183,0.996360359,0.004409068755,False,2.483299613e-05,2,
slice,9,6,BruteForce,-222.9295496,-222.9295496,47.12777183,1,0,True,0.0007295830001,0,
slice,9,6,SA_1,-222.9295496,-222.9295496,47.12777183,1,0,True,0.056759167,1000,
slice,9,6,SA,-222.9295496,-222.9295496,47.12777183,1,0,True,0.071181459,1000,1
slice,9,6,Greedy,-221.8263178,-222.9295496,47.12777183,0.9959148236,0.004948791233,False,2.349999704e-05,2,
slice,9,7,BruteForce,-222.9295496,-222.9295496,47.12777183,1,0,True,0.0007416670051,0,
slice,9,7,SA_1,-222.9295496,-222.9295496,47.12777183,1,0,True,0.057330208,1000,
slice,9,7,SA,-222.9295496,-222.9295496,47.12777183,1,0,True,0.07141425,1000,1
slice,9,7,Greedy,-221.8263178,-222.9295496,47.12777183,0.9959148236,0.004948791233,False,2.279200271e-05,2,
slice,9,8,BruteForce,-222.9295496,-222.9295496,47.12777183,1,0,True,0.0007112500025,0,
slice,9,8,SA_1,-222.9295496,-222.9295496,47.12777183,1,0,True,0.056492542,1000,
slice,9,8,SA,-222.9295496,-222.9295496,47.12777183,1,0,True,0.071279333,1000,1
slice,9,8,Greedy,-222.9282075,-222.9295496,47.12777183,0.99999503,6.020640799e-06,False,2.400000085e-05,2,
slice,9,9,BruteForce,-222.9295496,-222.9295496,47.12777183,1,0,True,0.0007296660042,0,
slice,9,9,SA_1,-222.9295496,-222.9295496,47.12777183,1,0,True,0.05678725,1000,
slice,9,9,SA,-222.9295496,-222.9295496,47.12777183,1,0,True,0.071154334,1000,1
slice,9,9,Greedy,-222.1239751,-222.9295496,47.12777183,0.997017024,0.003613583342,False,2.266600495e-05,2,
slice,10,0,BruteForce,-104.0421176,-104.0421176,32.21075865,1,0,True,0.001471709002,0,
slice,10,0,SA_1,-104.0421176,-104.0421176,32.21075865,1,0,True,0.065686792,1000,
slice,10,0,SA,-104.0421176,-104.0421176,32.21075865,1,0,True,0.08249962499,1000,1
slice,10,0,Greedy,-103.0918462,-104.0421176,32.21075865,0.9930256784,0.009133525955,False,2.658300218e-05,2,
slice,10,1,BruteForce,-104.0421176,-104.0421176,32.21075865,1,0,True,0.001489082999,0,
slice,10,1,SA_1,-104.0421176,-104.0421176,32.21075865,1,0,True,0.065519542,1000,
slice,10,1,SA,-104.0421176,-104.0421176,32.21075865,1,0,True,0.082061375,1000,1
slice,10,1,Greedy,-103.0918462,-104.0421176,32.21075865,0.9930256784,0.009133525955,False,2.520799899e-05,2,
slice,10,2,BruteForce,-104.0421176,-104.0421176,32.21075865,1,0,True,0.001493124997,0,
slice,10,2,SA_1,-104.0421176,-104.0421176,32.21075865,1,0,True,0.064922042,1000,
slice,10,2,SA,-104.0421176,-104.0421176,32.21075865,1,0,True,0.081799375,1000,1
slice,10,2,Greedy,-103.9977198,-104.0421176,32.21075865,0.9996741517,0.0004267288311,False,2.666699584e-05,2,
slice,10,3,BruteForce,-104.0421176,-104.0421176,32.21075865,1,0,True,0.001513707997,0,
slice,10,3,SA_1,-104.0421176,-104.0421176,32.21075865,1,0,True,0.065839708,1000,
slice,10,3,SA,-104.0421176,-104.0421176,32.21075865,1,0,True,0.08261125,1000,1
slice,10,3,Greedy,-103.3152487,-104.0421176,32.21075865,0.994665295,0.006986294746,False,2.724999649e-05,2,
slice,10,4,BruteForce,-104.0421176,-104.0421176,32.21075865,1,0,True,0.001439749998,0,
slice,10,4,SA_1,-104.0421176,-104.0421176,32.21075865,1,0,True,0.065321458,1000,
slice,10,4,SA,-104.0421176,-104.0421176,32.21075865,1,0,True,0.081690167,1000,1
slice,10,4,Greedy,-103.5270682,-104.0421176,32.21075865,0.9962199009,0.004950393085,False,1.666599564e-05,1,
slice,10,5,BruteForce,-104.0421176,-104.0421176,32.21075865,1,0,True,0.001472042,0,
slice,10,5,SA_1,-104.0421176,-104.0421176,32.21075865,1,0,True,0.064651833,1000,
slice,10,5,SA,-104.0421176,-104.0421176,32.21075865,1,0,True,0.081539125,1000,1
slice,10,5,Greedy,-102.9759212,-104.0421176,32.21075865,0.9921748707,0.01024773815,False,2.683299681e-05,2,
slice,10,6,BruteForce,-104.0421176,-104.0421176,32.21075865,1,0,True,0.001477500002,0,
slice,10,6,SA_1,-104.0421176,-104.0421176,32.21075865,1,0,True,0.065685625,1000,
slice,10,6,SA,-104.0421176,-104.0421176,32.21075865,1,0,True,0.081356167,1000,1
slice,10,6,Greedy,-103.590382,-104.0421176,32.21075865,0.9966845791,0.004341853528,False,2.633399708e-05,2,
slice,10,7,BruteForce,-104.0421176,-104.0421176,32.21075865,1,0,True,0.001462042004,0,
slice,10,7,SA_1,-104.0421176,-104.0421176,32.21075865,1,0,True,0.064926958,1000,
slice,10,7,SA,-104.0421176,-104.0421176,32.21075865,1,0,True,0.08124554199,1000,1
slice,10,7,Greedy,-103.5270682,-104.0421176,32.21075865,0.9962199009,0.004950393085,False,2.45830015e-05,2,
slice,10,8,BruteForce,-104.0421176,-104.0421176,32.21075865,1,0,True,0.001471832999,0,
slice,10,8,SA_1,-104.0421176,-104.0421176,32.21075865,1,0,True,0.064830875,1000,
slice,10,8,SA,-104.0421176,-104.0421176,32.21075865,1,0,True,0.08184950001,1000,1
slice,10,8,Greedy,-103.6750857,-104.0421176,32.21075865,0.9973062445,0.003527724594,False,1.566699939e-05,1,
slice,10,9,BruteForce,-104.0421176,-104.0421176,32.21075865,1,0,True,0.001499874998,0,
slice,10,9,SA_1,-104.0421176,-104.0421176,32.21075865,1,0,True,0.067633125,1000,
slice,10,9,SA,-104.0421176,-104.0421176,32.21075865,1,0,True,0.08154399999,1000,1
slice,10,9,Greedy,-103.2932824,-104.0421176,32.21075865,0.9945040782,0.007197423236,False,3.045799531e-05,2,
slice,12,0,BruteForce,-448.6549885,-448.6549885,0.3564325862,1,0,True,0.006190792003,0,
slice,12,0,SA_1,-448.6549885,-448.6549885,0.3564325862,1,0,True,0.075565459,1000,
slice,12,0,SA,-448.6549885,-448.6549885,0.3564325862,1,0,True,0.093845667,1000,1
slice,12,0,Greedy,-447.9628011,-448.6549885,0.3564325862,0.9984584192,0.001542805552,False,4.250000347e-05,3,
slice,12,1,BruteForce,-448.6549885,-448.6549885,0.3564325862,1,0,True,0.006263832998,0,
slice,12,1,SA_1,-448.6549885,-448.6549885,0.3564325862,1,0,True,0.075203542,1000,
slice,12,1,SA,-448.6549885,-448.6549885,0.3564325862,1,0,True,0.09340025,1000,1
slice,12,1,Greedy,-448.1469863,-448.6549885,0.3564325862,0.9988686206,0.001132278172,False,3.224999818e-05,2,
slice,12,2,BruteForce,-448.6549885,-448.6549885,0.3564325862,1,0,True,0.006148458,0,
slice,12,2,SA_1,-448.6549885,-448.6549885,0.3564325862,1,0,True,0.07564425,1000,
slice,12,2,SA,-448.6549885,-448.6549885,0.3564325862,1,0,True,0.093181083,1000,1
slice,12,2,Greedy,-448.6055564,-448.6549885,0.3564325862,0.9998899089,0.0001101785192,False,3.008299973e-05,2,
slice,12,3,BruteForce,-448.6549885,-448.6549885,0.3564325862,1,0,True,0.006173124995,0,
slice,12,3,SA_1,-448.6549885,-448.6549885,0.3564325862,1,0,True,0.075180875,1000,
slice,12,3,SA,-448.6549885,-448.6549885,0.3564325862,1,0,True,0.093201083,1000,1
slice,12,3,Greedy,-448.319962,-448.6549885,0.3564325862,0.9992538574,0.0007467353252,False,3.158400068e-05,2,
slice,12,4,BruteForce,-448.6549885,-448.6549885,0.3564325862,1,0,True,0.006145625004,0,
slice,12,4,SA_1,-448.6549885,-448.6549885,0.3564325862,1,0,True,0.07431074999,1000,
slice,12,4,SA,-448.6549885,-448.6549885,0.3564325862,1,0,True,0.094188209,1000,1
slice,12,4,Greedy,-447.6446373,-448.6549885,0.3564325862,0.9977498317,0.002251955937,False,2.879199747e-05,2,
slice,12,5,BruteForce,-448.6549885,-448.6549885,0.3564325862,1,0,True,0.006166500003,0,
slice,12,5,SA_1,-448.6549885,-448.6549885,0.3564325862,1,0,True,0.075091917,1000,
slice,12,5,SA,-448.6549885,-448.6549885,0.3564325862,1,0,True,0.093163917,1000,1
slice,12,5,Greedy,-447.8561657,-448.6549885,0.3564325862,0.9982209298,0.001780483626,False,3.029199434e-05,2,
slice,12,6,BruteForce,-448.6549885,-448.6549885,0.3564325862,1,0,True,0.006177749994,0,
slice,12,6,SA_1,-448.6549885,-448.6549885,0.3564325862,1,0,True,0.075701125,1000,
slice,12,6,SA,-448.6549885,-448.6549885,0.3564325862,1,0,True,0.094451125,1000,1
slice,12,6,Greedy,-447.6446373,-448.6549885,0.3564325862,0.9977498317,0.002251955937,False,2.950000635e-05,2,
slice,12,7,BruteForce,-448.6549885,-448.6549885,0.3564325862,1,0,True,0.006211957996,0,
slice,12,7,SA_1,-448.6549885,-448.6549885,0.3564325862,1,0,True,0.075500541,1000,
slice,12,7,SA,-448.6549885,-448.6549885,0.3564325862,1,0,True,0.093588791,1000,1
slice,12,7,Greedy,-447.7702189,-448.6549885,0.3564325862,0.9980295163,0.001972049147,False,2.966700413e-05,2,
slice,12,8,BruteForce,-448.6549885,-448.6549885,0.3564325862,1,0,True,0.006233458,0,
slice,12,8,SA_1,-448.6549885,-448.6549885,0.3564325862,1,0,True,0.075042458,1000,
slice,12,8,SA,-448.6549885,-448.6549885,0.3564325862,1,0,True,0.09391575,1000,1
slice,12,8,Greedy,-448.6345435,-448.6549885,0.3564325862,0.9999544666,4.556958775e-05,False,3.175000165e-05,2,
slice,12,9,BruteForce,-448.6549885,-448.6549885,0.3564325862,1,0,True,0.006157666998,0,
slice,12,9,SA_1,-448.6549885,-448.6549885,0.3564325862,1,0,True,0.075727,1000,
slice,12,9,SA,-448.6549885,-448.6549885,0.3564325862,1,0,True,0.093813625,1000,1
slice,12,9,Greedy,-448.0079965,-448.6549885,0.3564325862,0.9985590745,0.001442070211,False,2.916600351e-05,2,
slice,15,0,BruteForce,-647.0554098,-647.0554098,78.72927629,1,0,True,0.05398025,0,
slice,15,0,SA_1,-647.0540297,-647.0554098,78.72927629,0.9999980985,2.132842494e-06,False,0.093926625,1000,
slice,15,0,SA,-647.0554098,-647.0554098,78.72927629,1,0,True,0.117959417,1000,1
slice,15,0,Greedy,-646.4611307,-647.0554098,78.72927629,0.9991811909,0.0009184362299,False,3.454200487e-05,2,
slice,15,1,BruteForce,-647.0554098,-647.0554098,78.72927629,1,0,True,0.053428417,0,
slice,15,1,SA_1,-647.0540297,-647.0554098,78.72927629,0.9999980985,2.132842494e-06,False,0.094261,1000,
slice,15,1,SA,-647.0554098,-647.0554098,78.72927629,1,0,True,0.118601292,1000,1
slice,15,1,Greedy,-646.7234803,-647.0554098,78.72927629,0.9995426611,0.0005129847181,False,4.824999633e-05,3,
slice,15,2,BruteForce,-647.0554098,-647.0554098,78.72927629,1,0,True,0.053204291,0,
slice,15,2,SA_1,-647.0540297,-647.0554098,78.72927629,0.9999980985,2.132842494e-06,False,0.093788959,1000,
slice,15,2,SA,-647.0554098,-647.0554098,78.72927629,1,0,True,0.117591625,1000,1
slice,15,2,Greedy,-647.0157348,-647.0554098,78.72927629,0.999945335,6.131628851e-05,False,6.191700231e-05,2,
slice,15,3,BruteForce,-647.0554098,-647.0554098,78.72927629,1,0,True,0.053248833,0,
slice,15,3,SA_1,-647.0527733,-647.0554098,78.72927629,0.9999963673,4.074671166e-06,False,0.094375708,1000,
slice,15,3,SA,-647.0554098,-647.0554098,78.72927629,1,0,True,0.117471667,1000,1
slice,15,3,Greedy,-646.325027,-647.0554098,78.72927629,0.9989936647,0.001128779337,False,3.36660014e-05,2,
slice,15,4,BruteForce,-647.0554098,-647.0554098,78.72927629,1,0,True,0.053179708,0,
slice,15,4,SA_1,-647.0448641,-647.0554098,78.72927629,0.9999854699,1.629804581e-05,False,0.094442125,1000,
slice,15,4,SA,-647.0554098,-647.0554098,78.72927629,1,0,True,0.118556583,1000,1
slice,15,4,Greedy,-646.0771383,-647.0554098,78.72927629,0.9986521188,0.001511882144,False,3.479099541e-05,2,
slice,15,5,BruteForce,-647.0554098,-647.0554098,78.72927629,1,0,True,0.053129875,0,
slice,15,5,SA_1,-647.0527733,-647.0554098,78.72927629,0.9999963673,4.074671166e-06,False,0.093817083,1000,
slice,15,5,SA,-647.0554098,-647.0554098,78.72927629,1,0,True,0.11792,1000,1
slice,15,5,Greedy,-646.4493255,-647.0554098,78.72927629,0.9991649255,0.000936680619,False,3.366699821e-05,2,
slice,15,6,BruteForce,-647.0554098,-647.0554098,78.72927629,1,0,True,0.053341666,0,
slice,15,6,SA_1,-647.0554098,-647.0554098,78.72927629,1,0,True,0.093855208,1000,
slice,15,6,SA,-647.0554098,-647.0554098,78.72927629,1,0,True,0.120461666,1000,1
slice,15,6,Greedy,-645.9620274,-647.0554098,78.72927629,0.9984935169,0.001689781626,False,3.583299986e-05,2,
slice,15,7,BruteForce,-647.0554098,-647.0554098,78.72927629,1,0,True,0.055027625,0,
slice,15,7,SA_1,-647.0554098,-647.0554098,78.72927629,1,0,True,0.099831167,1000,
slice,15,7,SA,-647.0554098,-647.0554098,78.72927629,1,0,True,0.11982975,1000,1
slice,15,7,Greedy,-646.0378265,-647.0554098,78.72927629,0.9985979543,0.00157263708,False,3.379199916e-05,2,
slice,15,8,BruteForce,-647.0554098,-647.0554098,78.72927629,1,0,True,0.053098583,0,
slice,15,8,SA_1,-647.0554098,-647.0554098,78.72927629,1,0,True,0.093445,1000,
slice,15,8,SA,-647.0554098,-647.0554098,78.72927629,1,0,True,0.117209959,1000,1
slice,15,8,Greedy,-646.9187678,-647.0554098,78.72927629,0.9998117321,0.0002111750413,False,3.424999886e-05,2,
slice,15,9,BruteForce,-647.0554098,-647.0554098,78.72927629,1,0,True,0.05267212501,0,
slice,15,9,SA_1,-647.0554098,-647.0554098,78.72927629,1,0,True,0.09402787501,1000,
slice,15,9,SA,-647.0554098,-647.0554098,78.72927629,1,0,True,0.117734125,1000,1
slice,15,9,Greedy,-646.8515202,-647.0554098,78.72927629,0.999719077,0.000315103833,False,3.375000233e-05,2,
slice,16,0,BruteForce,-2112.419392,-2112.419392,0.3564325862,1,0,True,0.104726375,0,
slice,16,0,SA_1,-2112.417607,-2112.419392,0.3564325862,0.9999991554,8.447896843e-07,False,0.098664666,1000,
slice,16,0,SA,-2112.419392,-2112.419392,0.3564325862,1,0,True,0.121533583,1000,1
slice,16,0,Greedy,-2111.760948,-2112.419392,0.3564325862,0.9996883513,0.0003117012741,False,5.087500176e-05,3,
slice,16,1,BruteForce,-2112.419392,-2112.419392,0.3564325862,1,0,True,0.104584208,0,
slice,16,1,SA_1,-2112.417487,-2112.419392,0.3564325862,0.9999990982,9.019716192e-07,False,0.097414417,1000,
slice,16,1,SA,-2112.419392,-2112.419392,0.3564325862,1,0,True,0.121206042,1000,1
slice,16,1,Greedy,-2111.720707,-2112.419392,0.3564325862,0.9996693048,0.0003307509742,False,5.079199764e-05,3,
slice,16,2,BruteForce,-2112.419392,-2112.419392,0.3564325862,1,0,True,0.104640625,0,
slice,16,2,SA_1,-2112.419392,-2112.419392,0.3564325862,1,0,True,0.097197459,1000,
slice,16,2,SA,-2112.419392,-2112.419392,0.3564325862,1,0,True,0.121117917,1000,1
slice,16,2,Greedy,-2112.402738,-2112.419392,0.3564325862,0.9999921176,7.883687306e-06,False,3.72919967e-05,2,
slice,16,3,BruteForce,-2112.419392,-2112.419392,0.3564325862,1,0,True,0.104182708,0,
slice,16,3,SA_1,-2112.417086,-2112.419392,0.3564325862,0.9999989087,1.091526363e-06,False,0.109333583,1000,
slice,16,3,SA,-2112.419392,-2112.419392,0.3564325862,1,0,True,0.129130209,1000,1
slice,16,3,Greedy,-2112.267346,-2112.419392,0.3564325862,0.9999280352,7.197692848e-05,False,4.525000259e-05,2,
slice,16,4,BruteForce,-2112.419392,-2112.419392,0.3564325862,1,0,True,0.109013208,0,
slice,16,4,SA_1,-2112.419392,-2112.419392,0.3564325862,1,0,True,0.107797917,1000,
slice,16,4,SA,-2112.419392,-2112.419392,0.3564325862,1,0,True,0.132859708,1000,1
slice,16,4,Greedy,-2111.631546,-2112.419392,0.3564325862,0.9996271039,0.0003729590632,False,5.950000195e-05,3,
slice,16,5,BruteForce,-2112.419392,-2112.419392,0.3564325862,1,0,True,0.10519625,0,
slice,16,5,SA_1,-2112.417086,-2112.419392,0.3564325862,0.9999989087,1.091526363e-06,False,0.099724041,1000,
slice,16,5,SA,-2112.419392,-2112.419392,0.3564325862,1,0,True,0.122197125,1000,1
slice,16,5,Greedy,-2111.653675,-2112.419392,0.3564325862,0.999637578,0.000362483198,False,3.974999709e-05,2,
slice,16,6,BruteForce,-2112.419392,-2112.419392,0.3564325862,1,0,True,0.103792334,0,
slice,16,6,SA_1,-2112.417487,-2112.419392,0.3564325862,0.9999990982,9.019716192e-07,False,0.09970925,1000,
slice,16,6,SA,-2112.419392,-2112.419392,0.3564325862,1,0,True,0.121549917,1000,1
slice,16,6,Greedy,-2111.731052,-2112.419392,0.3564325862,0.9996742013,0.0003258536737,False,3.991699487e-05,2,
slice,16,7,BruteForce,-2112.419392,-2112.419392,0.3564325862,1,0,True,0.105399334,0,
slice,16,7,SA_1,-2112.417487,-2112.419392,0.3564325862,0.9999990982,9.019716192e-07,False,0.099297917,1000,
slice,16,7,SA,-2112.419392,-2112.419392,0.3564325862,1,0,True,0.121651667,1000,1
slice,16,7,Greedy,-2111.534236,-2112.419392,0.3564325862,0.9995810458,0.0004190249173,False,4.191700282e-05,2,
slice,16,8,BruteForce,-2112.419392,-2112.419392,0.3564325862,1,0,True,0.1053365,0,
slice,16,8,SA_1,-2112.417607,-2112.419392,0.3564325862,0.9999991554,8.447896843e-07,False,0.099295291,1000,
slice,16,8,SA,-2112.419392,-2112.419392,0.3564325862,1,0,True,0.122217958,1000,1
slice,16,8,Greedy,-2112.086466,-2112.419392,0.3564325862,0.9998424224,0.0001576042137,False,3.89170018e-05,2,
slice,16,9,BruteForce,-2112.419392,-2112.419392,0.3564325862,1,0,True,0.104699042,0,
slice,16,9,SA_1,-2112.419392,-2112.419392,0.3564325862,1,0,True,0.102792625,1000,
slice,16,9,SA,-2112.419392,-2112.419392,0.3564325862,1,0,True,0.1244615,1000,1
slice,16,9,Greedy,-2112.13837,-2112.419392,0.3564325862,0.9998669891,0.0001330333293,False,4.229200567e-05,2,
slice,18,0,BruteForce,-990.8742969,-990.8742969,0.3756980388,1,0,True,0.4487275,0,
slice,18,0,SA_1,-990.8700031,-990.8742969,0.3756980388,0.9999956683,4.333301769e-06,False,0.115101708,1000,
slice,18,0,SA,-990.8742969,-990.8742969,0.3756980388,1,0,True,0.142855083,1000,1
slice,18,0,Greedy,-990.2036718,-990.8742969,0.3756980388,0.9993234552,0.0006768013627,False,4.308400094e-05,2,
slice,18,1,SA_1,-990.8637804,-990.8742969,0.3756980388,0.9999893907,1.061335658e-05,False,0.114123917,1000,
slice,18,1,SA,-990.8732952,-990.8742969,0.3756980388,0.9999989894,1.01097449e-06,False,0.142495125,1000,1
slice,18,1,Greedy,-990.5472995,-990.8742969,0.3756980388,0.9996701161,0.0003300089364,False,4.358300066e-05,2,
slice,18,2,SA_1,-990.8703312,-990.8742969,0.3756980388,0.9999959993,4.002246276e-06,False,0.113614625,1000,
slice,18,2,SA,-990.8742969,-990.8742969,0.3756980388,1,0,True,0.142941542,1000,1
slice,18,2,Greedy,-990.7700641,-990.8742969,0.3756980388,0.9998948471,0.0001051927292,False,4.491700383e-05,2,
slice,18,3,SA_1,-990.8730932,-990.8742969,0.3756980388,0.9999987856,1.214810879e-06,False,0.114460208,1000,
slice,18,3,SA,-990.8742969,-990.8742969,0.3756980388,1,0,True,0.143581291,1000,1
slice,18,3,Greedy,-990.2343619,-990.8742969,0.3756980388,0.9993544161,0.0006458286921,False,4.529100261e-05,2,
slice,18,4,SA_1,-990.8742969,-990.8742969,0.3756980388,1,0,True,0.114731125,1000,
slice,18,4,SA,-990.8742969,-990.8742969,0.3756980388,1,0,True,0.141338417,1000,1
slice,18,4,Greedy,-990.0427555,-990.8742969,0.3756980388,0.9991611183,0.0008391997217,False,5.862500257e-05,3,
slice,18,5,SA_1,-990.8730932,-990.8742969,0.3756980388,0.9999987856,1.214810879e-06,False,0.115090792,1000,
slice,18,5,SA,-990.8732952,-990.8742969,0.3756980388,0.9999989894,1.01097449e-06,False,0.142583083,1000,1
slice,18,5,Greedy,-990.0106459,-990.8742969,0.3756980388,0.9991287253,0.0008716050596,False,4.420900223e-05,2,
slice,18,6,SA_1,-990.8732649,-990.8742969,0.3756980388,0.9999989589,1.041513598e-06,False,0.114734208,1000,
slice,18,6,SA,-990.8742969,-990.8742969,0.3756980388,1,0,True,0.142193292,1000,1
slice,18,6,Greedy,-990.0498938,-990.8742969,0.3756980388,0.9991683197,0.000831995661,False,4.137500218e-05,2,
slice,18,7,SA_1,-990.8687137,-990.8742969,0.3756980388,0.9999943675,5.634643687e-06,False,0.114087042,1000,
slice,18,7,SA,-990.8742969,-990.8742969,0.3756980388,1,0,True,0.142180125,1000,1
slice,18,7,Greedy,-990.0234748,-990.8742969,0.3756980388,0.9991416675,0.000858657934,False,4.525000259e-05,2,
slice,18,8,SA_1,-990.8732649,-990.8742969,0.3756980388,0.9999989589,1.041513598e-06,False,0.11421675,1000,
slice,18,8,SA,-990.8732952,-990.8742969,0.3756980388,0.9999989894,1.01097449e-06,False,0.142440875,1000,1
slice,18,8,Greedy,-988.4721147,-990.8742969,0.3756980388,0.9975766131,0.002424305715,False,4.24999962e-05,2,
slice,18,9,SA_1,-990.8688743,-990.8742969,0.3756980388,0.9999945296,5.472522237e-06,False,0.114477292,1000,
slice,18,9,SA,-990.8742969,-990.8742969,0.3756980388,1,0,True,0.141161375,1000,1
slice,18,9,Greedy,-990.3467199,-990.8742969,0.3756980388,0.999467766,0.0005324358421,False,4.241599527e-05,2,
slice,20,0,BruteForce,-3145.237652,-3145.237652,172.6775547,1,0,True,1.815279834,0,
slice,20,0,SA_1,-3145.228229,-3145.237652,172.6775547,0.9999971599,2.996017584e-06,False,0.121235708,1000,
slice,20,0,SA,-3145.235016,-3145.237652,172.6775547,0.9999992055,8.381586833e-07,False,0.150909584,1000,1
slice,20,0,Greedy,-3144.74246,-3145.237652,172.6775547,0.9998507521,0.0001574417749,False,6.979099999e-05,3,
slice,20,1,SA_1,-3145.228862,-3145.237652,172.6775547,0.9999973506,2.794828926e-06,False,0.123012875,1000,
slice,20,1,SA,-3145.237174,-3145.237652,172.6775547,0.9999998559,1.51963548e-07,False,0.151659542,1000,1
slice,20,1,Greedy,-3144.684602,-3145.237652,172.6775547,0.9998333139,0.0001758374098,False,4.691699723e-05,2,
slice,20,2,SA_1,-3145.237652,-3145.237652,172.6775547,1,0,True,0.122414584,1000,
slice,20,2,SA,-3145.237652,-3145.237652,172.6775547,1,0,True,0.150579959,1000,1
slice,20,2,Greedy,-3145.191047,-3145.237652,172.6775547,0.9999859535,1.481769894e-05,False,4.674999946e-05,2,
slice,20,3,SA_1,-3145.235551,-3145.237652,172.6775547,0.9999993668,6.679594325e-07,False,0.12312475,1000,
slice,20,3,SA,-3145.237652,-3145.237652,172.6775547,1,0,True,0.151256167,1000,1
slice,20,3,Greedy,-3145.206883,-3145.237652,172.6775547,0.9999907262,9.782957217e-06,False,4.629099567e-05,2,
slice,20,4,SA_1,-3145.227439,-3145.237652,172.6775547,0.9999969217,3.247253897e-06,False,0.1224075,1000,
slice,20,4,SA,-3145.237652,-3145.237652,172.6775547,1,0,True,0.15167025,1000,1
slice,20,4,Greedy,-3144.210443,-3145.237652,172.6775547,0.9996904053,0.0003265918255,False,6.500000018e-05,3,
slice,20,5,SA_1,-3145.234976,-3145.237652,172.6775547,0.9999991935,8.508258062e-07,False,0.122737833,1000,
slice,20,5,SA,-3145.23687,-3145.237652,172.6775547,0.9999997642,2.487088461e-07,False,0.15079175,1000,1
slice,20,5,Greedy,-3144.973234,-3145.237652,172.6775547,0.9999203059,8.406938e-05,False,4.870800331e-05,2,
slice,20,6,SA_1,-3145.231646,-3145.237652,172.6775547,0.9999981896,1.909746634e-06,False,0.122062042,1000,
slice,20,6,SA,-3145.237652,-3145.237652,172.6775547,1,0,True,0.1510045,1000,1
slice,20,6,Greedy,-3144.61139,-3145.237652,172.6775547,0.9998112481,0.0001991145941,False,4.633299977e-05,2,
slice,20,7,SA_1,-3145.229189,-3145.237652,172.6775547,0.9999974493,2.690726469e-06,False,0.122482125,1000,
slice,20,7,SA,-3145.237174,-3145.237652,172.6775547,0.9999998559,1.51963548e-07,False,0.150777167,1000,1
slice,20,7,Greedy,-3144.222581,-3145.237652,172.6775547,0.9996940634,0.0003227329125,False,4.816699948e-05,2,
slice,20,8,SA_1,-3145.236201,-3145.237652,172.6775547,0.9999995625,4.615156613e-07,False,0.121482,1000,
slice,20,8,SA,-3145.236749,-3145.237652,172.6775547,0.9999997278,2.871408711e-07,False,0.149735875,1000,1
slice,20,8,Greedy,-3145.101997,-3145.237652,172.6775547,0.9999591142,4.313049778e-05,False,4.766699567e-05,2,
slice,20,9,SA_1,-3145.233397,-3145.237652,172.6775547,0.9999987175,1.352876188e-06,False,0.122368958,1000,
slice,20,9,SA,-3145.237652,-3145.237652,172.6775547,1,0,True,0.149737,1000,1
slice,20,9,Greedy,-3145.059362,-3145.237652,172.6775547,0.9999462643,5.668581887e-05,False,4.670899943e-05,2,
random,4,0,BruteForce,-4.709609688,-4.709609688,0.07221458224,1,0,True,2.245799988e-05,0,
random,4,0,SA_1,-4.709609688,-4.709609688,0.07221458224,1,0,True,0.0201475,1000,
random,4,0,SA,-4.709609688,-4.709609688,0.07221458224,1,0,True,0.024969125,1000,
random,4,0,Greedy,-4.709609688,-4.709609688,0.07221458224,1,0,True,1.47499959e-05,2,
random,4,1,BruteForce,-5.494320118,-5.494320118,3.889544279,1,0,True,2.137500269e-05,0,
random,4,1,SA_1,-5.494320118,-5.494320118,3.889544279,1,0,True,0.018953125,1000,
random,4,1,SA,-5.494320118,-5.494320118,3.889544279,1,0,True,0.023537833,1000,
random,4,1,Greedy,-5.494320118,-5.494320118,3.889544279,1,0,True,1.420899935e-05,2,
random,4,2,BruteForce,-8.437219325,-8.437219325,0.451887367,1,0,True,2.116700489e-05,0,
random,4,2,SA_1,-8.437219325,-8.437219325,0.451887367,1,0,True,0.019712,1000,
random,4,2,SA,-8.437219325,-8.437219325,0.451887367,1,0,True,0.024301083,1000,
random,4,2,Greedy,-8.437219325,-8.437219325,0.451887367,1,-2.105381846e-16,True,1.329099905e-05,2,
random,4,3,BruteForce,-2.628781101,-2.628781101,5.624119771,1,0,True,2.104199666e-05,0,
random,4,3,SA_1,-2.628781101,-2.628781101,5.624119771,1,0,True,0.02140475,1000,
random,4,3,SA,-2.628781101,-2.628781101,5.624119771,1,0,True,0.026271292,1000,
random,4,3,Greedy,-2.628781101,-2.628781101,5.624119771,1,-1.689335068e-16,True,2.220900205e-05,4,
random,4,4,BruteForce,-4.963801564,-4.963801564,4.111236343,1,0,True,2.179099829e-05,0,
random,4,4,SA_1,-4.963801564,-4.963801564,4.111236343,1,0,True,0.021438166,1000,
random,4,4,SA,-4.963801564,-4.963801564,4.111236343,1,0,True,0.026559333,1000,
random,4,4,Greedy,-4.963801564,-4.963801564,4.111236343,1,0,True,1.299999713e-05,2,
random,4,5,BruteForce,-1.457212769,-1.457212769,2.685962893,1,0,True,2.108400076e-05,0,
random,4,5,SA_1,-1.457212769,-1.457212769,2.685962893,1,0,True,0.020216917,1000,
random,4,5,SA,-1.457212769,-1.457212769,2.685962893,1,0,True,0.025184875,1000,
random,4,5,Greedy,-1.457212769,-1.457212769,2.685962893,1,1.523762416e-16,True,1.599999814e-05,2,
random,4,6,BruteForce,-2.686632326,-2.686632326,0.8432222948,1,0,True,2.187499922e-05,0,
random,4,6,SA_1,-2.686632326,-2.686632326,0.8432222948,1,0,True,0.022499166,1000,
random,4,6,SA,-2.686632326,-2.686632326,0.8432222948,1,0,True,0.0285355,1000,
random,4,6,Greedy,-2.686632326,-2.686632326,0.8432222948,1,0,True,1.820800389e-05,3,
random,4,7,BruteForce,-5.676630694,-5.676630694,1.199238414,1,0,True,2.120799763e-05,0,
random,4,7,SA_1,-5.676630694,-5.676630694,1.199238414,1,0,True,0.019412708,1000,
random,4,7,SA,-5.676630694,-5.676630694,1.199238414,1,0,True,0.023514208,1000,
random,4,7,Greedy,-5.053190521,-5.676630694,1.199238414,0.9093292551,0.1098257412,False,9.541996405e-06,1,
random,4,8,BruteForce,-7.415741265,-7.415741265,0.01684563568,1,0,True,2.108300396e-05,0,
random,4,8,SA_1,-7.415741265,-7.415741265,0.01684563568,1,0,True,0.018800541,1000,
random,4,8,SA,-7.415741265,-7.415741265,0.01684563568,1,0,True,0.022181875,1000,
random,4,8,Greedy,-7.415741265,-7.415741265,0.01684563568,1,0,True,1.68750048e-05,3,
random,4,9,BruteForce,-2.371564434,-2.371564434,3.125775082,1,0,True,2.129199856e-05,0,
random,4,9,SA_1,-2.371564434,-2.371564434,3.125775082,1,0,True,0.019706458,1000,
random,4,9,SA,-2.371564434,-2.371564434,3.125775082,1,0,True,0.024238792,1000,
random,4,9,Greedy,-2.371564434,-2.371564434,3.125775082,1,1.872558061e-16,True,1.27500025e-05,2,
random,6,0,BruteForce,-3.774580015,-3.774580015,8.342911364,1,0,True,8.416600031e-05,0,
random,6,0,SA_1,-3.774580015,-3.774580015,8.342911364,1,0,True,0.02966783301,1000,
random,6,0,SA,-3.774580015,-3.774580015,8.342911364,1,0,True,0.036839792,1000,
random,6,0,Greedy,-3.774580015,-3.774580015,8.342911364,1,-3.529578455e-16,True,2.333299926e-05,3,
random,6,1,BruteForce,-6.07480207,-6.07480207,5.183859643,1,0,True,8.391700248e-05,0,
random,6,1,SA_1,-6.07480207,-6.07480207,5.183859643,1,0,True,0.027646833,1000,
random,6,1,SA,-6.07480207,-6.07480207,5.183859643,1,0,True,0.032741459,1000,
random,6,1,Greedy,-6.07480207,-6.07480207,5.183859643,1,1.462069726e-16,True,2.212500112e-05,3,
random,6,2,BruteForce,-10.06089734,-10.06089734,2.904405529,1,0,True,8.399999933e-05,0,
random,6,2,SA_1,-10.06089734,-10.06089734,2.904405529,1,0,True,0.02768675,1000,
random,6,2,SA,-10.06089734,-10.06089734,2.904405529,1,0,True,0.032418375,1000,
random,6,2,Greedy,-10.06089734,-10.06089734,2.904405529,1,0,True,1.795800199e-05,2,
random,6,3,BruteForce,-2.940062684,-2.940062684,6.233503797,1,0,True,8.433400217e-05,0,
random,6,3,SA_1,-2.940062684,-2.940062684,6.233503797,1,0,True,0.031493625,1000,
random,6,3,SA,-2.940062684,-2.940062684,6.233503797,1,0,True,0.037570958,1000,
random,6,3,Greedy,-2.940062684,-2.940062684,6.233503797,1,0,True,2.337500337e-05,3,
random,6,4,BruteForce,-0.517945132,-0.517945132,9.780368136,1,0,True,8.52499943e-05,0,
random,6,4,SA_1,-0.517945132,-0.517945132,9.780368136,1,0,True,0.02993975001,1000,
random,6,4,SA,-0.517945132,-0.517945132,9.780368136,1,0,True,0.036295583,1000,
random,6,4,Greedy,-0.517945132,-0.517945132,9.780368136,1,4.287029479e-16,True,1.779100421e-05,2,
random,6,5,BruteForce,-6.074245561,-6.074245561,4.255450398,1,0,True,8.437500219e-05,0,
random,6,5,SA_1,-6.074245561,-6.074245561,4.255450398,1,0,True,0.028685667,1000,
random,6,5,SA,-6.074245561,-6.074245561,4.255450398,1,0,True,0.033816084,1000,
random,6,5,Greedy,-6.074245561,-6.074245561,4.255450398,1,0,True,1.683399751e-05,2,
random,6,6,BruteForce,-4.97936674,-4.97936674,8.725836382,1,0,True,8.287499804e-05,0,
random,6,6,SA_1,-4.97936674,-4.97936674,8.725836382,1,0,True,0.029126459,1000,
random,6,6,SA,-4.97936674,-4.97936674,8.725836382,1,0,True,0.036083292,1000,
random,6,6,Greedy,-4.97936674,-4.97936674,8.725836382,1,0,True,2.420799865e-05,3,
random,6,7,BruteForce,-2.741075199,-2.741075199,9.293929434,1,0,True,8.270800026e-05,0,
random,6,7,SA_1,-2.741075199,-2.741075199,9.293929434,1,0,True,0.029925917,1000,
random,6,7,SA,-2.741075199,-2.741075199,9.293929434,1,0,True,0.036343,1000,
random,6,7,Greedy,-1.153919221,-2.741075199,9.293929434,0.8681216978,0.5790267915,False,1.708399941e-05,2,
random,6,8,BruteForce,-9.546889686,-9.546889686,2.701322614,1,0,True,8.591699589e-05,0,
random,6,8,SA_1,-9.546889686,-9.546889686,2.701322614,1,0,True,0.027708875,1000,
random,6,8,SA,-9.546889686,-9.546889686,2.701322614,1,0,True,0.03184362499,1000,
random,6,8,Greedy,-9.546889686,-9.546889686,2.701322614,1,0,True,2.350000432e-05,3,
random,6,9,BruteForce,-9.085534366,-9.085534366,5.892487517,1,0,True,8.400000661e-05,0,
random,6,9,SA_1,-9.085534366,-9.085534366,5.892487517,1,0,True,0.028047166,1000,
random,6,9,SA,-9.085534366,-9.085534366,5.892487517,1,0,True,0.033976583,1000,
random,6,9,Greedy,-7.679953431,-9.085534366,5.892487517,0.906157105,0.1547053677,False,1.841599442e-05,2,
random,8,0,BruteForce,-7.218962352,-7.218962352,10.48108044,1,0,True,0.0003475840058,0,
random,8,0,SA_1,-7.218962352,-7.218962352,10.48108044,1,0,True,0.038454958,1000,
random,8,0,SA,-7.218962352,-7.218962352,10.48108044,1,0,True,0.045673667,1000,
random,8,0,Greedy,-5.140902224,-7.218962352,10.48108044,0.8825957568,0.2878613334,False,2.716599556e-05,3,
random,8,1,BruteForce,-12.29363004,-12.29363004,7.347041686,1,0,True,0.0003415839965,0,
random,8,1,SA_1,-12.29363004,-12.29363004,7.347041686,1,0,True,0.037249833,1000,
random,8,1,SA,-12.29363004,-12.29363004,7.347041686,1,0,True,0.044156125,1000,
random,8,1,Greedy,-12.29363004,-12.29363004,7.347041686,1,0,True,1.991599856e-05,2,
random,8,2,BruteForce,-19.58349987,-19.58349987,3.753853043,1,0,True,0.0003406670003,0,
random,8,2,SA_1,-19.58349987,-19.58349987,3.753853043,1,0,True,0.035173792,1000,
random,8,2,SA,-19.58349987,-19.58349987,3.753853043,1,0,True,0.04113916701,1000,
random,8,2,Greedy,-19.58349987,-19.58349987,3.753853043,1,0,True,1.987499854e-05,2,
random,8,3,BruteForce,-21.82144363,-21.82144363,4.56736362,1,0,True,0.0003423749949,0,
random,8,3,SA_1,-21.82144363,-21.82144363,4.56736362,1,0,True,0.036548917,1000,
random,8,3,SA,-21.82144363,-21.82144363,4.56736362,1,0,True,0.042493917,1000,
random,8,3,Greedy,-21.82144363,-21.82144363,4.56736362,1,-1.628083705e-16,True,2.670899994e-05,3,
random,8,4,BruteForce,-8.0074945,-8.0074945,11.34560572,1,0,True,0.0003431250007,0,
random,8,4,SA_1,-8.0074945,-8.0074945,11.34560572,1,0,True,0.03838475001,1000,
random,8,4,SA,-8.0074945,-8.0074945,11.34560572,1,0,True,0.045531417,1000,
random,8,4,Greedy,-7.918837843,-8.0074945,11.34560572,0.9954189945,0.01107171009,False,2.724999649e-05,3,
random,8,5,BruteForce,-8.12817713,-8.12817713,5.302406125,1,0,True,0.000345374996,0,
random,8,5,SA_1,-8.12817713,-8.12817713,5.302406125,1,0,True,0.03722725,1000,
random,8,5,SA,-8.12817713,-8.12817713,5.302406125,1,0,True,0.042407958,1000,
random,8,5,Greedy,-8.12817713,-8.12817713,5.302406125,1,2.185430769e-16,True,1.970900485e-05,2,
random,8,6,BruteForce,-9.930298154,-9.930298154,6.268174574,1,0,True,0.0003428749988,0,
random,8,6,SA_1,-9.930298154,-9.930298154,6.268174574,1,0,True,0.039074833,1000,
random,8,6,SA,-9.930298154,-9.930298154,6.268174574,1,0,True,0.04644625,1000,
random,8,6,Greedy,-9.355726657,-9.930298154,6.268174574,0.9645292796,0.05786044774,False,3.52920033e-05,4,
random,8,7,BruteForce,-6.85068127,-6.85068127,7.514996592,1,0,True,0.0003441669978,0,
random,8,7,SA_1,-6.85068127,-6.85068127,7.514996592,1,0,True,0.039819833,1000,
random,8,7,SA,-6.85068127,-6.85068127,7.514996592,1,0,True,0.048000041,1000,
random,8,7,Greedy,-6.85068127,-6.85068127,7.514996592,1,-2.592963779e-16,True,3.50420014e-05,4,
random,8,8,BruteForce,-4.74247967,-4.74247967,10.86254574,1,0,True,0.0003408749981,0,
random,8,8,SA_1,-4.74247967,-4.74247967,10.86254574,1,0,True,0.039358292,1000,
random,8,8,SA,-4.74247967,-4.74247967,10.86254574,1,0,True,0.047435833,1000,
random,8,8,Greedy,-4.74247967,-4.74247967,10.86254574,1,1.872814396e-16,True,2.762499935e-05,3,
random,8,9,BruteForce,-4.317824013,-4.317824013,11.47924049,1,0,True,0.0003426659969,0,
random,8,9,SA_1,-4.317824013,-4.317824013,11.47924049,1,0,True,0.038233541,1000,
random,8,9,SA,-4.317824013,-4.317824013,11.47924049,1,0,True,0.046067,1000,
random,8,9,Greedy,-4.317824013,-4.317824013,11.47924049,1,0,True,3.591600398e-05,4,
random,10,0,BruteForce,-15.23162101,-15.23162101,11.9728138,1,0,True,0.001480166997,0,
random,10,0,SA_1,-15.23162101,-15.23162101,11.9728138,1,0,True,0.04788375,1000,
random,10,0,SA,-15.23162101,-15.23162101,11.9728138,1,0,True,0.055749917,1000,
random,10,0,Greedy,-13.32397108,-15.23162101,11.9728138,0.9298772447,0.1252427384,False,3.412499791e-05,3,
random,10,1,BruteForce,-15.56825377,-15.56825377,8.94099019,1,0,True,0.001449791002,0,
random,10,1,SA_1,-15.56825377,-15.56825377,8.94099019,1,0,True,0.046295958,1000,
random,10,1,SA,-15.56825377,-15.56825377,8.94099019,1,0,True,0.053738416,1000,
random,10,1,Greedy,-15.56825377,-15.56825377,8.94099019,1,0,True,3.291699977e-05,3,
random,10,2,BruteForce,-7.862460202,-7.862460202,12.85963814,1,0,True,0.001468124996,0,
random,10,2,SA_1,-7.862460202,-7.862460202,12.85963814,1,0,True,0.048654209,1000,
random,10,2,SA,-7.862460202,-7.862460202,12.85963814,1,0,True,0.05956283399,1000,
random,10,2,Greedy,-7.862460202,-7.862460202,12.85963814,1,-2.259288815e-16,True,3.850000212e-05,3,
random,10,3,BruteForce,-16.29676668,-16.29676668,12.36414685,1,0,True,0.001462416003,0,
random,10,3,SA_1,-16.29676668,-16.29676668,12.36414685,1,0,True,0.045522875,1000,
random,10,3,SA,-16.29676668,-16.29676668,12.36414685,1,0,True,0.052103083,1000,
random,10,3,Greedy,-16.29676668,-16.29676668,12.36414685,1,0,True,2.466699516e-05,2,
random,10,4,BruteForce,-12.25824611,-12.25824611,12.79050584,1,0,True,0.001445458998,0,
random,10,4,SA_1,-12.25824611,-12.25824611,12.79050584,1,0,True,0.04738070801,1000,
random,10,4,SA,-12.25824611,-12.25824611,12.79050584,1,0,True,0.055300333,1000,
random,10,4,Greedy,-12.25824611,-12.25824611,12.79050584,1,-1.449111743e-16,True,3.370900231e-05,3,
random,10,5,BruteForce,-15.43733685,-15.43733685,8.396128125,1,0,True,0.001491542003,0,
random,10,5,SA_1,-15.43733685,-15.43733685,8.396128125,1,0,True,0.047649625,1000,
random,10,5,SA,-15.43733685,-15.43733685,8.396128125,1,0,True,0.057889083,1000,
random,10,5,Greedy,-13.94449273,-15.43733685,8.396128125,0.9373635298,0.09670347511,False,2.504100121e-05,2,
random,10,6,BruteForce,-15.28835749,-15.28835749,14.933833,1,0,True,0.001433041005,0,
random,10,6,SA_1,-15.28835749,-15.28835749,14.933833,1,0,True,0.046804292,1000,
random,10,6,SA,-15.28835749,-15.28835749,14.933833,1,0,True,0.055418375,1000,
random,10,6,Greedy,-15.28835749,-15.28835749,14.933833,1,-2.323803379e-16,True,4.99999951e-05,5,
random,10,7,BruteForce,-16.08240668,-16.08240668,13.72610424,1,0,True,0.001432417004,0,
random,10,7,SA_1,-16.08240668,-16.08240668,13.72610424,1,0,True,0.048499125,1000,
random,10,7,SA,-16.08240668,-16.08240668,13.72610424,1,0,True,0.059643292,1000,
random,10,7,Greedy,-16.08240668,-16.08240668,13.72610424,1,0,True,3.412499791e-05,3,
random,10,8,BruteForce,-11.81754097,-11.81754097,11.43395092,1,0,True,0.001470625,0,
random,10,8,SA_1,-11.81754097,-11.81754097,11.43395092,1,0,True,0.050522,1000,
random,10,8,SA,-11.81754097,-11.81754097,11.43395092,1,0,True,0.062335042,1000,
random,10,8,Greedy,-11.67655208,-11.81754097,11.43395092,0.9939363509,0.01193047583,False,3.408300108e-05,3,
random,10,9,BruteForce,-12.88152707,-12.88152707,12.42365401,1,0,True,0.001440542001,0,
random,10,9,SA_1,-12.88152707,-12.88152707,12.42365401,1,0,True,0.045241959,1000,
random,10,9,SA,-12.88152707,-12.88152707,12.42365401,1,0,True,0.052186334,1000,
random,10,9,Greedy,-12.88152707,-12.88152707,12.42365401,1,-2.757991082e-16,True,3.299999662e-05,3,
random,12,0,BruteForce,-23.95665143,-23.95665143,15.23472814,1,0,True,0.006118291996,0,
random,12,0,SA_1,-23.95665143,-23.95665143,15.23472814,1,0,True,0.058411958,1000,
random,12,0,SA,-23.95665143,-23.95665143,15.23472814,1,0,True,0.069553917,1000,
random,12,0,Greedy,-23.95665143,-23.95665143,15.23472814,1,0,True,2.825000411e-05,2,
random,12,1,BruteForce,-26.12086846,-26.12086846,9.851510772,1,0,True,0.006083207998,0,
random,12,1,SA_1,-26.12086846,-26.12086846,9.851510772,1,0,True,0.05679825,1000,
random,12,1,SA,-26.12086846,-26.12086846,9.851510772,1,0,True,0.06791670901,1000,
random,12,1,Greedy,-26.12086846,-26.12086846,9.851510772,1,-1.360105497e-16,True,3.987500531e-05,3,
random,12,2,BruteForce,-20.401522,-20.401522,11.78328817,1,0,True,0.006115625001,0,
random,12,2,SA_1,-20.401522,-20.401522,11.78328817,1,0,True,0.057729334,1000,
random,12,2,SA,-20.401522,-20.401522,11.78328817,1,0,True,0.07370445799,1000,
random,12,2,Greedy,-19.88665548,-20.401522,11.78328817,0.9840028103,0.02523667176,False,2.816699998e-05,2,
random,12,3,BruteForce,-22.09891398,-22.09891398,13.98882204,1,0,True,0.006150541994,0,
random,12,3,SA_1,-22.09891398,-22.09891398,13.98882204,1,0,True,0.05514454201,1000,
random,12,3,SA,-22.09891398,-22.09891398,13.98882204,1,0,True,0.063611833,1000,
random,12,3,Greedy,-21.99487873,-22.09891398,13.98882204,0.9971171577,0.004707708736,False,5.012500333e-05,4,
random,12,4,BruteForce,-22.12533028,-22.12533028,11.25185958,1,0,True,0.006056874998,0,
random,12,4,SA_1,-22.12533028,-22.12533028,11.25185958,1,0,True,0.057626125,1000,
random,12,4,SA,-22.12533028,-22.12533028,11.25185958,1,0,True,0.06967966699,1000,
random,12,4,Greedy,-22.12533028,-22.12533028,11.25185958,1,-1.605722325e-16,True,4.895799793e-05,4,
random,12,5,BruteForce,-12.47585415,-12.47585415,13.35517372,1,0,True,0.006115790995,0,
random,12,5,SA_1,-12.47585415,-12.47585415,13.35517372,1,0,True,0.057072458,1000,
random,12,5,SA,-12.47585415,-12.47585415,13.35517372,1,0,True,0.067867583,1000,
random,12,5,Greedy,-12.47585415,-12.47585415,13.35517372,1,0,True,2.816699998e-05,2,
random,12,6,BruteForce,-13.87302594,-13.87302594,18.44827158,1,0,True,0.006093958,0,
random,12,6,SA_1,-13.87302594,-13.87302594,18.44827158,1,0,True,0.05794499999,1000,
random,12,6,SA,-13.87302594,-13.87302594,18.44827158,1,0,True,0.068975208,1000,
random,12,6,Greedy,-13.87302594,-13.87302594,18.44827158,1,1.280439355e-16,True,3.941699833e-05,3,
random,12,7,BruteForce,-26.59495433,-26.59495433,13.34352669,1,0,True,0.006154041999,0,
random,12,7,SA_1,-26.59495433,-26.59495433,13.34352669,1,0,True,0.053415541,1000,
random,12,7,SA,-26.59495433,-26.59495433,13.34352669,1,0,True,0.060922208,1000,
random,12,7,Greedy,-24.86574521,-26.59495433,13.34352669,0.9567031827,0.06502019503,False,3.908300278e-05,3,
random,12,8,BruteForce,-21.74891316,-21.74891316,8.94989613,1,0,True,0.006078625003,0,
random,12,8,SA_1,-21.74891316,-21.74891316,8.94989613,1,0,True,0.057334375,1000,
random,12,8,SA,-21.74891316,-21.74891316,8.94989613,1,0,True,0.068186958,1000,
random,12,8,Greedy,-20.68695463,-21.74891316,8.94989613,0.965407175,0.04882811985,False,2.737499744e-05,2,
random,12,9,BruteForce,-19.6546429,-19.6546429,15.46322433,1,0,True,0.006006666998,0,
random,12,9,SA_1,-19.6546429,-19.6546429,15.46322433,1,0,True,0.055852292,1000,
random,12,9,SA,-19.6546429,-19.6546429,15.46322433,1,0,True,0.06588137501,1000,
random,12,9,Greedy,-19.6546429,-19.6546429,15.46322433,1,0,True,2.883300476e-05,2,
random,14,0,BruteForce,-26.1602917,-26.1602917,13.93954098,1,0,True,0.026056209,0,
random,14,0,SA_1,-26.1602917,-26.1602917,13.93954098,1,0,True,0.06630275,1000,
random,14,0,SA,-26.1602917,-26.1602917,13.93954098,1,0,True,0.078690459,1000,
random,14,0,Greedy,-26.1602917,-26.1602917,13.93954098,1,-2.71611167e-16,True,5.699999747e-05,4,
random,14,1,BruteForce,-17.99894377,-17.99894377,23.8854502,1,0,True,0.0257815,0,
random,14,1,SA_1,-17.99894377,-17.99894377,23.8854502,1,0,True,0.06570225,1000,
random,14,1,SA,-17.99894377,-17.99894377,23.8854502,1,0,True,0.078034208,1000,
random,14,1,Greedy,-16.53215185,-17.99894377,23.8854502,0.9649799895,0.08149322185,False,5.712499842e-05,4,
random,14,2,BruteForce,-25.85951859,-25.85951859,18.54723979,1,0,True,0.025710709,0,
random,14,2,SA_1,-25.85951859,-25.85951859,18.54723979,1,0,True,0.062329834,1000,
random,14,2,SA,-25.85951859,-25.85951859,18.54723979,1,0,True,0.071993708,1000,
random,14,2,Greedy,-25.85951859,-25.85951859,18.54723979,1,1.373851437e-16,True,4.470799468e-05,3,
random,14,3,BruteForce,-23.69017167,-23.69017167,26.70374823,1,0,True,0.025756333,0,
random,14,3,SA_1,-23.69017167,-23.69017167,26.70374823,1,0,True,0.064282083,1000,
random,14,3,SA,-23.69017167,-23.69017167,26.70374823,1,0,True,0.07530625,1000,
random,14,3,Greedy,-23.69017167,-23.69017167,26.70374823,1,-1.499657211e-16,True,4.449999687e-05,3,
random,14,4,BruteForce,-11.14271886,-11.14271886,27.98635677,1,0,True,0.02592075,0,
random,14,4,SA_1,-11.14271886,-11.14271886,27.98635677,1,0,True,0.064585292,1000,
random,14,4,SA,-11.14271886,-11.14271886,27.98635677,1,0,True,0.076011209,1000,
random,14,4,Greedy,-11.14271886,-11.14271886,27.98635677,1,0,True,4.450000415e-05,3,
random,14,5,BruteForce,-28.24952408,-28.24952408,26.51246283,1,0,True,0.0260925,0,
random,14,5,SA_1,-28.24952408,-28.24952408,26.51246283,1,0,True,0.06490975,1000,
random,14,5,SA,-28.24952408,-28.24952408,26.51246283,1,0,True,0.075894916,1000,
random,14,5,Greedy,-28.24952408,-28.24952408,26.51246283,1,0,True,5.720800254e-05,4,
random,14,6,BruteForce,-15.43117012,-15.43117012,21.85384111,1,0,True,0.025949042,0,
random,14,6,SA_1,-15.43117012,-15.43117012,21.85384111,1,0,True,0.065121667,1000,
random,14,6,SA,-15.43117012,-15.43117012,21.85384111,1,0,True,0.076226916,1000,
random,14,6,Greedy,-15.43117012,-15.43117012,21.85384111,1,0,True,3.116599692e-05,2,
random,14,7,BruteForce,-11.18232921,-11.18232921,30.12108625,1,0,True,0.025875,0,
random,14,7,SA_1,-11.18232921,-11.18232921,30.12108625,1,0,True,0.068840625,1000,
random,14,7,SA,-11.18232921,-11.18232921,30.12108625,1,0,True,0.081740625,1000,
random,14,7,Greedy,-8.584968212,-11.18232921,30.12108625,0.9371151038,0.2322737014,False,4.525000259e-05,3,
random,14,8,BruteForce,-18.31579446,-18.31579446,24.06348031,1,0,True,0.025872292,0,
random,14,8,SA_1,-18.31579446,-18.31579446,24.06348031,1,0,True,0.06492125,1000,
random,14,8,SA,-18.31579446,-18.31579446,24.06348031,1,0,True,0.075833666,1000,
random,14,8,Greedy,-18.31579446,-18.31579446,24.06348031,1,1.939699468e-16,True,5.783300003e-05,4,
random,14,9,BruteForce,-15.07760169,-15.07760169,24.15995847,1,0,True,0.025944625,0,
random,14,9,SA_1,-15.07760169,-15.07760169,24.15995847,1,0,True,0.064452208,1000,
random,14,9,SA,-15.07760169,-15.07760169,24.15995847,1,0,True,0.07881862501,1000,
random,14,9,Greedy,-14.49359809,-15.07760169,24.15995847,0.98511621,0.0387331895,False,6.979200407e-05,5,
random,16,0,BruteForce,-9.107993203,-9.107993203,45.2782016,1,0,True,0.10245925,0,
random,16,0,SA_1,-9.107993203,-9.107993203,45.2782016,1,0,True,0.07564408401,1000,
random,16,0,SA,-9.107993203,-9.107993203,45.2782016,1,0,True,0.090260916,1000,
random,16,0,Greedy,-7.343664493,-9.107993203,45.2782016,0.9675592544,0.1937121242,False,9.195799794e-05,6,
random,16,1,BruteForce,-14.85771983,-14.85771983,38.09841137,1,0,True,0.103143917,0,
random,16,1,SA_1,-14.85771983,-14.85771983,38.09841137,1,0,True,0.074286083,1000,
random,16,1,SA,-14.85771983,-14.85771983,38.09841137,1,0,True,0.088235708,1000,
random,16,1,Greedy,-14.85771983,-14.85771983,38.09841137,1,0,True,5.029199383e-05,3,
random,16,2,BruteForce,-32.72419231,-32.72419231,19.88692466,1,0,True,0.103039333,0,
random,16,2,SA_1,-32.72419231,-32.72419231,19.88692466,1,0,True,0.072265791,1000,
random,16,2,SA,-32.72419231,-32.72419231,19.88692466,1,0,True,0.083814542,1000,
random,16,2,Greedy,-32.72419231,-32.72419231,19.88692466,1,0,True,6.504200428e-05,4,
random,16,3,BruteForce,-28.01557403,-28.01557403,34.65468736,1,0,True,0.102836375,0,
random,16,3,SA_1,-28.01557403,-28.01557403,34.65468736,1,0,True,0.070737333,1000,
random,16,3,SA,-28.01557403,-28.01557403,34.65468736,1,0,True,0.081598708,1000,
random,16,3,Greedy,-28.01557403,-28.01557403,34.65468736,1,-1.268120966e-16,True,5.124999734e-05,3,
random,16,4,BruteForce,-39.17756867,-39.17756867,17.98406413,1,0,True,0.103535417,0,
random,16,4,SA_1,-39.17756867,-39.17756867,17.98406413,1,0,True,0.073414542,1000,
random,16,4,SA,-39.17756867,-39.17756867,17.98406413,1,0,True,0.085185083,1000,
random,16,4,Greedy,-39.17756867,-39.17756867,17.98406413,1,-1.813646839e-16,True,5.124999734e-05,3,
random,16,5,BruteForce,-21.65920775,-21.65920775,40.10798502,1,0,True,0.102983584,0,
random,16,5,SA_1,-21.65920775,-21.65920775,40.10798502,1,0,True,0.073611917,1000,
random,16,5,SA,-21.65920775,-21.65920775,40.10798502,1,0,True,0.08710304199,1000,
random,16,5,Greedy,-21.65920775,-21.65920775,40.10798502,1,-1.640278684e-16,True,3.629199637e-05,2,
random,16,6,BruteForce,-25.64938062,-25.64938062,32.19599675,1,0,True,0.10401625,0,
random,16,6,SA_1,-25.64938062,-25.64938062,32.19599675,1,0,True,0.070369792,1000,
random,16,6,SA,-25.64938062,-25.64938062,32.19599675,1,0,True,0.079466625,1000,
random,16,6,Greedy,-25.64938062,-25.64938062,32.19599675,1,0,True,6.491700333e-05,4,
random,16,7,BruteForce,-38.78621017,-38.78621017,28.3121806,1,0,True,0.103682417,0,
random,16,7,SA_1,-38.78621017,-38.78621017,28.3121806,1,0,True,0.074846041,1000,
random,16,7,SA,-38.78621017,-38.78621017,28.3121806,1,0,True,0.08662429101,1000,
random,16,7,Greedy,-38.78621017,-38.78621017,28.3121806,1,-1.831946799e-16,True,3.683300019e-05,2,
random,16,8,BruteForce,-34.13419193,-34.13419193,27.54935267,1,0,True,0.103469,0,
random,16,8,SA_1,-34.13419193,-34.13419193,27.54935267,1,0,True,0.070733959,1000,
random,16,8,SA,-34.13419193,-34.13419193,27.54935267,1,0,True,0.08176625,1000,
random,16,8,Greedy,-34.13419193,-34.13419193,27.54935267,1,0,True,6.858399865e-05,4,
random,16,9,BruteForce,-30.9917829,-30.9917829,21.3840507,1,0,True,0.103663833,0,
random,16,9,SA_1,-30.9917829,-30.9917829,21.3840507,1,0,True,0.071625791,1000,
random,16,9,SA,-30.9917829,-30.9917829,21.3840507,1,0,True,0.082209,1000,
random,16,9,Greedy,-30.9917829,-30.9917829,21.3840507,1,0,True,6.604100054e-05,4,
random,18,0,BruteForce,-27.95999186,-27.95999186,38.69320535,1,0,True,0.434944208,0,
random,18,0,SA_1,-27.95999186,-27.95999186,38.69320535,1,0,True,0.082818417,1000,
random,18,0,SA,-27.95999186,-27.95999186,38.69320535,1,0,True,0.09683425,1000,
random,18,0,Greedy,-27.65815851,-27.95999186,38.69320535,0.9954715848,0.01079518735,False,4.774999979e-05,2,
random,18,1,BruteForce,-28.37836953,-28.37836953,34.36613248,1,0,True,0.439068875,0,
random,18,1,SA_1,-28.37836953,-28.37836953,34.36613248,1,0,True,0.0818965,1000,
random,18,1,SA,-28.37836953,-28.37836953,34.36613248,1,0,True,0.095604541,1000,
random,18,1,Greedy,-28.37836953,-28.37836953,34.36613248,1,-1.25190902e-16,True,7.441599882e-05,4,
random,18,2,BruteForce,-22.62215895,-22.62215895,38.4254123,1,0,True,0.434167459,0,
random,18,2,SA_1,-22.62215895,-22.62215895,38.4254123,1,0,True,0.084717209,1000,
random,18,2,SA,-22.62215895,-22.62215895,38.4254123,1,0,True,0.099951125,1000,
random,18,2,Greedy,-22.62215895,-22.62215895,38.4254123,1,-1.570457394e-16,True,6.054199912e-05,3,
random,18,3,BruteForce,-39.67768111,-39.67768111,26.57244704,1,0,True,0.438253334,0,
random,18,3,SA_1,-39.67768111,-39.67768111,26.57244704,1,0,True,0.085233667,1000,
random,18,3,SA,-39.67768111,-39.67768111,26.57244704,1,0,True,0.100044708,1000,
random,18,3,Greedy,-39.67768111,-39.67768111,26.57244704,1,0,True,5.816599878e-05,3,
random,18,4,BruteForce,-37.80974974,-37.80974974,29.7668406,1,0,True,0.435841292,0,
random,18,4,SA_1,-37.80974974,-37.80974974,29.7668406,1,0,True,0.08079825,1000,
random,18,4,SA,-37.80974974,-37.80974974,29.7668406,1,0,True,0.092981042,1000,
random,18,4,Greedy,-37.80974974,-37.80974974,29.7668406,1,-1.879257971e-16,True,5.874999624e-05,3,
random,18,5,BruteForce,-13.33741043,-13.33741043,48.48687251,1,0,True,0.432792042,0,
random,18,5,SA_1,-13.33741043,-13.33741043,48.48687251,1,0,True,0.08356408399,1000,
random,18,5,SA,-13.33741043,-13.33741043,48.48687251,1,0,True,0.098778583,1000,
random,18,5,Greedy,-13.33741043,-13.33741043,48.48687251,1,1.33186037e-16,True,7.216599624e-05,4,
random,18,6,BruteForce,-44.87329743,-44.87329743,17.01878958,1,0,True,0.430334375,0,
random,18,6,SA_1,-44.87329743,-44.87329743,17.01878958,1,0,True,0.080973417,1000,
random,18,6,SA,-44.87329743,-44.87329743,17.01878958,1,0,True,0.092177125,1000,
random,18,6,Greedy,-41.77174518,-44.87329743,17.01878958,0.9498877417,0.06911799286,False,7.633399946e-05,4,
random,18,7,BruteForce,-38.22682219,-38.22682219,17.97083088,1,0,True,0.435004042,0,
random,18,7,SA_1,-38.22682219,-38.22682219,17.97083088,1,0,True,0.087425458,1000,
random,18,7,SA,-38.22682219,-38.22682219,17.97083088,1,0,True,0.105574292,1000,
random,18,7,Greedy,-36.606549,-38.22682219,17.97083088,0.9711683122,0.0423857673,False,7.454200386e-05,4,
random,18,8,BruteForce,-31.19012067,-31.19012067,34.38062058,1,0,True,0.432240917,0,
random,18,8,SA_1,-31.19012067,-31.19012067,34.38062058,1,0,True,0.08535275,1000,
random,18,8,SA,-31.19012067,-31.19012067,34.38062058,1,0,True,0.101128625,1000,
random,18,8,Greedy,-31.19012067,-31.19012067,34.38062058,1,-3.41715287e-16,True,9.395799862e-05,5,
random,18,9,BruteForce,-34.68737858,-34.68737858,30.73472564,1,0,True,0.434629583,0,
random,18,9,SA_1,-34.68737858,-34.68737858,30.73472564,1,0,True,0.083621791,1000,
random,18,9,SA,-34.68737858,-34.68737858,30.73472564,1,0,True,0.09727575001,1000,
random,18,9,Greedy,-31.26672158,-34.68737858,30.73472564,0.947714048,0.09861388039,False,5.908300227e-05,3,
random,20,0,BruteForce,-50.68884745,-50.68884745,27.77599479,1,0,True,1.805233084,0,
random,20,0,SA_1,-50.68884745,-50.68884745,27.77599479,1,0,True,0.094330959,1000,
random,20,0,SA,-50.68884745,-50.68884745,27.77599479,1,0,True,0.110860875,1000,
random,20,0,Greedy,-50.68884745,-50.68884745,27.77599479,1,0,True,6.683300307e-05,3,
random,20,1,BruteForce,-27.23287613,-27.23287613,49.88820753,1,0,True,1.802313333,0,
random,20,1,SA_1,-27.23287613,-27.23287613,49.88820753,1,0,True,0.096860625,1000,
random,20,1,SA,-27.23287613,-27.23287613,49.88820753,1,0,True,0.116758083,1000,
random,20,1,Greedy,-24.24695712,-27.23287613,49.88820753,0.9612827145,0.1096439097,False,8.404199616e-05,4,
random,20,2,BruteForce,-38.15647331,-38.15647331,23.37493006,1,0,True,1.797842708,0,
random,20,2,SA_1,-38.15647331,-38.15647331,23.37493006,1,0,True,0.095314041,1000,
random,20,2,SA,-38.15647331,-38.15647331,23.37493006,1,0,True,0.112147042,1000,
random,20,2,Greedy,-35.92430815,-38.15647331,23.37493006,0.9637231553,0.05850030074,False,8.250000246e-05,4,
random,20,3,BruteForce,-62.71795936,-62.71795936,30.53233194,1,0,True,1.800947291,0,
random,20,3,SA_1,-62.71795936,-62.71795936,30.53233194,1,0,True,0.091558917,1000,
random,20,3,SA,-62.71795936,-62.71795936,30.53233194,1,0,True,0.106822708,1000,
random,20,3,Greedy,-62.71795936,-62.71795936,30.53233194,1,-1.132917498e-16,True,6.816599489e-05,3,
random,20,4,BruteForce,-47.92007237,-47.92007237,32.44698327,1,0,True,1.786112958,0,
random,20,4,SA_1,-47.92007237,-47.92007237,32.44698327,1,0,True,0.092801917,1000,
random,20,4,SA,-47.92007237,-47.92007237,32.44698327,1,0,True,0.108244375,1000,
random,20,4,Greedy,-46.08221197,-47.92007237,32.44698327,0.9771316693,0.03835262169,False,6.633299927e-05,3,
random,20,5,BruteForce,-41.06340291,-41.06340291,28.73172991,1,0,True,1.792631583,0,
random,20,5,SA_1,-41.06340291,-41.06340291,28.73172991,1,0,True,0.094440791,1000,
random,20,5,SA,-41.06340291,-41.06340291,28.73172991,1,0,True,0.111630166,1000,
random,20,5,Greedy,-40.60101523,-41.06340291,28.73172991,0.9933750727,0.01126033523,False,8.112499927e-05,4,
random,20,6,BruteForce,-61.24044894,-61.24044894,30.79457145,1,0,True,1.807057333,0,
random,20,6,SA_1,-61.24044894,-61.24044894,30.79457145,1,0,True,0.092037541,1000,
random,20,6,SA,-61.24044894,-61.24044894,30.79457145,1,0,True,0.106792,1000,
random,20,6,Greedy,-61.24044894,-61.24044894,30.79457145,1,0,True,6.291599857e-05,3,
random,20,7,BruteForce,-44.35973354,-44.35973354,32.9833583,1,0,True,1.806333917,0,
random,20,7,SA_1,-44.35973354,-44.35973354,32.9833583,1,0,True,0.090979083,1000,
random,20,7,SA,-44.35973354,-44.35973354,32.9833583,1,0,True,0.1061055,1000,
random,20,7,Greedy,-44.35973354,-44.35973354,32.9833583,1,-1.60177413e-16,True,6.795799709e-05,3,
random,20,8,BruteForce,-47.2767102,-47.2767102,33.51268244,1,0,True,1.800168917,0,
random,20,8,SA_1,-47.2767102,-47.2767102,33.51268244,1,0,True,0.09469195901,1000,
random,20,8,SA,-47.2767102,-47.2767102,33.51268244,1,0,True,0.111429959,1000,
random,20,8,Greedy,-47.2767102,-47.2767102,33.51268244,1,1.502944542e-16,True,0.0001030829953,5,
random,20,9,BruteForce,-42.42996204,-42.42996204,38.99046213,1,0,True,1.8037365,0,
random,20,9,SA_1,-42.42996204,-42.42996204,38.99046213,1,0,True,0.094920167,1000,
random,20,9,SA,-42.42996204,-42.42996204,38.99046213,1,0,True,0.11084975,1000,
random,20,9,Greedy,-42.42996204,-42.42996204,38.99046213,1,1.674624962e-16,True,6.745800056e-05,3,
